{"type":"File","start":0,"end":1197,"loc":{"start":{"line":1,"column":0,"index":0},"end":{"line":50,"column":0,"index":1197}},"errors":[],"program":{"type":"Program","start":0,"end":1197,"loc":{"start":{"line":1,"column":0,"index":0},"end":{"line":50,"column":0,"index":1197}},"sourceType":"module","interpreter":{"type":"InterpreterDirective","start":0,"end":19,"loc":{"start":{"line":1,"column":0,"index":0},"end":{"line":1,"column":19,"index":19}},"value":"/usr/bin/env node","trailingComments":[{"type":"CommentLine","value":" const commander = require('commander'); // (normal include)","start":21,"end":83,"loc":{"start":{"line":3,"column":0,"index":21},"end":{"line":3,"column":62,"index":83}}}]},"body":[{"type":"VariableDeclaration","start":84,"end":117,"loc":{"start":{"line":4,"column":0,"index":84},"end":{"line":4,"column":33,"index":117}},"declarations":[{"type":"VariableDeclarator","start":90,"end":116,"loc":{"start":{"line":4,"column":6,"index":90},"end":{"line":4,"column":32,"index":116}},"id":{"type":"Identifier","start":90,"end":99,"loc":{"start":{"line":4,"column":6,"index":90},"end":{"line":4,"column":15,"index":99},"identifierName":"commander"},"name":"commander"},"init":{"type":"CallExpression","start":102,"end":116,"loc":{"start":{"line":4,"column":18,"index":102},"end":{"line":4,"column":32,"index":116}},"callee":{"type":"Identifier","start":102,"end":109,"loc":{"start":{"line":4,"column":18,"index":102},"end":{"line":4,"column":25,"index":109},"identifierName":"require"},"name":"require"},"arguments":[{"type":"StringLiteral","start":110,"end":115,"loc":{"start":{"line":4,"column":26,"index":110},"end":{"line":4,"column":31,"index":115}},"extra":{"rawValue":"../","raw":"'../'"},"value":"../"}]}}],"kind":"const","trailingComments":[{"type":"CommentLine","value":" include commander in git clone of commander repo","start":118,"end":169,"loc":{"start":{"line":4,"column":34,"index":118},"end":{"line":4,"column":85,"index":169}}}],"leadingComments":[{"type":"CommentLine","value":" const commander = require('commander'); // (normal include)","start":21,"end":83,"loc":{"start":{"line":3,"column":0,"index":21},"end":{"line":3,"column":62,"index":83}}}]},{"type":"VariableDeclaration","start":170,"end":210,"loc":{"start":{"line":5,"column":0,"index":170},"end":{"line":5,"column":40,"index":210}},"declarations":[{"type":"VariableDeclarator","start":176,"end":209,"loc":{"start":{"line":5,"column":6,"index":176},"end":{"line":5,"column":39,"index":209}},"id":{"type":"Identifier","start":176,"end":183,"loc":{"start":{"line":5,"column":6,"index":176},"end":{"line":5,"column":13,"index":183},"identifierName":"program"},"name":"program"},"init":{"type":"NewExpression","start":186,"end":209,"loc":{"start":{"line":5,"column":16,"index":186},"end":{"line":5,"column":39,"index":209}},"callee":{"type":"MemberExpression","start":190,"end":207,"loc":{"start":{"line":5,"column":20,"index":190},"end":{"line":5,"column":37,"index":207}},"object":{"type":"Identifier","start":190,"end":199,"loc":{"start":{"line":5,"column":20,"index":190},"end":{"line":5,"column":29,"index":199},"identifierName":"commander"},"name":"commander"},"computed":false,"property":{"type":"Identifier","start":200,"end":207,"loc":{"start":{"line":5,"column":30,"index":200},"end":{"line":5,"column":37,"index":207},"identifierName":"Command"},"name":"Command"}},"arguments":[]}}],"kind":"const","trailingComments":[{"type":"CommentLine","value":" Commander supports nested subcommands.","start":212,"end":253,"loc":{"start":{"line":7,"column":0,"index":212},"end":{"line":7,"column":41,"index":253}}},{"type":"CommentLine","value":" .command() can add a subcommand with an action handler or an executable.","start":254,"end":329,"loc":{"start":{"line":8,"column":0,"index":254},"end":{"line":8,"column":75,"index":329}}},{"type":"CommentLine","value":" .addCommand() adds a prepared command with an action handler.","start":330,"end":394,"loc":{"start":{"line":9,"column":0,"index":330},"end":{"line":9,"column":64,"index":394}}},{"type":"CommentLine","value":" Example output:","start":396,"end":414,"loc":{"start":{"line":11,"column":0,"index":396},"end":{"line":11,"column":18,"index":414}}},{"type":"CommentLine","value":"","start":415,"end":417,"loc":{"start":{"line":12,"column":0,"index":415},"end":{"line":12,"column":2,"index":417}}},{"type":"CommentLine","value":" $ node nestedCommands.js brew tea","start":418,"end":454,"loc":{"start":{"line":13,"column":0,"index":418},"end":{"line":13,"column":36,"index":454}}},{"type":"CommentLine","value":" brew tea","start":455,"end":466,"loc":{"start":{"line":14,"column":0,"index":455},"end":{"line":14,"column":11,"index":466}}},{"type":"CommentLine","value":" $ node nestedCommands.js heat jug","start":467,"end":503,"loc":{"start":{"line":15,"column":0,"index":467},"end":{"line":15,"column":36,"index":503}}},{"type":"CommentLine","value":" heat jug","start":504,"end":515,"loc":{"start":{"line":16,"column":0,"index":504},"end":{"line":16,"column":11,"index":515}}},{"type":"CommentLine","value":" Add nested commands using `.command()`.","start":517,"end":559,"loc":{"start":{"line":18,"column":0,"index":517},"end":{"line":18,"column":42,"index":559}}}],"leadingComments":[{"type":"CommentLine","value":" include commander in git clone of commander repo","start":118,"end":169,"loc":{"start":{"line":4,"column":34,"index":118},"end":{"line":4,"column":85,"index":169}}}]},{"type":"VariableDeclaration","start":560,"end":597,"loc":{"start":{"line":19,"column":0,"index":560},"end":{"line":19,"column":37,"index":597}},"declarations":[{"type":"VariableDeclarator","start":566,"end":596,"loc":{"start":{"line":19,"column":6,"index":566},"end":{"line":19,"column":36,"index":596}},"id":{"type":"Identifier","start":566,"end":570,"loc":{"start":{"line":19,"column":6,"index":566},"end":{"line":19,"column":10,"index":570},"identifierName":"brew"},"name":"brew"},"init":{"type":"CallExpression","start":573,"end":596,"loc":{"start":{"line":19,"column":13,"index":573},"end":{"line":19,"column":36,"index":596}},"callee":{"type":"MemberExpression","start":573,"end":588,"loc":{"start":{"line":19,"column":13,"index":573},"end":{"line":19,"column":28,"index":588}},"object":{"type":"Identifier","start":573,"end":580,"loc":{"start":{"line":19,"column":13,"index":573},"end":{"line":19,"column":20,"index":580},"identifierName":"program"},"name":"program"},"computed":false,"property":{"type":"Identifier","start":581,"end":588,"loc":{"start":{"line":19,"column":21,"index":581},"end":{"line":19,"column":28,"index":588},"identifierName":"command"},"name":"command"}},"arguments":[{"type":"StringLiteral","start":589,"end":595,"loc":{"start":{"line":19,"column":29,"index":589},"end":{"line":19,"column":35,"index":595}},"extra":{"rawValue":"brew","raw":"'brew'"},"value":"brew"}]}}],"kind":"const","leadingComments":[{"type":"CommentLine","value":" Commander supports nested subcommands.","start":212,"end":253,"loc":{"start":{"line":7,"column":0,"index":212},"end":{"line":7,"column":41,"index":253}}},{"type":"CommentLine","value":" .command() can add a subcommand with an action handler or an executable.","start":254,"end":329,"loc":{"start":{"line":8,"column":0,"index":254},"end":{"line":8,"column":75,"index":329}}},{"type":"CommentLine","value":" .addCommand() adds a prepared command with an action handler.","start":330,"end":394,"loc":{"start":{"line":9,"column":0,"index":330},"end":{"line":9,"column":64,"index":394}}},{"type":"CommentLine","value":" Example output:","start":396,"end":414,"loc":{"start":{"line":11,"column":0,"index":396},"end":{"line":11,"column":18,"index":414}}},{"type":"CommentLine","value":"","start":415,"end":417,"loc":{"start":{"line":12,"column":0,"index":415},"end":{"line":12,"column":2,"index":417}}},{"type":"CommentLine","value":" $ node nestedCommands.js brew tea","start":418,"end":454,"loc":{"start":{"line":13,"column":0,"index":418},"end":{"line":13,"column":36,"index":454}}},{"type":"CommentLine","value":" brew tea","start":455,"end":466,"loc":{"start":{"line":14,"column":0,"index":455},"end":{"line":14,"column":11,"index":466}}},{"type":"CommentLine","value":" $ node nestedCommands.js heat jug","start":467,"end":503,"loc":{"start":{"line":15,"column":0,"index":467},"end":{"line":15,"column":36,"index":503}}},{"type":"CommentLine","value":" heat jug","start":504,"end":515,"loc":{"start":{"line":16,"column":0,"index":504},"end":{"line":16,"column":11,"index":515}}},{"type":"CommentLine","value":" Add nested commands using `.command()`.","start":517,"end":559,"loc":{"start":{"line":18,"column":0,"index":517},"end":{"line":18,"column":42,"index":559}}}]},{"type":"ExpressionStatement","start":598,"end":673,"loc":{"start":{"line":20,"column":0,"index":598},"end":{"line":24,"column":5,"index":673}},"expression":{"type":"CallExpression","start":598,"end":672,"loc":{"start":{"line":20,"column":0,"index":598},"end":{"line":24,"column":4,"index":672}},"callee":{"type":"MemberExpression","start":598,"end":630,"loc":{"start":{"line":20,"column":0,"index":598},"end":{"line":22,"column":9,"index":630}},"object":{"type":"CallExpression","start":598,"end":620,"loc":{"start":{"line":20,"column":0,"index":598},"end":{"line":21,"column":17,"index":620}},"callee":{"type":"MemberExpression","start":598,"end":613,"loc":{"start":{"line":20,"column":0,"index":598},"end":{"line":21,"column":10,"index":613}},"object":{"type":"Identifier","start":598,"end":602,"loc":{"start":{"line":20,"column":0,"index":598},"end":{"line":20,"column":4,"index":602},"identifierName":"brew"},"name":"brew"},"computed":false,"property":{"type":"Identifier","start":606,"end":613,"loc":{"start":{"line":21,"column":3,"index":606},"end":{"line":21,"column":10,"index":613},"identifierName":"command"},"name":"command"}},"arguments":[{"type":"StringLiteral","start":614,"end":619,"loc":{"start":{"line":21,"column":11,"index":614},"end":{"line":21,"column":16,"index":619}},"extra":{"rawValue":"tea","raw":"'tea'"},"value":"tea"}]},"computed":false,"property":{"type":"Identifier","start":624,"end":630,"loc":{"start":{"line":22,"column":3,"index":624},"end":{"line":22,"column":9,"index":630},"identifierName":"action"},"name":"action"}},"arguments":[{"type":"ArrowFunctionExpression","start":631,"end":671,"loc":{"start":{"line":22,"column":10,"index":631},"end":{"line":24,"column":3,"index":671}},"id":null,"generator":false,"async":false,"params":[],"body":{"type":"BlockStatement","start":637,"end":671,"loc":{"start":{"line":22,"column":16,"index":637},"end":{"line":24,"column":3,"index":671}},"body":[{"type":"ExpressionStatement","start":643,"end":667,"loc":{"start":{"line":23,"column":4,"index":643},"end":{"line":23,"column":28,"index":667}},"expression":{"type":"CallExpression","start":643,"end":666,"loc":{"start":{"line":23,"column":4,"index":643},"end":{"line":23,"column":27,"index":666}},"callee":{"type":"MemberExpression","start":643,"end":654,"loc":{"start":{"line":23,"column":4,"index":643},"end":{"line":23,"column":15,"index":654}},"object":{"type":"Identifier","start":643,"end":650,"loc":{"start":{"line":23,"column":4,"index":643},"end":{"line":23,"column":11,"index":650},"identifierName":"console"},"name":"console"},"computed":false,"property":{"type":"Identifier","start":651,"end":654,"loc":{"start":{"line":23,"column":12,"index":651},"end":{"line":23,"column":15,"index":654},"identifierName":"log"},"name":"log"}},"arguments":[{"type":"StringLiteral","start":655,"end":665,"loc":{"start":{"line":23,"column":16,"index":655},"end":{"line":23,"column":26,"index":665}},"extra":{"rawValue":"brew tea","raw":"'brew tea'"},"value":"brew tea"}]}}],"directives":[]}}]}},{"type":"ExpressionStatement","start":674,"end":755,"loc":{"start":{"line":25,"column":0,"index":674},"end":{"line":29,"column":5,"index":755}},"expression":{"type":"CallExpression","start":674,"end":754,"loc":{"start":{"line":25,"column":0,"index":674},"end":{"line":29,"column":4,"index":754}},"callee":{"type":"MemberExpression","start":674,"end":709,"loc":{"start":{"line":25,"column":0,"index":674},"end":{"line":27,"column":9,"index":709}},"object":{"type":"CallExpression","start":674,"end":699,"loc":{"start":{"line":25,"column":0,"index":674},"end":{"line":26,"column":20,"index":699}},"callee":{"type":"MemberExpression","start":674,"end":689,"loc":{"start":{"line":25,"column":0,"index":674},"end":{"line":26,"column":10,"index":689}},"object":{"type":"Identifier","start":674,"end":678,"loc":{"start":{"line":25,"column":0,"index":674},"end":{"line":25,"column":4,"index":678},"identifierName":"brew"},"name":"brew"},"computed":false,"property":{"type":"Identifier","start":682,"end":689,"loc":{"start":{"line":26,"column":3,"index":682},"end":{"line":26,"column":10,"index":689},"identifierName":"command"},"name":"command"}},"arguments":[{"type":"StringLiteral","start":690,"end":698,"loc":{"start":{"line":26,"column":11,"index":690},"end":{"line":26,"column":19,"index":698}},"extra":{"rawValue":"coffee","raw":"'coffee'"},"value":"coffee"}]},"computed":false,"property":{"type":"Identifier","start":703,"end":709,"loc":{"start":{"line":27,"column":3,"index":703},"end":{"line":27,"column":9,"index":709},"identifierName":"action"},"name":"action"}},"arguments":[{"type":"ArrowFunctionExpression","start":710,"end":753,"loc":{"start":{"line":27,"column":10,"index":710},"end":{"line":29,"column":3,"index":753}},"id":null,"generator":false,"async":false,"params":[],"body":{"type":"BlockStatement","start":716,"end":753,"loc":{"start":{"line":27,"column":16,"index":716},"end":{"line":29,"column":3,"index":753}},"body":[{"type":"ExpressionStatement","start":722,"end":749,"loc":{"start":{"line":28,"column":4,"index":722},"end":{"line":28,"column":31,"index":749}},"expression":{"type":"CallExpression","start":722,"end":748,"loc":{"start":{"line":28,"column":4,"index":722},"end":{"line":28,"column":30,"index":748}},"callee":{"type":"MemberExpression","start":722,"end":733,"loc":{"start":{"line":28,"column":4,"index":722},"end":{"line":28,"column":15,"index":733}},"object":{"type":"Identifier","start":722,"end":729,"loc":{"start":{"line":28,"column":4,"index":722},"end":{"line":28,"column":11,"index":729},"identifierName":"console"},"name":"console"},"computed":false,"property":{"type":"Identifier","start":730,"end":733,"loc":{"start":{"line":28,"column":12,"index":730},"end":{"line":28,"column":15,"index":733},"identifierName":"log"},"name":"log"}},"arguments":[{"type":"StringLiteral","start":734,"end":747,"loc":{"start":{"line":28,"column":16,"index":734},"end":{"line":28,"column":29,"index":747}},"extra":{"rawValue":"brew coffee","raw":"'brew coffee'"},"value":"brew coffee"}]}}],"directives":[]}}]},"trailingComments":[{"type":"CommentLine","value":" Add nested commands using `.addCommand().","start":757,"end":801,"loc":{"start":{"line":31,"column":0,"index":757},"end":{"line":31,"column":44,"index":801}}},{"type":"CommentLine","value":" The command could be created separately in another module.","start":802,"end":863,"loc":{"start":{"line":32,"column":0,"index":802},"end":{"line":32,"column":61,"index":863}}}]},{"type":"FunctionDeclaration","start":864,"end":1127,"loc":{"start":{"line":33,"column":0,"index":864},"end":{"line":46,"column":1,"index":1127}},"id":{"type":"Identifier","start":873,"end":888,"loc":{"start":{"line":33,"column":9,"index":873},"end":{"line":33,"column":24,"index":888},"identifierName":"makeHeatCommand"},"name":"makeHeatCommand"},"generator":false,"async":false,"params":[],"body":{"type":"BlockStatement","start":891,"end":1127,"loc":{"start":{"line":33,"column":27,"index":891},"end":{"line":46,"column":1,"index":1127}},"body":[{"type":"VariableDeclaration","start":895,"end":938,"loc":{"start":{"line":34,"column":2,"index":895},"end":{"line":34,"column":45,"index":938}},"declarations":[{"type":"VariableDeclarator","start":901,"end":937,"loc":{"start":{"line":34,"column":8,"index":901},"end":{"line":34,"column":44,"index":937}},"id":{"type":"Identifier","start":901,"end":905,"loc":{"start":{"line":34,"column":8,"index":901},"end":{"line":34,"column":12,"index":905},"identifierName":"heat"},"name":"heat"},"init":{"type":"NewExpression","start":908,"end":937,"loc":{"start":{"line":34,"column":15,"index":908},"end":{"line":34,"column":44,"index":937}},"callee":{"type":"MemberExpression","start":912,"end":929,"loc":{"start":{"line":34,"column":19,"index":912},"end":{"line":34,"column":36,"index":929}},"object":{"type":"Identifier","start":912,"end":921,"loc":{"start":{"line":34,"column":19,"index":912},"end":{"line":34,"column":28,"index":921},"identifierName":"commander"},"name":"commander"},"computed":false,"property":{"type":"Identifier","start":922,"end":929,"loc":{"start":{"line":34,"column":29,"index":922},"end":{"line":34,"column":36,"index":929},"identifierName":"Command"},"name":"Command"}},"arguments":[{"type":"StringLiteral","start":930,"end":936,"loc":{"start":{"line":34,"column":37,"index":930},"end":{"line":34,"column":43,"index":936}},"extra":{"rawValue":"heat","raw":"'heat'"},"value":"heat"}]}}],"kind":"const"},{"type":"ExpressionStatement","start":941,"end":1024,"loc":{"start":{"line":35,"column":2,"index":941},"end":{"line":39,"column":7,"index":1024}},"expression":{"type":"CallExpression","start":941,"end":1023,"loc":{"start":{"line":35,"column":2,"index":941},"end":{"line":39,"column":6,"index":1023}},"callee":{"type":"MemberExpression","start":941,"end":977,"loc":{"start":{"line":35,"column":2,"index":941},"end":{"line":37,"column":11,"index":977}},"object":{"type":"CallExpression","start":941,"end":965,"loc":{"start":{"line":35,"column":2,"index":941},"end":{"line":36,"column":19,"index":965}},"callee":{"type":"MemberExpression","start":941,"end":958,"loc":{"start":{"line":35,"column":2,"index":941},"end":{"line":36,"column":12,"index":958}},"object":{"type":"Identifier","start":941,"end":945,"loc":{"start":{"line":35,"column":2,"index":941},"end":{"line":35,"column":6,"index":945},"identifierName":"heat"},"name":"heat"},"computed":false,"property":{"type":"Identifier","start":951,"end":958,"loc":{"start":{"line":36,"column":5,"index":951},"end":{"line":36,"column":12,"index":958},"identifierName":"command"},"name":"command"}},"arguments":[{"type":"StringLiteral","start":959,"end":964,"loc":{"start":{"line":36,"column":13,"index":959},"end":{"line":36,"column":18,"index":964}},"extra":{"rawValue":"jug","raw":"'jug'"},"value":"jug"}]},"computed":false,"property":{"type":"Identifier","start":971,"end":977,"loc":{"start":{"line":37,"column":5,"index":971},"end":{"line":37,"column":11,"index":977},"identifierName":"action"},"name":"action"}},"arguments":[{"type":"ArrowFunctionExpression","start":978,"end":1022,"loc":{"start":{"line":37,"column":12,"index":978},"end":{"line":39,"column":5,"index":1022}},"id":null,"generator":false,"async":false,"params":[],"body":{"type":"BlockStatement","start":984,"end":1022,"loc":{"start":{"line":37,"column":18,"index":984},"end":{"line":39,"column":5,"index":1022}},"body":[{"type":"ExpressionStatement","start":992,"end":1016,"loc":{"start":{"line":38,"column":6,"index":992},"end":{"line":38,"column":30,"index":1016}},"expression":{"type":"CallExpression","start":992,"end":1015,"loc":{"start":{"line":38,"column":6,"index":992},"end":{"line":38,"column":29,"index":1015}},"callee":{"type":"MemberExpression","start":992,"end":1003,"loc":{"start":{"line":38,"column":6,"index":992},"end":{"line":38,"column":17,"index":1003}},"object":{"type":"Identifier","start":992,"end":999,"loc":{"start":{"line":38,"column":6,"index":992},"end":{"line":38,"column":13,"index":999},"identifierName":"console"},"name":"console"},"computed":false,"property":{"type":"Identifier","start":1000,"end":1003,"loc":{"start":{"line":38,"column":14,"index":1000},"end":{"line":38,"column":17,"index":1003},"identifierName":"log"},"name":"log"}},"arguments":[{"type":"StringLiteral","start":1004,"end":1014,"loc":{"start":{"line":38,"column":18,"index":1004},"end":{"line":38,"column":28,"index":1014}},"extra":{"rawValue":"heat jug","raw":"'heat jug'"},"value":"heat jug"}]}}],"directives":[]}}]}},{"type":"ExpressionStatement","start":1027,"end":1110,"loc":{"start":{"line":40,"column":2,"index":1027},"end":{"line":44,"column":7,"index":1110}},"expression":{"type":"CallExpression","start":1027,"end":1109,"loc":{"start":{"line":40,"column":2,"index":1027},"end":{"line":44,"column":6,"index":1109}},"callee":{"type":"MemberExpression","start":1027,"end":1063,"loc":{"start":{"line":40,"column":2,"index":1027},"end":{"line":42,"column":11,"index":1063}},"object":{"type":"CallExpression","start":1027,"end":1051,"loc":{"start":{"line":40,"column":2,"index":1027},"end":{"line":41,"column":19,"index":1051}},"callee":{"type":"MemberExpression","start":1027,"end":1044,"loc":{"start":{"line":40,"column":2,"index":1027},"end":{"line":41,"column":12,"index":1044}},"object":{"type":"Identifier","start":1027,"end":1031,"loc":{"start":{"line":40,"column":2,"index":1027},"end":{"line":40,"column":6,"index":1031},"identifierName":"heat"},"name":"heat"},"computed":false,"property":{"type":"Identifier","start":1037,"end":1044,"loc":{"start":{"line":41,"column":5,"index":1037},"end":{"line":41,"column":12,"index":1044},"identifierName":"command"},"name":"command"}},"arguments":[{"type":"StringLiteral","start":1045,"end":1050,"loc":{"start":{"line":41,"column":13,"index":1045},"end":{"line":41,"column":18,"index":1050}},"extra":{"rawValue":"pot","raw":"'pot'"},"value":"pot"}]},"computed":false,"property":{"type":"Identifier","start":1057,"end":1063,"loc":{"start":{"line":42,"column":5,"index":1057},"end":{"line":42,"column":11,"index":1063},"identifierName":"action"},"name":"action"}},"arguments":[{"type":"ArrowFunctionExpression","start":1064,"end":1108,"loc":{"start":{"line":42,"column":12,"index":1064},"end":{"line":44,"column":5,"index":1108}},"id":null,"generator":false,"async":false,"params":[],"body":{"type":"BlockStatement","start":1070,"end":1108,"loc":{"start":{"line":42,"column":18,"index":1070},"end":{"line":44,"column":5,"index":1108}},"body":[{"type":"ExpressionStatement","start":1078,"end":1102,"loc":{"start":{"line":43,"column":6,"index":1078},"end":{"line":43,"column":30,"index":1102}},"expression":{"type":"CallExpression","start":1078,"end":1101,"loc":{"start":{"line":43,"column":6,"index":1078},"end":{"line":43,"column":29,"index":1101}},"callee":{"type":"MemberExpression","start":1078,"end":1089,"loc":{"start":{"line":43,"column":6,"index":1078},"end":{"line":43,"column":17,"index":1089}},"object":{"type":"Identifier","start":1078,"end":1085,"loc":{"start":{"line":43,"column":6,"index":1078},"end":{"line":43,"column":13,"index":1085},"identifierName":"console"},"name":"console"},"computed":false,"property":{"type":"Identifier","start":1086,"end":1089,"loc":{"start":{"line":43,"column":14,"index":1086},"end":{"line":43,"column":17,"index":1089},"identifierName":"log"},"name":"log"}},"arguments":[{"type":"StringLiteral","start":1090,"end":1100,"loc":{"start":{"line":43,"column":18,"index":1090},"end":{"line":43,"column":28,"index":1100}},"extra":{"rawValue":"heat pot","raw":"'heat pot'"},"value":"heat pot"}]}}],"directives":[]}}]}},{"type":"ReturnStatement","start":1113,"end":1125,"loc":{"start":{"line":45,"column":2,"index":1113},"end":{"line":45,"column":14,"index":1125}},"argument":{"type":"Identifier","start":1120,"end":1124,"loc":{"start":{"line":45,"column":9,"index":1120},"end":{"line":45,"column":13,"index":1124},"identifierName":"heat"},"name":"heat"}}],"directives":[]},"leadingComments":[{"type":"CommentLine","value":" Add nested commands using `.addCommand().","start":757,"end":801,"loc":{"start":{"line":31,"column":0,"index":757},"end":{"line":31,"column":44,"index":801}}},{"type":"CommentLine","value":" The command could be created separately in another module.","start":802,"end":863,"loc":{"start":{"line":32,"column":0,"index":802},"end":{"line":32,"column":61,"index":863}}}]},{"type":"ExpressionStatement","start":1128,"end":1166,"loc":{"start":{"line":47,"column":0,"index":1128},"end":{"line":47,"column":38,"index":1166}},"expression":{"type":"CallExpression","start":1128,"end":1165,"loc":{"start":{"line":47,"column":0,"index":1128},"end":{"line":47,"column":37,"index":1165}},"callee":{"type":"MemberExpression","start":1128,"end":1146,"loc":{"start":{"line":47,"column":0,"index":1128},"end":{"line":47,"column":18,"index":1146}},"object":{"type":"Identifier","start":1128,"end":1135,"loc":{"start":{"line":47,"column":0,"index":1128},"end":{"line":47,"column":7,"index":1135},"identifierName":"program"},"name":"program"},"computed":false,"property":{"type":"Identifier","start":1136,"end":1146,"loc":{"start":{"line":47,"column":8,"index":1136},"end":{"line":47,"column":18,"index":1146},"identifierName":"addCommand"},"name":"addCommand"}},"arguments":[{"type":"CallExpression","start":1147,"end":1164,"loc":{"start":{"line":47,"column":19,"index":1147},"end":{"line":47,"column":36,"index":1164}},"callee":{"type":"Identifier","start":1147,"end":1162,"loc":{"start":{"line":47,"column":19,"index":1147},"end":{"line":47,"column":34,"index":1162},"identifierName":"makeHeatCommand"},"name":"makeHeatCommand"},"arguments":[]}]}},{"type":"ExpressionStatement","start":1168,"end":1196,"loc":{"start":{"line":49,"column":0,"index":1168},"end":{"line":49,"column":28,"index":1196}},"expression":{"type":"CallExpression","start":1168,"end":1195,"loc":{"start":{"line":49,"column":0,"index":1168},"end":{"line":49,"column":27,"index":1195}},"callee":{"type":"MemberExpression","start":1168,"end":1181,"loc":{"start":{"line":49,"column":0,"index":1168},"end":{"line":49,"column":13,"index":1181}},"object":{"type":"Identifier","start":1168,"end":1175,"loc":{"start":{"line":49,"column":0,"index":1168},"end":{"line":49,"column":7,"index":1175},"identifierName":"program"},"name":"program"},"computed":false,"property":{"type":"Identifier","start":1176,"end":1181,"loc":{"start":{"line":49,"column":8,"index":1176},"end":{"line":49,"column":13,"index":1181},"identifierName":"parse"},"name":"parse"}},"arguments":[{"type":"MemberExpression","start":1182,"end":1194,"loc":{"start":{"line":49,"column":14,"index":1182},"end":{"line":49,"column":26,"index":1194}},"object":{"type":"Identifier","start":1182,"end":1189,"loc":{"start":{"line":49,"column":14,"index":1182},"end":{"line":49,"column":21,"index":1189},"identifierName":"process"},"name":"process"},"computed":false,"property":{"type":"Identifier","start":1190,"end":1194,"loc":{"start":{"line":49,"column":22,"index":1190},"end":{"line":49,"column":26,"index":1194},"identifierName":"argv"},"name":"argv"}}]}}],"directives":[]},"comments":[{"type":"CommentLine","value":" const commander = require('commander'); // (normal include)","start":21,"end":83,"loc":{"start":{"line":3,"column":0,"index":21},"end":{"line":3,"column":62,"index":83}}},{"type":"CommentLine","value":" include commander in git clone of commander repo","start":118,"end":169,"loc":{"start":{"line":4,"column":34,"index":118},"end":{"line":4,"column":85,"index":169}}},{"type":"CommentLine","value":" Commander supports nested subcommands.","start":212,"end":253,"loc":{"start":{"line":7,"column":0,"index":212},"end":{"line":7,"column":41,"index":253}}},{"type":"CommentLine","value":" .command() can add a subcommand with an action handler or an executable.","start":254,"end":329,"loc":{"start":{"line":8,"column":0,"index":254},"end":{"line":8,"column":75,"index":329}}},{"type":"CommentLine","value":" .addCommand() adds a prepared command with an action handler.","start":330,"end":394,"loc":{"start":{"line":9,"column":0,"index":330},"end":{"line":9,"column":64,"index":394}}},{"type":"CommentLine","value":" Example output:","start":396,"end":414,"loc":{"start":{"line":11,"column":0,"index":396},"end":{"line":11,"column":18,"index":414}}},{"type":"CommentLine","value":"","start":415,"end":417,"loc":{"start":{"line":12,"column":0,"index":415},"end":{"line":12,"column":2,"index":417}}},{"type":"CommentLine","value":" $ node nestedCommands.js brew tea","start":418,"end":454,"loc":{"start":{"line":13,"column":0,"index":418},"end":{"line":13,"column":36,"index":454}}},{"type":"CommentLine","value":" brew tea","start":455,"end":466,"loc":{"start":{"line":14,"column":0,"index":455},"end":{"line":14,"column":11,"index":466}}},{"type":"CommentLine","value":" $ node nestedCommands.js heat jug","start":467,"end":503,"loc":{"start":{"line":15,"column":0,"index":467},"end":{"line":15,"column":36,"index":503}}},{"type":"CommentLine","value":" heat jug","start":504,"end":515,"loc":{"start":{"line":16,"column":0,"index":504},"end":{"line":16,"column":11,"index":515}}},{"type":"CommentLine","value":" Add nested commands using `.command()`.","start":517,"end":559,"loc":{"start":{"line":18,"column":0,"index":517},"end":{"line":18,"column":42,"index":559}}},{"type":"CommentLine","value":" Add nested commands using `.addCommand().","start":757,"end":801,"loc":{"start":{"line":31,"column":0,"index":757},"end":{"line":31,"column":44,"index":801}}},{"type":"CommentLine","value":" The command could be created separately in another module.","start":802,"end":863,"loc":{"start":{"line":32,"column":0,"index":802},"end":{"line":32,"column":61,"index":863}}}]}