{"type":"File","start":0,"end":765,"loc":{"start":{"line":1,"column":0,"index":0},"end":{"line":27,"column":0,"index":765}},"errors":[],"program":{"type":"Program","start":0,"end":765,"loc":{"start":{"line":1,"column":0,"index":0},"end":{"line":27,"column":0,"index":765}},"sourceType":"module","interpreter":{"type":"InterpreterDirective","start":0,"end":19,"loc":{"start":{"line":1,"column":0,"index":0},"end":{"line":1,"column":19,"index":19}},"value":"/usr/bin/env node","trailingComments":[{"type":"CommentLine","value":" This example shows specifying the arguments for the program to pass to the action handler.","start":21,"end":114,"loc":{"start":{"line":3,"column":0,"index":21},"end":{"line":3,"column":93,"index":114}}},{"type":"CommentLine","value":" const { Command } = require('commander'); // (normal include)","start":116,"end":180,"loc":{"start":{"line":5,"column":0,"index":116},"end":{"line":5,"column":64,"index":180}}}]},"body":[{"type":"VariableDeclaration","start":181,"end":216,"loc":{"start":{"line":6,"column":0,"index":181},"end":{"line":6,"column":35,"index":216}},"declarations":[{"type":"VariableDeclarator","start":187,"end":215,"loc":{"start":{"line":6,"column":6,"index":187},"end":{"line":6,"column":34,"index":215}},"id":{"type":"ObjectPattern","start":187,"end":198,"loc":{"start":{"line":6,"column":6,"index":187},"end":{"line":6,"column":17,"index":198}},"properties":[{"type":"ObjectProperty","start":189,"end":196,"loc":{"start":{"line":6,"column":8,"index":189},"end":{"line":6,"column":15,"index":196}},"key":{"type":"Identifier","start":189,"end":196,"loc":{"start":{"line":6,"column":8,"index":189},"end":{"line":6,"column":15,"index":196},"identifierName":"Command"},"name":"Command"},"computed":false,"method":false,"shorthand":true,"value":{"type":"Identifier","start":189,"end":196,"loc":{"start":{"line":6,"column":8,"index":189},"end":{"line":6,"column":15,"index":196},"identifierName":"Command"},"name":"Command"},"extra":{"shorthand":true}}]},"init":{"type":"CallExpression","start":201,"end":215,"loc":{"start":{"line":6,"column":20,"index":201},"end":{"line":6,"column":34,"index":215}},"callee":{"type":"Identifier","start":201,"end":208,"loc":{"start":{"line":6,"column":20,"index":201},"end":{"line":6,"column":27,"index":208},"identifierName":"require"},"name":"require"},"arguments":[{"type":"StringLiteral","start":209,"end":214,"loc":{"start":{"line":6,"column":28,"index":209},"end":{"line":6,"column":33,"index":214}},"extra":{"rawValue":"../","raw":"'../'"},"value":"../"}]}}],"kind":"const","trailingComments":[{"type":"CommentLine","value":" include commander in git clone of commander repo","start":217,"end":268,"loc":{"start":{"line":6,"column":36,"index":217},"end":{"line":6,"column":87,"index":268}}}],"leadingComments":[{"type":"CommentLine","value":" This example shows specifying the arguments for the program to pass to the action handler.","start":21,"end":114,"loc":{"start":{"line":3,"column":0,"index":21},"end":{"line":3,"column":93,"index":114}}},{"type":"CommentLine","value":" const { Command } = require('commander'); // (normal include)","start":116,"end":180,"loc":{"start":{"line":5,"column":0,"index":116},"end":{"line":5,"column":64,"index":180}}}]},{"type":"VariableDeclaration","start":269,"end":299,"loc":{"start":{"line":7,"column":0,"index":269},"end":{"line":7,"column":30,"index":299}},"declarations":[{"type":"VariableDeclarator","start":275,"end":298,"loc":{"start":{"line":7,"column":6,"index":275},"end":{"line":7,"column":29,"index":298}},"id":{"type":"Identifier","start":275,"end":282,"loc":{"start":{"line":7,"column":6,"index":275},"end":{"line":7,"column":13,"index":282},"identifierName":"program"},"name":"program"},"init":{"type":"NewExpression","start":285,"end":298,"loc":{"start":{"line":7,"column":16,"index":285},"end":{"line":7,"column":29,"index":298}},"callee":{"type":"Identifier","start":289,"end":296,"loc":{"start":{"line":7,"column":20,"index":289},"end":{"line":7,"column":27,"index":296},"identifierName":"Command"},"name":"Command"},"arguments":[]}}],"kind":"const","leadingComments":[{"type":"CommentLine","value":" include commander in git clone of commander repo","start":217,"end":268,"loc":{"start":{"line":6,"column":36,"index":217},"end":{"line":6,"column":87,"index":268}}}]},{"type":"ExpressionStatement","start":301,"end":627,"loc":{"start":{"line":9,"column":0,"index":301},"end":{"line":19,"column":5,"index":627}},"expression":{"type":"CallExpression","start":301,"end":626,"loc":{"start":{"line":9,"column":0,"index":301},"end":{"line":19,"column":4,"index":626}},"callee":{"type":"MemberExpression","start":301,"end":492,"loc":{"start":{"line":9,"column":0,"index":301},"end":{"line":16,"column":9,"index":492}},"object":{"type":"CallExpression","start":301,"end":482,"loc":{"start":{"line":9,"column":0,"index":301},"end":{"line":15,"column":4,"index":482}},"callee":{"type":"MemberExpression","start":301,"end":381,"loc":{"start":{"line":9,"column":0,"index":301},"end":{"line":12,"column":14,"index":381}},"object":{"type":"CallExpression","start":301,"end":366,"loc":{"start":{"line":9,"column":0,"index":301},"end":{"line":11,"column":37,"index":366}},"callee":{"type":"MemberExpression","start":301,"end":341,"loc":{"start":{"line":9,"column":0,"index":301},"end":{"line":11,"column":12,"index":341}},"object":{"type":"CallExpression","start":301,"end":328,"loc":{"start":{"line":9,"column":0,"index":301},"end":{"line":10,"column":19,"index":328}},"callee":{"type":"MemberExpression","start":301,"end":319,"loc":{"start":{"line":9,"column":0,"index":301},"end":{"line":10,"column":10,"index":319}},"object":{"type":"Identifier","start":301,"end":308,"loc":{"start":{"line":9,"column":0,"index":301},"end":{"line":9,"column":7,"index":308},"identifierName":"program"},"name":"program"},"computed":false,"property":{"type":"Identifier","start":312,"end":319,"loc":{"start":{"line":10,"column":3,"index":312},"end":{"line":10,"column":10,"index":319},"identifierName":"version"},"name":"version"}},"arguments":[{"type":"StringLiteral","start":320,"end":327,"loc":{"start":{"line":10,"column":11,"index":320},"end":{"line":10,"column":18,"index":327}},"extra":{"rawValue":"0.1.0","raw":"'0.1.0'"},"value":"0.1.0"}]},"computed":false,"property":{"type":"Identifier","start":332,"end":341,"loc":{"start":{"line":11,"column":3,"index":332},"end":{"line":11,"column":12,"index":341},"identifierName":"arguments"},"name":"arguments"}},"arguments":[{"type":"StringLiteral","start":342,"end":365,"loc":{"start":{"line":11,"column":13,"index":342},"end":{"line":11,"column":36,"index":365}},"extra":{"rawValue":"<username> [password]","raw":"'<username> [password]'"},"value":"<username> [password]"}]},"computed":false,"property":{"type":"Identifier","start":370,"end":381,"loc":{"start":{"line":12,"column":3,"index":370},"end":{"line":12,"column":14,"index":381},"identifierName":"description"},"name":"description"}},"arguments":[{"type":"StringLiteral","start":382,"end":396,"loc":{"start":{"line":12,"column":15,"index":382},"end":{"line":12,"column":29,"index":396}},"extra":{"rawValue":"test command","raw":"'test command'"},"value":"test command"},{"type":"ObjectExpression","start":398,"end":481,"loc":{"start":{"line":12,"column":31,"index":398},"end":{"line":15,"column":3,"index":481}},"properties":[{"type":"ObjectProperty","start":404,"end":429,"loc":{"start":{"line":13,"column":4,"index":404},"end":{"line":13,"column":29,"index":429}},"method":false,"key":{"type":"Identifier","start":404,"end":412,"loc":{"start":{"line":13,"column":4,"index":404},"end":{"line":13,"column":12,"index":412},"identifierName":"username"},"name":"username"},"computed":false,"shorthand":false,"value":{"type":"StringLiteral","start":414,"end":429,"loc":{"start":{"line":13,"column":14,"index":414},"end":{"line":13,"column":29,"index":429}},"extra":{"rawValue":"user to login","raw":"'user to login'"},"value":"user to login"}},{"type":"ObjectProperty","start":435,"end":477,"loc":{"start":{"line":14,"column":4,"index":435},"end":{"line":14,"column":46,"index":477}},"method":false,"key":{"type":"Identifier","start":435,"end":443,"loc":{"start":{"line":14,"column":4,"index":435},"end":{"line":14,"column":12,"index":443},"identifierName":"password"},"name":"password"},"computed":false,"shorthand":false,"value":{"type":"StringLiteral","start":445,"end":477,"loc":{"start":{"line":14,"column":14,"index":445},"end":{"line":14,"column":46,"index":477}},"extra":{"rawValue":"password for user, if required","raw":"'password for user, if required'"},"value":"password for user, if required"}}]}]},"computed":false,"property":{"type":"Identifier","start":486,"end":492,"loc":{"start":{"line":16,"column":3,"index":486},"end":{"line":16,"column":9,"index":492},"identifierName":"action"},"name":"action"}},"arguments":[{"type":"ArrowFunctionExpression","start":493,"end":625,"loc":{"start":{"line":16,"column":10,"index":493},"end":{"line":19,"column":3,"index":625}},"id":null,"generator":false,"async":false,"params":[{"type":"Identifier","start":494,"end":502,"loc":{"start":{"line":16,"column":11,"index":494},"end":{"line":16,"column":19,"index":502},"identifierName":"username"},"name":"username"},{"type":"Identifier","start":504,"end":512,"loc":{"start":{"line":16,"column":21,"index":504},"end":{"line":16,"column":29,"index":512},"identifierName":"password"},"name":"password"}],"body":{"type":"BlockStatement","start":517,"end":625,"loc":{"start":{"line":16,"column":34,"index":517},"end":{"line":19,"column":3,"index":625}},"body":[{"type":"ExpressionStatement","start":523,"end":558,"loc":{"start":{"line":17,"column":4,"index":523},"end":{"line":17,"column":39,"index":558}},"expression":{"type":"CallExpression","start":523,"end":557,"loc":{"start":{"line":17,"column":4,"index":523},"end":{"line":17,"column":38,"index":557}},"callee":{"type":"MemberExpression","start":523,"end":534,"loc":{"start":{"line":17,"column":4,"index":523},"end":{"line":17,"column":15,"index":534}},"object":{"type":"Identifier","start":523,"end":530,"loc":{"start":{"line":17,"column":4,"index":523},"end":{"line":17,"column":11,"index":530},"identifierName":"console"},"name":"console"},"computed":false,"property":{"type":"Identifier","start":531,"end":534,"loc":{"start":{"line":17,"column":12,"index":531},"end":{"line":17,"column":15,"index":534},"identifierName":"log"},"name":"log"}},"arguments":[{"type":"StringLiteral","start":535,"end":546,"loc":{"start":{"line":17,"column":16,"index":535},"end":{"line":17,"column":27,"index":546}},"extra":{"rawValue":"username:","raw":"'username:'"},"value":"username:"},{"type":"Identifier","start":548,"end":556,"loc":{"start":{"line":17,"column":29,"index":548},"end":{"line":17,"column":37,"index":556},"identifierName":"username"},"name":"username"}]}},{"type":"ExpressionStatement","start":563,"end":621,"loc":{"start":{"line":18,"column":4,"index":563},"end":{"line":18,"column":62,"index":621}},"expression":{"type":"CallExpression","start":563,"end":620,"loc":{"start":{"line":18,"column":4,"index":563},"end":{"line":18,"column":61,"index":620}},"callee":{"type":"MemberExpression","start":563,"end":574,"loc":{"start":{"line":18,"column":4,"index":563},"end":{"line":18,"column":15,"index":574}},"object":{"type":"Identifier","start":563,"end":570,"loc":{"start":{"line":18,"column":4,"index":563},"end":{"line":18,"column":11,"index":570},"identifierName":"console"},"name":"console"},"computed":false,"property":{"type":"Identifier","start":571,"end":574,"loc":{"start":{"line":18,"column":12,"index":571},"end":{"line":18,"column":15,"index":574},"identifierName":"log"},"name":"log"}},"arguments":[{"type":"StringLiteral","start":575,"end":586,"loc":{"start":{"line":18,"column":16,"index":575},"end":{"line":18,"column":27,"index":586}},"extra":{"rawValue":"password:","raw":"'password:'"},"value":"password:"},{"type":"LogicalExpression","start":588,"end":619,"loc":{"start":{"line":18,"column":29,"index":588},"end":{"line":18,"column":60,"index":619}},"left":{"type":"Identifier","start":588,"end":596,"loc":{"start":{"line":18,"column":29,"index":588},"end":{"line":18,"column":37,"index":596},"identifierName":"password"},"name":"password"},"operator":"||","right":{"type":"StringLiteral","start":600,"end":619,"loc":{"start":{"line":18,"column":41,"index":600},"end":{"line":18,"column":60,"index":619}},"extra":{"rawValue":"no password given","raw":"'no password given'"},"value":"no password given"}}]}}],"directives":[]}}]}},{"type":"ExpressionStatement","start":629,"end":645,"loc":{"start":{"line":21,"column":0,"index":629},"end":{"line":21,"column":16,"index":645}},"expression":{"type":"CallExpression","start":629,"end":644,"loc":{"start":{"line":21,"column":0,"index":629},"end":{"line":21,"column":15,"index":644}},"callee":{"type":"MemberExpression","start":629,"end":642,"loc":{"start":{"line":21,"column":0,"index":629},"end":{"line":21,"column":13,"index":642}},"object":{"type":"Identifier","start":629,"end":636,"loc":{"start":{"line":21,"column":0,"index":629},"end":{"line":21,"column":7,"index":636},"identifierName":"program"},"name":"program"},"computed":false,"property":{"type":"Identifier","start":637,"end":642,"loc":{"start":{"line":21,"column":8,"index":637},"end":{"line":21,"column":13,"index":642},"identifierName":"parse"},"name":"parse"}},"arguments":[]},"trailingComments":[{"type":"CommentLine","value":" Try the following:","start":647,"end":668,"loc":{"start":{"line":23,"column":0,"index":647},"end":{"line":23,"column":21,"index":668}}},{"type":"CommentLine","value":"    node arguments.js --help","start":669,"end":699,"loc":{"start":{"line":24,"column":0,"index":669},"end":{"line":24,"column":30,"index":699}}},{"type":"CommentLine","value":"    node arguments.js user","start":700,"end":728,"loc":{"start":{"line":25,"column":0,"index":700},"end":{"line":25,"column":28,"index":728}}},{"type":"CommentLine","value":"    node arguments.js user secret","start":729,"end":764,"loc":{"start":{"line":26,"column":0,"index":729},"end":{"line":26,"column":35,"index":764}}}]}],"directives":[]},"comments":[{"type":"CommentLine","value":" This example shows specifying the arguments for the program to pass to the action handler.","start":21,"end":114,"loc":{"start":{"line":3,"column":0,"index":21},"end":{"line":3,"column":93,"index":114}}},{"type":"CommentLine","value":" const { Command } = require('commander'); // (normal include)","start":116,"end":180,"loc":{"start":{"line":5,"column":0,"index":116},"end":{"line":5,"column":64,"index":180}}},{"type":"CommentLine","value":" include commander in git clone of commander repo","start":217,"end":268,"loc":{"start":{"line":6,"column":36,"index":217},"end":{"line":6,"column":87,"index":268}}},{"type":"CommentLine","value":" Try the following:","start":647,"end":668,"loc":{"start":{"line":23,"column":0,"index":647},"end":{"line":23,"column":21,"index":668}}},{"type":"CommentLine","value":"    node arguments.js --help","start":669,"end":699,"loc":{"start":{"line":24,"column":0,"index":669},"end":{"line":24,"column":30,"index":699}}},{"type":"CommentLine","value":"    node arguments.js user","start":700,"end":728,"loc":{"start":{"line":25,"column":0,"index":700},"end":{"line":25,"column":28,"index":728}}},{"type":"CommentLine","value":"    node arguments.js user secret","start":729,"end":764,"loc":{"start":{"line":26,"column":0,"index":729},"end":{"line":26,"column":35,"index":764}}}]}