{"type":"File","start":0,"end":3164,"loc":{"start":{"line":1,"column":0,"index":0},"end":{"line":148,"column":0,"index":3164}},"errors":[],"program":{"type":"Program","start":0,"end":3164,"loc":{"start":{"line":1,"column":0,"index":0},"end":{"line":148,"column":0,"index":3164}},"sourceType":"module","interpreter":null,"body":[{"type":"VariableDeclaration","start":0,"end":55,"loc":{"start":{"line":1,"column":0,"index":0},"end":{"line":1,"column":55,"index":55}},"declarations":[{"type":"VariableDeclarator","start":6,"end":54,"loc":{"start":{"line":1,"column":6,"index":6},"end":{"line":1,"column":54,"index":54}},"id":{"type":"ObjectPattern","start":6,"end":30,"loc":{"start":{"line":1,"column":6,"index":6},"end":{"line":1,"column":30,"index":30}},"properties":[{"type":"ObjectProperty","start":8,"end":28,"loc":{"start":{"line":1,"column":8,"index":8},"end":{"line":1,"column":28,"index":28}},"key":{"type":"Identifier","start":8,"end":28,"loc":{"start":{"line":1,"column":8,"index":8},"end":{"line":1,"column":28,"index":28},"identifierName":"InvalidArgumentError"},"name":"InvalidArgumentError"},"computed":false,"method":false,"shorthand":true,"value":{"type":"Identifier","start":8,"end":28,"loc":{"start":{"line":1,"column":8,"index":8},"end":{"line":1,"column":28,"index":28},"identifierName":"InvalidArgumentError"},"name":"InvalidArgumentError"},"extra":{"shorthand":true}}]},"init":{"type":"CallExpression","start":33,"end":54,"loc":{"start":{"line":1,"column":33,"index":33},"end":{"line":1,"column":54,"index":54}},"callee":{"type":"Identifier","start":33,"end":40,"loc":{"start":{"line":1,"column":33,"index":33},"end":{"line":1,"column":40,"index":40},"identifierName":"require"},"name":"require"},"arguments":[{"type":"StringLiteral","start":41,"end":53,"loc":{"start":{"line":1,"column":41,"index":41},"end":{"line":1,"column":53,"index":53}},"extra":{"rawValue":"./error.js","raw":"'./error.js'"},"value":"./error.js"}]}}],"kind":"const","trailingComments":[{"type":"CommentLine","value":" @ts-check","start":57,"end":69,"loc":{"start":{"line":3,"column":0,"index":57},"end":{"line":3,"column":12,"index":69}}}]},{"type":"ClassDeclaration","start":71,"end":2734,"loc":{"start":{"line":5,"column":0,"index":71},"end":{"line":128,"column":1,"index":2734}},"id":{"type":"Identifier","start":77,"end":85,"loc":{"start":{"line":5,"column":6,"index":77},"end":{"line":5,"column":14,"index":85},"identifierName":"Argument"},"name":"Argument"},"superClass":null,"body":{"type":"ClassBody","start":86,"end":2734,"loc":{"start":{"line":5,"column":15,"index":86},"end":{"line":128,"column":1,"index":2734}},"body":[{"type":"ClassMethod","start":412,"end":1166,"loc":{"start":{"line":15,"column":2,"index":412},"end":{"line":42,"column":3,"index":1166}},"static":false,"key":{"type":"Identifier","start":412,"end":423,"loc":{"start":{"line":15,"column":2,"index":412},"end":{"line":15,"column":13,"index":423},"identifierName":"constructor"},"name":"constructor"},"computed":false,"kind":"constructor","id":null,"generator":false,"async":false,"params":[{"type":"Identifier","start":424,"end":428,"loc":{"start":{"line":15,"column":14,"index":424},"end":{"line":15,"column":18,"index":428},"identifierName":"name"},"name":"name"},{"type":"Identifier","start":430,"end":441,"loc":{"start":{"line":15,"column":20,"index":430},"end":{"line":15,"column":31,"index":441},"identifierName":"description"},"name":"description"}],"body":{"type":"BlockStatement","start":443,"end":1166,"loc":{"start":{"line":15,"column":33,"index":443},"end":{"line":42,"column":3,"index":1166}},"body":[{"type":"ExpressionStatement","start":449,"end":486,"loc":{"start":{"line":16,"column":4,"index":449},"end":{"line":16,"column":41,"index":486}},"expression":{"type":"AssignmentExpression","start":449,"end":485,"loc":{"start":{"line":16,"column":4,"index":449},"end":{"line":16,"column":40,"index":485}},"operator":"=","left":{"type":"MemberExpression","start":449,"end":465,"loc":{"start":{"line":16,"column":4,"index":449},"end":{"line":16,"column":20,"index":465}},"object":{"type":"ThisExpression","start":449,"end":453,"loc":{"start":{"line":16,"column":4,"index":449},"end":{"line":16,"column":8,"index":453}}},"computed":false,"property":{"type":"Identifier","start":454,"end":465,"loc":{"start":{"line":16,"column":9,"index":454},"end":{"line":16,"column":20,"index":465},"identifierName":"description"},"name":"description"}},"right":{"type":"LogicalExpression","start":468,"end":485,"loc":{"start":{"line":16,"column":23,"index":468},"end":{"line":16,"column":40,"index":485}},"left":{"type":"Identifier","start":468,"end":479,"loc":{"start":{"line":16,"column":23,"index":468},"end":{"line":16,"column":34,"index":479},"identifierName":"description"},"name":"description"},"operator":"||","right":{"type":"StringLiteral","start":483,"end":485,"loc":{"start":{"line":16,"column":38,"index":483},"end":{"line":16,"column":40,"index":485}},"extra":{"rawValue":"","raw":"''"},"value":""}}}},{"type":"ExpressionStatement","start":491,"end":513,"loc":{"start":{"line":17,"column":4,"index":491},"end":{"line":17,"column":26,"index":513}},"expression":{"type":"AssignmentExpression","start":491,"end":512,"loc":{"start":{"line":17,"column":4,"index":491},"end":{"line":17,"column":25,"index":512}},"operator":"=","left":{"type":"MemberExpression","start":491,"end":504,"loc":{"start":{"line":17,"column":4,"index":491},"end":{"line":17,"column":17,"index":504}},"object":{"type":"ThisExpression","start":491,"end":495,"loc":{"start":{"line":17,"column":4,"index":491},"end":{"line":17,"column":8,"index":495}}},"computed":false,"property":{"type":"Identifier","start":496,"end":504,"loc":{"start":{"line":17,"column":9,"index":496},"end":{"line":17,"column":17,"index":504},"identifierName":"variadic"},"name":"variadic"}},"right":{"type":"BooleanLiteral","start":507,"end":512,"loc":{"start":{"line":17,"column":20,"index":507},"end":{"line":17,"column":25,"index":512}},"value":false}}},{"type":"ExpressionStatement","start":518,"end":544,"loc":{"start":{"line":18,"column":4,"index":518},"end":{"line":18,"column":30,"index":544}},"expression":{"type":"AssignmentExpression","start":518,"end":543,"loc":{"start":{"line":18,"column":4,"index":518},"end":{"line":18,"column":29,"index":543}},"operator":"=","left":{"type":"MemberExpression","start":518,"end":531,"loc":{"start":{"line":18,"column":4,"index":518},"end":{"line":18,"column":17,"index":531}},"object":{"type":"ThisExpression","start":518,"end":522,"loc":{"start":{"line":18,"column":4,"index":518},"end":{"line":18,"column":8,"index":522}}},"computed":false,"property":{"type":"Identifier","start":523,"end":531,"loc":{"start":{"line":18,"column":9,"index":523},"end":{"line":18,"column":17,"index":531},"identifierName":"parseArg"},"name":"parseArg"}},"right":{"type":"Identifier","start":534,"end":543,"loc":{"start":{"line":18,"column":20,"index":534},"end":{"line":18,"column":29,"index":543},"identifierName":"undefined"},"name":"undefined"}}},{"type":"ExpressionStatement","start":549,"end":579,"loc":{"start":{"line":19,"column":4,"index":549},"end":{"line":19,"column":34,"index":579}},"expression":{"type":"AssignmentExpression","start":549,"end":578,"loc":{"start":{"line":19,"column":4,"index":549},"end":{"line":19,"column":33,"index":578}},"operator":"=","left":{"type":"MemberExpression","start":549,"end":566,"loc":{"start":{"line":19,"column":4,"index":549},"end":{"line":19,"column":21,"index":566}},"object":{"type":"ThisExpression","start":549,"end":553,"loc":{"start":{"line":19,"column":4,"index":549},"end":{"line":19,"column":8,"index":553}}},"computed":false,"property":{"type":"Identifier","start":554,"end":566,"loc":{"start":{"line":19,"column":9,"index":554},"end":{"line":19,"column":21,"index":566},"identifierName":"defaultValue"},"name":"defaultValue"}},"right":{"type":"Identifier","start":569,"end":578,"loc":{"start":{"line":19,"column":24,"index":569},"end":{"line":19,"column":33,"index":578},"identifierName":"undefined"},"name":"undefined"}}},{"type":"ExpressionStatement","start":584,"end":625,"loc":{"start":{"line":20,"column":4,"index":584},"end":{"line":20,"column":45,"index":625}},"expression":{"type":"AssignmentExpression","start":584,"end":624,"loc":{"start":{"line":20,"column":4,"index":584},"end":{"line":20,"column":44,"index":624}},"operator":"=","left":{"type":"MemberExpression","start":584,"end":612,"loc":{"start":{"line":20,"column":4,"index":584},"end":{"line":20,"column":32,"index":612}},"object":{"type":"ThisExpression","start":584,"end":588,"loc":{"start":{"line":20,"column":4,"index":584},"end":{"line":20,"column":8,"index":588}}},"computed":false,"property":{"type":"Identifier","start":589,"end":612,"loc":{"start":{"line":20,"column":9,"index":589},"end":{"line":20,"column":32,"index":612},"identifierName":"defaultValueDescription"},"name":"defaultValueDescription"}},"right":{"type":"Identifier","start":615,"end":624,"loc":{"start":{"line":20,"column":35,"index":615},"end":{"line":20,"column":44,"index":624},"identifierName":"undefined"},"name":"undefined"}}},{"type":"ExpressionStatement","start":630,"end":658,"loc":{"start":{"line":21,"column":4,"index":630},"end":{"line":21,"column":32,"index":658}},"expression":{"type":"AssignmentExpression","start":630,"end":657,"loc":{"start":{"line":21,"column":4,"index":630},"end":{"line":21,"column":31,"index":657}},"operator":"=","left":{"type":"MemberExpression","start":630,"end":645,"loc":{"start":{"line":21,"column":4,"index":630},"end":{"line":21,"column":19,"index":645}},"object":{"type":"ThisExpression","start":630,"end":634,"loc":{"start":{"line":21,"column":4,"index":630},"end":{"line":21,"column":8,"index":634}}},"computed":false,"property":{"type":"Identifier","start":635,"end":645,"loc":{"start":{"line":21,"column":9,"index":635},"end":{"line":21,"column":19,"index":645},"identifierName":"argChoices"},"name":"argChoices"}},"right":{"type":"Identifier","start":648,"end":657,"loc":{"start":{"line":21,"column":22,"index":648},"end":{"line":21,"column":31,"index":657},"identifierName":"undefined"},"name":"undefined"}}},{"type":"SwitchStatement","start":664,"end":1016,"loc":{"start":{"line":23,"column":4,"index":664},"end":{"line":36,"column":5,"index":1016}},"discriminant":{"type":"MemberExpression","start":672,"end":679,"loc":{"start":{"line":23,"column":12,"index":672},"end":{"line":23,"column":19,"index":679}},"object":{"type":"Identifier","start":672,"end":676,"loc":{"start":{"line":23,"column":12,"index":672},"end":{"line":23,"column":16,"index":676},"identifierName":"name"},"name":"name"},"computed":true,"property":{"type":"NumericLiteral","start":677,"end":678,"loc":{"start":{"line":23,"column":17,"index":677},"end":{"line":23,"column":18,"index":678}},"extra":{"rawValue":0,"raw":"0"},"value":0}},"cases":[{"type":"SwitchCase","start":689,"end":802,"loc":{"start":{"line":24,"column":6,"index":689},"end":{"line":27,"column":14,"index":802}},"consequent":[{"type":"ExpressionStatement","start":726,"end":747,"loc":{"start":{"line":25,"column":8,"index":726},"end":{"line":25,"column":29,"index":747}},"expression":{"type":"AssignmentExpression","start":726,"end":746,"loc":{"start":{"line":25,"column":8,"index":726},"end":{"line":25,"column":28,"index":746}},"operator":"=","left":{"type":"MemberExpression","start":726,"end":739,"loc":{"start":{"line":25,"column":8,"index":726},"end":{"line":25,"column":21,"index":739}},"object":{"type":"ThisExpression","start":726,"end":730,"loc":{"start":{"line":25,"column":8,"index":726},"end":{"line":25,"column":12,"index":730}}},"computed":false,"property":{"type":"Identifier","start":731,"end":739,"loc":{"start":{"line":25,"column":13,"index":731},"end":{"line":25,"column":21,"index":739},"identifierName":"required"},"name":"required"}},"right":{"type":"BooleanLiteral","start":742,"end":746,"loc":{"start":{"line":25,"column":24,"index":742},"end":{"line":25,"column":28,"index":746}},"value":true}},"leadingComments":[{"type":"CommentLine","value":" e.g. <required>","start":699,"end":717,"loc":{"start":{"line":24,"column":16,"index":699},"end":{"line":24,"column":34,"index":717}}}]},{"type":"ExpressionStatement","start":756,"end":787,"loc":{"start":{"line":26,"column":8,"index":756},"end":{"line":26,"column":39,"index":787}},"expression":{"type":"AssignmentExpression","start":756,"end":786,"loc":{"start":{"line":26,"column":8,"index":756},"end":{"line":26,"column":38,"index":786}},"operator":"=","left":{"type":"MemberExpression","start":756,"end":766,"loc":{"start":{"line":26,"column":8,"index":756},"end":{"line":26,"column":18,"index":766}},"object":{"type":"ThisExpression","start":756,"end":760,"loc":{"start":{"line":26,"column":8,"index":756},"end":{"line":26,"column":12,"index":760}}},"computed":false,"property":{"type":"Identifier","start":761,"end":766,"loc":{"start":{"line":26,"column":13,"index":761},"end":{"line":26,"column":18,"index":766},"identifierName":"_name"},"name":"_name"}},"right":{"type":"CallExpression","start":769,"end":786,"loc":{"start":{"line":26,"column":21,"index":769},"end":{"line":26,"column":38,"index":786}},"callee":{"type":"MemberExpression","start":769,"end":779,"loc":{"start":{"line":26,"column":21,"index":769},"end":{"line":26,"column":31,"index":779}},"object":{"type":"Identifier","start":769,"end":773,"loc":{"start":{"line":26,"column":21,"index":769},"end":{"line":26,"column":25,"index":773},"identifierName":"name"},"name":"name"},"computed":false,"property":{"type":"Identifier","start":774,"end":779,"loc":{"start":{"line":26,"column":26,"index":774},"end":{"line":26,"column":31,"index":779},"identifierName":"slice"},"name":"slice"}},"arguments":[{"type":"NumericLiteral","start":780,"end":781,"loc":{"start":{"line":26,"column":32,"index":780},"end":{"line":26,"column":33,"index":781}},"extra":{"rawValue":1,"raw":"1"},"value":1},{"type":"UnaryExpression","start":783,"end":785,"loc":{"start":{"line":26,"column":35,"index":783},"end":{"line":26,"column":37,"index":785}},"operator":"-","prefix":true,"argument":{"type":"NumericLiteral","start":784,"end":785,"loc":{"start":{"line":26,"column":36,"index":784},"end":{"line":26,"column":37,"index":785}},"extra":{"rawValue":1,"raw":"1"},"value":1}}]}}},{"type":"BreakStatement","start":796,"end":802,"loc":{"start":{"line":27,"column":8,"index":796},"end":{"line":27,"column":14,"index":802}},"label":null}],"test":{"type":"StringLiteral","start":694,"end":697,"loc":{"start":{"line":24,"column":11,"index":694},"end":{"line":24,"column":14,"index":697}},"extra":{"rawValue":"<","raw":"'<'"},"value":"<"}},{"type":"SwitchCase","start":809,"end":923,"loc":{"start":{"line":28,"column":6,"index":809},"end":{"line":31,"column":14,"index":923}},"consequent":[{"type":"ExpressionStatement","start":846,"end":868,"loc":{"start":{"line":29,"column":8,"index":846},"end":{"line":29,"column":30,"index":868}},"expression":{"type":"AssignmentExpression","start":846,"end":867,"loc":{"start":{"line":29,"column":8,"index":846},"end":{"line":29,"column":29,"index":867}},"operator":"=","left":{"type":"MemberExpression","start":846,"end":859,"loc":{"start":{"line":29,"column":8,"index":846},"end":{"line":29,"column":21,"index":859}},"object":{"type":"ThisExpression","start":846,"end":850,"loc":{"start":{"line":29,"column":8,"index":846},"end":{"line":29,"column":12,"index":850}}},"computed":false,"property":{"type":"Identifier","start":851,"end":859,"loc":{"start":{"line":29,"column":13,"index":851},"end":{"line":29,"column":21,"index":859},"identifierName":"required"},"name":"required"}},"right":{"type":"BooleanLiteral","start":862,"end":867,"loc":{"start":{"line":29,"column":24,"index":862},"end":{"line":29,"column":29,"index":867}},"value":false}},"leadingComments":[{"type":"CommentLine","value":" e.g. [optional]","start":819,"end":837,"loc":{"start":{"line":28,"column":16,"index":819},"end":{"line":28,"column":34,"index":837}}}]},{"type":"ExpressionStatement","start":877,"end":908,"loc":{"start":{"line":30,"column":8,"index":877},"end":{"line":30,"column":39,"index":908}},"expression":{"type":"AssignmentExpression","start":877,"end":907,"loc":{"start":{"line":30,"column":8,"index":877},"end":{"line":30,"column":38,"index":907}},"operator":"=","left":{"type":"MemberExpression","start":877,"end":887,"loc":{"start":{"line":30,"column":8,"index":877},"end":{"line":30,"column":18,"index":887}},"object":{"type":"ThisExpression","start":877,"end":881,"loc":{"start":{"line":30,"column":8,"index":877},"end":{"line":30,"column":12,"index":881}}},"computed":false,"property":{"type":"Identifier","start":882,"end":887,"loc":{"start":{"line":30,"column":13,"index":882},"end":{"line":30,"column":18,"index":887},"identifierName":"_name"},"name":"_name"}},"right":{"type":"CallExpression","start":890,"end":907,"loc":{"start":{"line":30,"column":21,"index":890},"end":{"line":30,"column":38,"index":907}},"callee":{"type":"MemberExpression","start":890,"end":900,"loc":{"start":{"line":30,"column":21,"index":890},"end":{"line":30,"column":31,"index":900}},"object":{"type":"Identifier","start":890,"end":894,"loc":{"start":{"line":30,"column":21,"index":890},"end":{"line":30,"column":25,"index":894},"identifierName":"name"},"name":"name"},"computed":false,"property":{"type":"Identifier","start":895,"end":900,"loc":{"start":{"line":30,"column":26,"index":895},"end":{"line":30,"column":31,"index":900},"identifierName":"slice"},"name":"slice"}},"arguments":[{"type":"NumericLiteral","start":901,"end":902,"loc":{"start":{"line":30,"column":32,"index":901},"end":{"line":30,"column":33,"index":902}},"extra":{"rawValue":1,"raw":"1"},"value":1},{"type":"UnaryExpression","start":904,"end":906,"loc":{"start":{"line":30,"column":35,"index":904},"end":{"line":30,"column":37,"index":906}},"operator":"-","prefix":true,"argument":{"type":"NumericLiteral","start":905,"end":906,"loc":{"start":{"line":30,"column":36,"index":905},"end":{"line":30,"column":37,"index":906}},"extra":{"rawValue":1,"raw":"1"},"value":1}}]}}},{"type":"BreakStatement","start":917,"end":923,"loc":{"start":{"line":31,"column":8,"index":917},"end":{"line":31,"column":14,"index":923}},"label":null}],"test":{"type":"StringLiteral","start":814,"end":817,"loc":{"start":{"line":28,"column":11,"index":814},"end":{"line":28,"column":14,"index":817}},"extra":{"rawValue":"[","raw":"'['"},"value":"["}},{"type":"SwitchCase","start":930,"end":1010,"loc":{"start":{"line":32,"column":6,"index":930},"end":{"line":35,"column":14,"index":1010}},"consequent":[{"type":"ExpressionStatement","start":947,"end":968,"loc":{"start":{"line":33,"column":8,"index":947},"end":{"line":33,"column":29,"index":968}},"expression":{"type":"AssignmentExpression","start":947,"end":967,"loc":{"start":{"line":33,"column":8,"index":947},"end":{"line":33,"column":28,"index":967}},"operator":"=","left":{"type":"MemberExpression","start":947,"end":960,"loc":{"start":{"line":33,"column":8,"index":947},"end":{"line":33,"column":21,"index":960}},"object":{"type":"ThisExpression","start":947,"end":951,"loc":{"start":{"line":33,"column":8,"index":947},"end":{"line":33,"column":12,"index":951}}},"computed":false,"property":{"type":"Identifier","start":952,"end":960,"loc":{"start":{"line":33,"column":13,"index":952},"end":{"line":33,"column":21,"index":960},"identifierName":"required"},"name":"required"}},"right":{"type":"BooleanLiteral","start":963,"end":967,"loc":{"start":{"line":33,"column":24,"index":963},"end":{"line":33,"column":28,"index":967}},"value":true}}},{"type":"ExpressionStatement","start":977,"end":995,"loc":{"start":{"line":34,"column":8,"index":977},"end":{"line":34,"column":26,"index":995}},"expression":{"type":"AssignmentExpression","start":977,"end":994,"loc":{"start":{"line":34,"column":8,"index":977},"end":{"line":34,"column":25,"index":994}},"operator":"=","left":{"type":"MemberExpression","start":977,"end":987,"loc":{"start":{"line":34,"column":8,"index":977},"end":{"line":34,"column":18,"index":987}},"object":{"type":"ThisExpression","start":977,"end":981,"loc":{"start":{"line":34,"column":8,"index":977},"end":{"line":34,"column":12,"index":981}}},"computed":false,"property":{"type":"Identifier","start":982,"end":987,"loc":{"start":{"line":34,"column":13,"index":982},"end":{"line":34,"column":18,"index":987},"identifierName":"_name"},"name":"_name"}},"right":{"type":"Identifier","start":990,"end":994,"loc":{"start":{"line":34,"column":21,"index":990},"end":{"line":34,"column":25,"index":994},"identifierName":"name"},"name":"name"}}},{"type":"BreakStatement","start":1004,"end":1010,"loc":{"start":{"line":35,"column":8,"index":1004},"end":{"line":35,"column":14,"index":1010}},"label":null}],"test":null}]},{"type":"IfStatement","start":1022,"end":1162,"loc":{"start":{"line":38,"column":4,"index":1022},"end":{"line":41,"column":5,"index":1162}},"test":{"type":"LogicalExpression","start":1026,"end":1081,"loc":{"start":{"line":38,"column":8,"index":1026},"end":{"line":38,"column":63,"index":1081}},"left":{"type":"BinaryExpression","start":1026,"end":1047,"loc":{"start":{"line":38,"column":8,"index":1026},"end":{"line":38,"column":29,"index":1047}},"left":{"type":"MemberExpression","start":1026,"end":1043,"loc":{"start":{"line":38,"column":8,"index":1026},"end":{"line":38,"column":25,"index":1043}},"object":{"type":"MemberExpression","start":1026,"end":1036,"loc":{"start":{"line":38,"column":8,"index":1026},"end":{"line":38,"column":18,"index":1036}},"object":{"type":"ThisExpression","start":1026,"end":1030,"loc":{"start":{"line":38,"column":8,"index":1026},"end":{"line":38,"column":12,"index":1030}}},"computed":false,"property":{"type":"Identifier","start":1031,"end":1036,"loc":{"start":{"line":38,"column":13,"index":1031},"end":{"line":38,"column":18,"index":1036},"identifierName":"_name"},"name":"_name"}},"computed":false,"property":{"type":"Identifier","start":1037,"end":1043,"loc":{"start":{"line":38,"column":19,"index":1037},"end":{"line":38,"column":25,"index":1043},"identifierName":"length"},"name":"length"}},"operator":">","right":{"type":"NumericLiteral","start":1046,"end":1047,"loc":{"start":{"line":38,"column":28,"index":1046},"end":{"line":38,"column":29,"index":1047}},"extra":{"rawValue":3,"raw":"3"},"value":3}},"operator":"&&","right":{"type":"BinaryExpression","start":1051,"end":1081,"loc":{"start":{"line":38,"column":33,"index":1051},"end":{"line":38,"column":63,"index":1081}},"left":{"type":"CallExpression","start":1051,"end":1071,"loc":{"start":{"line":38,"column":33,"index":1051},"end":{"line":38,"column":53,"index":1071}},"callee":{"type":"MemberExpression","start":1051,"end":1067,"loc":{"start":{"line":38,"column":33,"index":1051},"end":{"line":38,"column":49,"index":1067}},"object":{"type":"MemberExpression","start":1051,"end":1061,"loc":{"start":{"line":38,"column":33,"index":1051},"end":{"line":38,"column":43,"index":1061}},"object":{"type":"ThisExpression","start":1051,"end":1055,"loc":{"start":{"line":38,"column":33,"index":1051},"end":{"line":38,"column":37,"index":1055}}},"computed":false,"property":{"type":"Identifier","start":1056,"end":1061,"loc":{"start":{"line":38,"column":38,"index":1056},"end":{"line":38,"column":43,"index":1061},"identifierName":"_name"},"name":"_name"}},"computed":false,"property":{"type":"Identifier","start":1062,"end":1067,"loc":{"start":{"line":38,"column":44,"index":1062},"end":{"line":38,"column":49,"index":1067},"identifierName":"slice"},"name":"slice"}},"arguments":[{"type":"UnaryExpression","start":1068,"end":1070,"loc":{"start":{"line":38,"column":50,"index":1068},"end":{"line":38,"column":52,"index":1070}},"operator":"-","prefix":true,"argument":{"type":"NumericLiteral","start":1069,"end":1070,"loc":{"start":{"line":38,"column":51,"index":1069},"end":{"line":38,"column":52,"index":1070}},"extra":{"rawValue":3,"raw":"3"},"value":3}}]},"operator":"===","right":{"type":"StringLiteral","start":1076,"end":1081,"loc":{"start":{"line":38,"column":58,"index":1076},"end":{"line":38,"column":63,"index":1081}},"extra":{"rawValue":"...","raw":"'...'"},"value":"..."}}},"consequent":{"type":"BlockStatement","start":1083,"end":1162,"loc":{"start":{"line":38,"column":65,"index":1083},"end":{"line":41,"column":5,"index":1162}},"body":[{"type":"ExpressionStatement","start":1091,"end":1112,"loc":{"start":{"line":39,"column":6,"index":1091},"end":{"line":39,"column":27,"index":1112}},"expression":{"type":"AssignmentExpression","start":1091,"end":1111,"loc":{"start":{"line":39,"column":6,"index":1091},"end":{"line":39,"column":26,"index":1111}},"operator":"=","left":{"type":"MemberExpression","start":1091,"end":1104,"loc":{"start":{"line":39,"column":6,"index":1091},"end":{"line":39,"column":19,"index":1104}},"object":{"type":"ThisExpression","start":1091,"end":1095,"loc":{"start":{"line":39,"column":6,"index":1091},"end":{"line":39,"column":10,"index":1095}}},"computed":false,"property":{"type":"Identifier","start":1096,"end":1104,"loc":{"start":{"line":39,"column":11,"index":1096},"end":{"line":39,"column":19,"index":1104},"identifierName":"variadic"},"name":"variadic"}},"right":{"type":"BooleanLiteral","start":1107,"end":1111,"loc":{"start":{"line":39,"column":22,"index":1107},"end":{"line":39,"column":26,"index":1111}},"value":true}}},{"type":"ExpressionStatement","start":1119,"end":1156,"loc":{"start":{"line":40,"column":6,"index":1119},"end":{"line":40,"column":43,"index":1156}},"expression":{"type":"AssignmentExpression","start":1119,"end":1155,"loc":{"start":{"line":40,"column":6,"index":1119},"end":{"line":40,"column":42,"index":1155}},"operator":"=","left":{"type":"MemberExpression","start":1119,"end":1129,"loc":{"start":{"line":40,"column":6,"index":1119},"end":{"line":40,"column":16,"index":1129}},"object":{"type":"ThisExpression","start":1119,"end":1123,"loc":{"start":{"line":40,"column":6,"index":1119},"end":{"line":40,"column":10,"index":1123}}},"computed":false,"property":{"type":"Identifier","start":1124,"end":1129,"loc":{"start":{"line":40,"column":11,"index":1124},"end":{"line":40,"column":16,"index":1129},"identifierName":"_name"},"name":"_name"}},"right":{"type":"CallExpression","start":1132,"end":1155,"loc":{"start":{"line":40,"column":19,"index":1132},"end":{"line":40,"column":42,"index":1155}},"callee":{"type":"MemberExpression","start":1132,"end":1148,"loc":{"start":{"line":40,"column":19,"index":1132},"end":{"line":40,"column":35,"index":1148}},"object":{"type":"MemberExpression","start":1132,"end":1142,"loc":{"start":{"line":40,"column":19,"index":1132},"end":{"line":40,"column":29,"index":1142}},"object":{"type":"ThisExpression","start":1132,"end":1136,"loc":{"start":{"line":40,"column":19,"index":1132},"end":{"line":40,"column":23,"index":1136}}},"computed":false,"property":{"type":"Identifier","start":1137,"end":1142,"loc":{"start":{"line":40,"column":24,"index":1137},"end":{"line":40,"column":29,"index":1142},"identifierName":"_name"},"name":"_name"}},"computed":false,"property":{"type":"Identifier","start":1143,"end":1148,"loc":{"start":{"line":40,"column":30,"index":1143},"end":{"line":40,"column":35,"index":1148},"identifierName":"slice"},"name":"slice"}},"arguments":[{"type":"NumericLiteral","start":1149,"end":1150,"loc":{"start":{"line":40,"column":36,"index":1149},"end":{"line":40,"column":37,"index":1150}},"extra":{"rawValue":0,"raw":"0"},"value":0},{"type":"UnaryExpression","start":1152,"end":1154,"loc":{"start":{"line":40,"column":39,"index":1152},"end":{"line":40,"column":41,"index":1154}},"operator":"-","prefix":true,"argument":{"type":"NumericLiteral","start":1153,"end":1154,"loc":{"start":{"line":40,"column":40,"index":1153},"end":{"line":40,"column":41,"index":1154}},"extra":{"rawValue":3,"raw":"3"},"value":3}}]}}}],"directives":[]},"alternate":null}],"directives":[]},"trailingComments":[{"type":"CommentBlock","value":"*\n   * Return argument name.\n   *\n   * @return {string}\n   ","start":1170,"end":1233,"loc":{"start":{"line":44,"column":2,"index":1170},"end":{"line":48,"column":5,"index":1233}}}],"leadingComments":[{"type":"CommentBlock","value":"*\n   * Initialize a new command argument with the given name and description.\n   * The default is that the argument is required, and you can explicitly\n   * indicate this with <> around the name. Put [] around the name for an optional argument.\n   *\n   * @param {string} name\n   * @param {string} [description]\n   ","start":90,"end":408,"loc":{"start":{"line":6,"column":2,"index":90},"end":{"line":13,"column":5,"index":408}}}]},{"type":"ClassMethod","start":1237,"end":1272,"loc":{"start":{"line":50,"column":2,"index":1237},"end":{"line":52,"column":3,"index":1272}},"static":false,"key":{"type":"Identifier","start":1237,"end":1241,"loc":{"start":{"line":50,"column":2,"index":1237},"end":{"line":50,"column":6,"index":1241},"identifierName":"name"},"name":"name"},"computed":false,"kind":"method","id":null,"generator":false,"async":false,"params":[],"body":{"type":"BlockStatement","start":1244,"end":1272,"loc":{"start":{"line":50,"column":9,"index":1244},"end":{"line":52,"column":3,"index":1272}},"body":[{"type":"ReturnStatement","start":1250,"end":1268,"loc":{"start":{"line":51,"column":4,"index":1250},"end":{"line":51,"column":22,"index":1268}},"argument":{"type":"MemberExpression","start":1257,"end":1267,"loc":{"start":{"line":51,"column":11,"index":1257},"end":{"line":51,"column":21,"index":1267}},"object":{"type":"ThisExpression","start":1257,"end":1261,"loc":{"start":{"line":51,"column":11,"index":1257},"end":{"line":51,"column":15,"index":1261}}},"computed":false,"property":{"type":"Identifier","start":1262,"end":1267,"loc":{"start":{"line":51,"column":16,"index":1262},"end":{"line":51,"column":21,"index":1267},"identifierName":"_name"},"name":"_name"}}}],"directives":[]},"leadingComments":[{"type":"CommentBlock","value":"*\n   * Return argument name.\n   *\n   * @return {string}\n   ","start":1170,"end":1233,"loc":{"start":{"line":44,"column":2,"index":1170},"end":{"line":48,"column":5,"index":1233}}}]},{"type":"ClassMethod","start":1308,"end":1477,"loc":{"start":{"line":58,"column":2,"index":1308},"end":{"line":64,"column":3,"index":1477}},"static":false,"key":{"type":"Identifier","start":1308,"end":1320,"loc":{"start":{"line":58,"column":2,"index":1308},"end":{"line":58,"column":14,"index":1320},"identifierName":"_concatValue"},"name":"_concatValue"},"computed":false,"kind":"method","id":null,"generator":false,"async":false,"params":[{"type":"Identifier","start":1321,"end":1326,"loc":{"start":{"line":58,"column":15,"index":1321},"end":{"line":58,"column":20,"index":1326},"identifierName":"value"},"name":"value"},{"type":"Identifier","start":1328,"end":1336,"loc":{"start":{"line":58,"column":22,"index":1328},"end":{"line":58,"column":30,"index":1336},"identifierName":"previous"},"name":"previous"}],"body":{"type":"BlockStatement","start":1338,"end":1477,"loc":{"start":{"line":58,"column":32,"index":1338},"end":{"line":64,"column":3,"index":1477}},"body":[{"type":"IfStatement","start":1344,"end":1437,"loc":{"start":{"line":59,"column":4,"index":1344},"end":{"line":61,"column":5,"index":1437}},"test":{"type":"LogicalExpression","start":1348,"end":1406,"loc":{"start":{"line":59,"column":8,"index":1348},"end":{"line":59,"column":66,"index":1406}},"left":{"type":"BinaryExpression","start":1348,"end":1378,"loc":{"start":{"line":59,"column":8,"index":1348},"end":{"line":59,"column":38,"index":1378}},"left":{"type":"Identifier","start":1348,"end":1356,"loc":{"start":{"line":59,"column":8,"index":1348},"end":{"line":59,"column":16,"index":1356},"identifierName":"previous"},"name":"previous"},"operator":"===","right":{"type":"MemberExpression","start":1361,"end":1378,"loc":{"start":{"line":59,"column":21,"index":1361},"end":{"line":59,"column":38,"index":1378}},"object":{"type":"ThisExpression","start":1361,"end":1365,"loc":{"start":{"line":59,"column":21,"index":1361},"end":{"line":59,"column":25,"index":1365}}},"computed":false,"property":{"type":"Identifier","start":1366,"end":1378,"loc":{"start":{"line":59,"column":26,"index":1366},"end":{"line":59,"column":38,"index":1378},"identifierName":"defaultValue"},"name":"defaultValue"}}},"operator":"||","right":{"type":"UnaryExpression","start":1382,"end":1406,"loc":{"start":{"line":59,"column":42,"index":1382},"end":{"line":59,"column":66,"index":1406}},"operator":"!","prefix":true,"argument":{"type":"CallExpression","start":1383,"end":1406,"loc":{"start":{"line":59,"column":43,"index":1383},"end":{"line":59,"column":66,"index":1406}},"callee":{"type":"MemberExpression","start":1383,"end":1396,"loc":{"start":{"line":59,"column":43,"index":1383},"end":{"line":59,"column":56,"index":1396}},"object":{"type":"Identifier","start":1383,"end":1388,"loc":{"start":{"line":59,"column":43,"index":1383},"end":{"line":59,"column":48,"index":1388},"identifierName":"Array"},"name":"Array"},"computed":false,"property":{"type":"Identifier","start":1389,"end":1396,"loc":{"start":{"line":59,"column":49,"index":1389},"end":{"line":59,"column":56,"index":1396},"identifierName":"isArray"},"name":"isArray"}},"arguments":[{"type":"Identifier","start":1397,"end":1405,"loc":{"start":{"line":59,"column":57,"index":1397},"end":{"line":59,"column":65,"index":1405},"identifierName":"previous"},"name":"previous"}]}}},"consequent":{"type":"BlockStatement","start":1408,"end":1437,"loc":{"start":{"line":59,"column":68,"index":1408},"end":{"line":61,"column":5,"index":1437}},"body":[{"type":"ReturnStatement","start":1416,"end":1431,"loc":{"start":{"line":60,"column":6,"index":1416},"end":{"line":60,"column":21,"index":1431}},"argument":{"type":"ArrayExpression","start":1423,"end":1430,"loc":{"start":{"line":60,"column":13,"index":1423},"end":{"line":60,"column":20,"index":1430}},"elements":[{"type":"Identifier","start":1424,"end":1429,"loc":{"start":{"line":60,"column":14,"index":1424},"end":{"line":60,"column":19,"index":1429},"identifierName":"value"},"name":"value"}]}}],"directives":[]},"alternate":null},{"type":"ReturnStatement","start":1443,"end":1473,"loc":{"start":{"line":63,"column":4,"index":1443},"end":{"line":63,"column":34,"index":1473}},"argument":{"type":"CallExpression","start":1450,"end":1472,"loc":{"start":{"line":63,"column":11,"index":1450},"end":{"line":63,"column":33,"index":1472}},"callee":{"type":"MemberExpression","start":1450,"end":1465,"loc":{"start":{"line":63,"column":11,"index":1450},"end":{"line":63,"column":26,"index":1465}},"object":{"type":"Identifier","start":1450,"end":1458,"loc":{"start":{"line":63,"column":11,"index":1450},"end":{"line":63,"column":19,"index":1458},"identifierName":"previous"},"name":"previous"},"computed":false,"property":{"type":"Identifier","start":1459,"end":1465,"loc":{"start":{"line":63,"column":20,"index":1459},"end":{"line":63,"column":26,"index":1465},"identifierName":"concat"},"name":"concat"}},"arguments":[{"type":"Identifier","start":1466,"end":1471,"loc":{"start":{"line":63,"column":27,"index":1466},"end":{"line":63,"column":32,"index":1471},"identifierName":"value"},"name":"value"}]}}],"directives":[]},"trailingComments":[{"type":"CommentBlock","value":"*\n   * Set the default value, and optionally supply the description to be displayed in the help.\n   *\n   * @param {any} value\n   * @param {string} [description]\n   * @return {Argument}\n   ","start":1481,"end":1673,"loc":{"start":{"line":66,"column":2,"index":1481},"end":{"line":72,"column":5,"index":1673}}}],"leadingComments":[{"type":"CommentBlock","value":"*\n   * @api private\n   ","start":1277,"end":1304,"loc":{"start":{"line":54,"column":2,"index":1277},"end":{"line":56,"column":5,"index":1304}}}]},{"type":"ClassMethod","start":1677,"end":1806,"loc":{"start":{"line":74,"column":2,"index":1677},"end":{"line":78,"column":3,"index":1806}},"static":false,"key":{"type":"Identifier","start":1677,"end":1684,"loc":{"start":{"line":74,"column":2,"index":1677},"end":{"line":74,"column":9,"index":1684},"identifierName":"default"},"name":"default"},"computed":false,"kind":"method","id":null,"generator":false,"async":false,"params":[{"type":"Identifier","start":1685,"end":1690,"loc":{"start":{"line":74,"column":10,"index":1685},"end":{"line":74,"column":15,"index":1690},"identifierName":"value"},"name":"value"},{"type":"Identifier","start":1692,"end":1703,"loc":{"start":{"line":74,"column":17,"index":1692},"end":{"line":74,"column":28,"index":1703},"identifierName":"description"},"name":"description"}],"body":{"type":"BlockStatement","start":1705,"end":1806,"loc":{"start":{"line":74,"column":30,"index":1705},"end":{"line":78,"column":3,"index":1806}},"body":[{"type":"ExpressionStatement","start":1711,"end":1737,"loc":{"start":{"line":75,"column":4,"index":1711},"end":{"line":75,"column":30,"index":1737}},"expression":{"type":"AssignmentExpression","start":1711,"end":1736,"loc":{"start":{"line":75,"column":4,"index":1711},"end":{"line":75,"column":29,"index":1736}},"operator":"=","left":{"type":"MemberExpression","start":1711,"end":1728,"loc":{"start":{"line":75,"column":4,"index":1711},"end":{"line":75,"column":21,"index":1728}},"object":{"type":"ThisExpression","start":1711,"end":1715,"loc":{"start":{"line":75,"column":4,"index":1711},"end":{"line":75,"column":8,"index":1715}}},"computed":false,"property":{"type":"Identifier","start":1716,"end":1728,"loc":{"start":{"line":75,"column":9,"index":1716},"end":{"line":75,"column":21,"index":1728},"identifierName":"defaultValue"},"name":"defaultValue"}},"right":{"type":"Identifier","start":1731,"end":1736,"loc":{"start":{"line":75,"column":24,"index":1731},"end":{"line":75,"column":29,"index":1736},"identifierName":"value"},"name":"value"}}},{"type":"ExpressionStatement","start":1742,"end":1785,"loc":{"start":{"line":76,"column":4,"index":1742},"end":{"line":76,"column":47,"index":1785}},"expression":{"type":"AssignmentExpression","start":1742,"end":1784,"loc":{"start":{"line":76,"column":4,"index":1742},"end":{"line":76,"column":46,"index":1784}},"operator":"=","left":{"type":"MemberExpression","start":1742,"end":1770,"loc":{"start":{"line":76,"column":4,"index":1742},"end":{"line":76,"column":32,"index":1770}},"object":{"type":"ThisExpression","start":1742,"end":1746,"loc":{"start":{"line":76,"column":4,"index":1742},"end":{"line":76,"column":8,"index":1746}}},"computed":false,"property":{"type":"Identifier","start":1747,"end":1770,"loc":{"start":{"line":76,"column":9,"index":1747},"end":{"line":76,"column":32,"index":1770},"identifierName":"defaultValueDescription"},"name":"defaultValueDescription"}},"right":{"type":"Identifier","start":1773,"end":1784,"loc":{"start":{"line":76,"column":35,"index":1773},"end":{"line":76,"column":46,"index":1784},"identifierName":"description"},"name":"description"}}},{"type":"ReturnStatement","start":1790,"end":1802,"loc":{"start":{"line":77,"column":4,"index":1790},"end":{"line":77,"column":16,"index":1802}},"argument":{"type":"ThisExpression","start":1797,"end":1801,"loc":{"start":{"line":77,"column":11,"index":1797},"end":{"line":77,"column":15,"index":1801}}}}],"directives":[]},"leadingComments":[{"type":"CommentBlock","value":"*\n   * Set the default value, and optionally supply the description to be displayed in the help.\n   *\n   * @param {any} value\n   * @param {string} [description]\n   * @return {Argument}\n   ","start":1481,"end":1673,"loc":{"start":{"line":66,"column":2,"index":1481},"end":{"line":72,"column":5,"index":1673}}}]},{"type":"ClassMethod","start":1968,"end":2028,"loc":{"start":{"line":87,"column":2,"index":1968},"end":{"line":90,"column":3,"index":2028}},"static":false,"key":{"type":"Identifier","start":1968,"end":1977,"loc":{"start":{"line":87,"column":2,"index":1968},"end":{"line":87,"column":11,"index":1977},"identifierName":"argParser"},"name":"argParser"},"computed":false,"kind":"method","id":null,"generator":false,"async":false,"params":[{"type":"Identifier","start":1978,"end":1980,"loc":{"start":{"line":87,"column":12,"index":1978},"end":{"line":87,"column":14,"index":1980},"identifierName":"fn"},"name":"fn"}],"body":{"type":"BlockStatement","start":1982,"end":2028,"loc":{"start":{"line":87,"column":16,"index":1982},"end":{"line":90,"column":3,"index":2028}},"body":[{"type":"ExpressionStatement","start":1988,"end":2007,"loc":{"start":{"line":88,"column":4,"index":1988},"end":{"line":88,"column":23,"index":2007}},"expression":{"type":"AssignmentExpression","start":1988,"end":2006,"loc":{"start":{"line":88,"column":4,"index":1988},"end":{"line":88,"column":22,"index":2006}},"operator":"=","left":{"type":"MemberExpression","start":1988,"end":2001,"loc":{"start":{"line":88,"column":4,"index":1988},"end":{"line":88,"column":17,"index":2001}},"object":{"type":"ThisExpression","start":1988,"end":1992,"loc":{"start":{"line":88,"column":4,"index":1988},"end":{"line":88,"column":8,"index":1992}}},"computed":false,"property":{"type":"Identifier","start":1993,"end":2001,"loc":{"start":{"line":88,"column":9,"index":1993},"end":{"line":88,"column":17,"index":2001},"identifierName":"parseArg"},"name":"parseArg"}},"right":{"type":"Identifier","start":2004,"end":2006,"loc":{"start":{"line":88,"column":20,"index":2004},"end":{"line":88,"column":22,"index":2006},"identifierName":"fn"},"name":"fn"}}},{"type":"ReturnStatement","start":2012,"end":2024,"loc":{"start":{"line":89,"column":4,"index":2012},"end":{"line":89,"column":16,"index":2024}},"argument":{"type":"ThisExpression","start":2019,"end":2023,"loc":{"start":{"line":89,"column":11,"index":2019},"end":{"line":89,"column":15,"index":2023}}}}],"directives":[]},"leadingComments":[{"type":"CommentBlock","value":"*\n   * Set the custom handler for processing CLI command arguments into argument values.\n   *\n   * @param {Function} [fn]\n   * @return {Argument}\n   ","start":1811,"end":1964,"loc":{"start":{"line":80,"column":2,"index":1811},"end":{"line":85,"column":5,"index":1964}}}]},{"type":"ClassMethod","start":2156,"end":2502,"loc":{"start":{"line":99,"column":2,"index":2156},"end":{"line":111,"column":3,"index":2502}},"static":false,"key":{"type":"Identifier","start":2156,"end":2163,"loc":{"start":{"line":99,"column":2,"index":2156},"end":{"line":99,"column":9,"index":2163},"identifierName":"choices"},"name":"choices"},"computed":false,"kind":"method","id":null,"generator":false,"async":false,"params":[{"type":"Identifier","start":2164,"end":2170,"loc":{"start":{"line":99,"column":10,"index":2164},"end":{"line":99,"column":16,"index":2170},"identifierName":"values"},"name":"values"}],"body":{"type":"BlockStatement","start":2172,"end":2502,"loc":{"start":{"line":99,"column":18,"index":2172},"end":{"line":111,"column":3,"index":2502}},"body":[{"type":"ExpressionStatement","start":2178,"end":2203,"loc":{"start":{"line":100,"column":4,"index":2178},"end":{"line":100,"column":29,"index":2203}},"expression":{"type":"AssignmentExpression","start":2178,"end":2202,"loc":{"start":{"line":100,"column":4,"index":2178},"end":{"line":100,"column":28,"index":2202}},"operator":"=","left":{"type":"MemberExpression","start":2178,"end":2193,"loc":{"start":{"line":100,"column":4,"index":2178},"end":{"line":100,"column":19,"index":2193}},"object":{"type":"ThisExpression","start":2178,"end":2182,"loc":{"start":{"line":100,"column":4,"index":2178},"end":{"line":100,"column":8,"index":2182}}},"computed":false,"property":{"type":"Identifier","start":2183,"end":2193,"loc":{"start":{"line":100,"column":9,"index":2183},"end":{"line":100,"column":19,"index":2193},"identifierName":"argChoices"},"name":"argChoices"}},"right":{"type":"Identifier","start":2196,"end":2202,"loc":{"start":{"line":100,"column":22,"index":2196},"end":{"line":100,"column":28,"index":2202},"identifierName":"values"},"name":"values"}}},{"type":"ExpressionStatement","start":2208,"end":2481,"loc":{"start":{"line":101,"column":4,"index":2208},"end":{"line":109,"column":6,"index":2481}},"expression":{"type":"AssignmentExpression","start":2208,"end":2480,"loc":{"start":{"line":101,"column":4,"index":2208},"end":{"line":109,"column":5,"index":2480}},"operator":"=","left":{"type":"MemberExpression","start":2208,"end":2221,"loc":{"start":{"line":101,"column":4,"index":2208},"end":{"line":101,"column":17,"index":2221}},"object":{"type":"ThisExpression","start":2208,"end":2212,"loc":{"start":{"line":101,"column":4,"index":2208},"end":{"line":101,"column":8,"index":2212}}},"computed":false,"property":{"type":"Identifier","start":2213,"end":2221,"loc":{"start":{"line":101,"column":9,"index":2213},"end":{"line":101,"column":17,"index":2221},"identifierName":"parseArg"},"name":"parseArg"}},"right":{"type":"ArrowFunctionExpression","start":2224,"end":2480,"loc":{"start":{"line":101,"column":20,"index":2224},"end":{"line":109,"column":5,"index":2480}},"id":null,"generator":false,"async":false,"params":[{"type":"Identifier","start":2225,"end":2228,"loc":{"start":{"line":101,"column":21,"index":2225},"end":{"line":101,"column":24,"index":2228},"identifierName":"arg"},"name":"arg"},{"type":"Identifier","start":2230,"end":2238,"loc":{"start":{"line":101,"column":26,"index":2230},"end":{"line":101,"column":34,"index":2238},"identifierName":"previous"},"name":"previous"}],"body":{"type":"BlockStatement","start":2243,"end":2480,"loc":{"start":{"line":101,"column":39,"index":2243},"end":{"line":109,"column":5,"index":2480}},"body":[{"type":"IfStatement","start":2251,"end":2372,"loc":{"start":{"line":102,"column":6,"index":2251},"end":{"line":104,"column":7,"index":2372}},"test":{"type":"UnaryExpression","start":2255,"end":2276,"loc":{"start":{"line":102,"column":10,"index":2255},"end":{"line":102,"column":31,"index":2276}},"operator":"!","prefix":true,"argument":{"type":"CallExpression","start":2256,"end":2276,"loc":{"start":{"line":102,"column":11,"index":2256},"end":{"line":102,"column":31,"index":2276}},"callee":{"type":"MemberExpression","start":2256,"end":2271,"loc":{"start":{"line":102,"column":11,"index":2256},"end":{"line":102,"column":26,"index":2271}},"object":{"type":"Identifier","start":2256,"end":2262,"loc":{"start":{"line":102,"column":11,"index":2256},"end":{"line":102,"column":17,"index":2262},"identifierName":"values"},"name":"values"},"computed":false,"property":{"type":"Identifier","start":2263,"end":2271,"loc":{"start":{"line":102,"column":18,"index":2263},"end":{"line":102,"column":26,"index":2271},"identifierName":"includes"},"name":"includes"}},"arguments":[{"type":"Identifier","start":2272,"end":2275,"loc":{"start":{"line":102,"column":27,"index":2272},"end":{"line":102,"column":30,"index":2275},"identifierName":"arg"},"name":"arg"}]}},"consequent":{"type":"BlockStatement","start":2278,"end":2372,"loc":{"start":{"line":102,"column":33,"index":2278},"end":{"line":104,"column":7,"index":2372}},"body":[{"type":"ThrowStatement","start":2288,"end":2364,"loc":{"start":{"line":103,"column":8,"index":2288},"end":{"line":103,"column":84,"index":2364}},"argument":{"type":"NewExpression","start":2294,"end":2363,"loc":{"start":{"line":103,"column":14,"index":2294},"end":{"line":103,"column":83,"index":2363}},"callee":{"type":"Identifier","start":2298,"end":2318,"loc":{"start":{"line":103,"column":18,"index":2298},"end":{"line":103,"column":38,"index":2318},"identifierName":"InvalidArgumentError"},"name":"InvalidArgumentError"},"arguments":[{"type":"TemplateLiteral","start":2319,"end":2362,"loc":{"start":{"line":103,"column":39,"index":2319},"end":{"line":103,"column":82,"index":2362}},"expressions":[{"type":"CallExpression","start":2342,"end":2359,"loc":{"start":{"line":103,"column":62,"index":2342},"end":{"line":103,"column":79,"index":2359}},"callee":{"type":"MemberExpression","start":2342,"end":2353,"loc":{"start":{"line":103,"column":62,"index":2342},"end":{"line":103,"column":73,"index":2353}},"object":{"type":"Identifier","start":2342,"end":2348,"loc":{"start":{"line":103,"column":62,"index":2342},"end":{"line":103,"column":68,"index":2348},"identifierName":"values"},"name":"values"},"computed":false,"property":{"type":"Identifier","start":2349,"end":2353,"loc":{"start":{"line":103,"column":69,"index":2349},"end":{"line":103,"column":73,"index":2353},"identifierName":"join"},"name":"join"}},"arguments":[{"type":"StringLiteral","start":2354,"end":2358,"loc":{"start":{"line":103,"column":74,"index":2354},"end":{"line":103,"column":78,"index":2358}},"extra":{"rawValue":", ","raw":"', '"},"value":", "}]}],"quasis":[{"type":"TemplateElement","start":2320,"end":2340,"loc":{"start":{"line":103,"column":40,"index":2320},"end":{"line":103,"column":60,"index":2340}},"value":{"raw":"Allowed choices are ","cooked":"Allowed choices are "},"tail":false},{"type":"TemplateElement","start":2360,"end":2361,"loc":{"start":{"line":103,"column":80,"index":2360},"end":{"line":103,"column":81,"index":2361}},"value":{"raw":".","cooked":"."},"tail":true}]}]}}],"directives":[]},"alternate":null},{"type":"IfStatement","start":2379,"end":2456,"loc":{"start":{"line":105,"column":6,"index":2379},"end":{"line":107,"column":7,"index":2456}},"test":{"type":"MemberExpression","start":2383,"end":2396,"loc":{"start":{"line":105,"column":10,"index":2383},"end":{"line":105,"column":23,"index":2396}},"object":{"type":"ThisExpression","start":2383,"end":2387,"loc":{"start":{"line":105,"column":10,"index":2383},"end":{"line":105,"column":14,"index":2387}}},"computed":false,"property":{"type":"Identifier","start":2388,"end":2396,"loc":{"start":{"line":105,"column":15,"index":2388},"end":{"line":105,"column":23,"index":2396},"identifierName":"variadic"},"name":"variadic"}},"consequent":{"type":"BlockStatement","start":2398,"end":2456,"loc":{"start":{"line":105,"column":25,"index":2398},"end":{"line":107,"column":7,"index":2456}},"body":[{"type":"ReturnStatement","start":2408,"end":2448,"loc":{"start":{"line":106,"column":8,"index":2408},"end":{"line":106,"column":48,"index":2448}},"argument":{"type":"CallExpression","start":2415,"end":2447,"loc":{"start":{"line":106,"column":15,"index":2415},"end":{"line":106,"column":47,"index":2447}},"callee":{"type":"MemberExpression","start":2415,"end":2432,"loc":{"start":{"line":106,"column":15,"index":2415},"end":{"line":106,"column":32,"index":2432}},"object":{"type":"ThisExpression","start":2415,"end":2419,"loc":{"start":{"line":106,"column":15,"index":2415},"end":{"line":106,"column":19,"index":2419}}},"computed":false,"property":{"type":"Identifier","start":2420,"end":2432,"loc":{"start":{"line":106,"column":20,"index":2420},"end":{"line":106,"column":32,"index":2432},"identifierName":"_concatValue"},"name":"_concatValue"}},"arguments":[{"type":"Identifier","start":2433,"end":2436,"loc":{"start":{"line":106,"column":33,"index":2433},"end":{"line":106,"column":36,"index":2436},"identifierName":"arg"},"name":"arg"},{"type":"Identifier","start":2438,"end":2446,"loc":{"start":{"line":106,"column":38,"index":2438},"end":{"line":106,"column":46,"index":2446},"identifierName":"previous"},"name":"previous"}]}}],"directives":[]},"alternate":null},{"type":"ReturnStatement","start":2463,"end":2474,"loc":{"start":{"line":108,"column":6,"index":2463},"end":{"line":108,"column":17,"index":2474}},"argument":{"type":"Identifier","start":2470,"end":2473,"loc":{"start":{"line":108,"column":13,"index":2470},"end":{"line":108,"column":16,"index":2473},"identifierName":"arg"},"name":"arg"}}],"directives":[]}}}},{"type":"ReturnStatement","start":2486,"end":2498,"loc":{"start":{"line":110,"column":4,"index":2486},"end":{"line":110,"column":16,"index":2498}},"argument":{"type":"ThisExpression","start":2493,"end":2497,"loc":{"start":{"line":110,"column":11,"index":2493},"end":{"line":110,"column":15,"index":2497}}}}],"directives":[]},"leadingComments":[{"type":"CommentBlock","value":"*\n   * Only allow option value to be one of choices.\n   *\n   * @param {string[]} values\n   * @return {Argument}\n   ","start":2033,"end":2152,"loc":{"start":{"line":92,"column":2,"index":2033},"end":{"line":97,"column":5,"index":2152}}}]},{"type":"ClassMethod","start":2555,"end":2617,"loc":{"start":{"line":116,"column":2,"index":2555},"end":{"line":119,"column":3,"index":2617}},"static":false,"key":{"type":"Identifier","start":2555,"end":2566,"loc":{"start":{"line":116,"column":2,"index":2555},"end":{"line":116,"column":13,"index":2566},"identifierName":"argRequired"},"name":"argRequired"},"computed":false,"kind":"method","id":null,"generator":false,"async":false,"params":[],"body":{"type":"BlockStatement","start":2569,"end":2617,"loc":{"start":{"line":116,"column":16,"index":2569},"end":{"line":119,"column":3,"index":2617}},"body":[{"type":"ExpressionStatement","start":2575,"end":2596,"loc":{"start":{"line":117,"column":4,"index":2575},"end":{"line":117,"column":25,"index":2596}},"expression":{"type":"AssignmentExpression","start":2575,"end":2595,"loc":{"start":{"line":117,"column":4,"index":2575},"end":{"line":117,"column":24,"index":2595}},"operator":"=","left":{"type":"MemberExpression","start":2575,"end":2588,"loc":{"start":{"line":117,"column":4,"index":2575},"end":{"line":117,"column":17,"index":2588}},"object":{"type":"ThisExpression","start":2575,"end":2579,"loc":{"start":{"line":117,"column":4,"index":2575},"end":{"line":117,"column":8,"index":2579}}},"computed":false,"property":{"type":"Identifier","start":2580,"end":2588,"loc":{"start":{"line":117,"column":9,"index":2580},"end":{"line":117,"column":17,"index":2588},"identifierName":"required"},"name":"required"}},"right":{"type":"BooleanLiteral","start":2591,"end":2595,"loc":{"start":{"line":117,"column":20,"index":2591},"end":{"line":117,"column":24,"index":2595}},"value":true}}},{"type":"ReturnStatement","start":2601,"end":2613,"loc":{"start":{"line":118,"column":4,"index":2601},"end":{"line":118,"column":16,"index":2613}},"argument":{"type":"ThisExpression","start":2608,"end":2612,"loc":{"start":{"line":118,"column":11,"index":2608},"end":{"line":118,"column":15,"index":2612}}}}],"directives":[]},"trailingComments":[{"type":"CommentBlock","value":"*\n   * Make option-argument optional.\n   ","start":2621,"end":2666,"loc":{"start":{"line":121,"column":2,"index":2621},"end":{"line":123,"column":5,"index":2666}}}],"leadingComments":[{"type":"CommentBlock","value":"*\n   * Make option-argument required.\n   ","start":2507,"end":2552,"loc":{"start":{"line":113,"column":2,"index":2507},"end":{"line":115,"column":5,"index":2552}}}]},{"type":"ClassMethod","start":2669,"end":2732,"loc":{"start":{"line":124,"column":2,"index":2669},"end":{"line":127,"column":3,"index":2732}},"static":false,"key":{"type":"Identifier","start":2669,"end":2680,"loc":{"start":{"line":124,"column":2,"index":2669},"end":{"line":124,"column":13,"index":2680},"identifierName":"argOptional"},"name":"argOptional"},"computed":false,"kind":"method","id":null,"generator":false,"async":false,"params":[],"body":{"type":"BlockStatement","start":2683,"end":2732,"loc":{"start":{"line":124,"column":16,"index":2683},"end":{"line":127,"column":3,"index":2732}},"body":[{"type":"ExpressionStatement","start":2689,"end":2711,"loc":{"start":{"line":125,"column":4,"index":2689},"end":{"line":125,"column":26,"index":2711}},"expression":{"type":"AssignmentExpression","start":2689,"end":2710,"loc":{"start":{"line":125,"column":4,"index":2689},"end":{"line":125,"column":25,"index":2710}},"operator":"=","left":{"type":"MemberExpression","start":2689,"end":2702,"loc":{"start":{"line":125,"column":4,"index":2689},"end":{"line":125,"column":17,"index":2702}},"object":{"type":"ThisExpression","start":2689,"end":2693,"loc":{"start":{"line":125,"column":4,"index":2689},"end":{"line":125,"column":8,"index":2693}}},"computed":false,"property":{"type":"Identifier","start":2694,"end":2702,"loc":{"start":{"line":125,"column":9,"index":2694},"end":{"line":125,"column":17,"index":2702},"identifierName":"required"},"name":"required"}},"right":{"type":"BooleanLiteral","start":2705,"end":2710,"loc":{"start":{"line":125,"column":20,"index":2705},"end":{"line":125,"column":25,"index":2710}},"value":false}}},{"type":"ReturnStatement","start":2716,"end":2728,"loc":{"start":{"line":126,"column":4,"index":2716},"end":{"line":126,"column":16,"index":2728}},"argument":{"type":"ThisExpression","start":2723,"end":2727,"loc":{"start":{"line":126,"column":11,"index":2723},"end":{"line":126,"column":15,"index":2727}}}}],"directives":[]},"leadingComments":[{"type":"CommentBlock","value":"*\n   * Make option-argument optional.\n   ","start":2621,"end":2666,"loc":{"start":{"line":121,"column":2,"index":2621},"end":{"line":123,"column":5,"index":2666}}}]}]},"trailingComments":[{"type":"CommentBlock","value":"*\n * Takes an argument and returns its human readable equivalent for help usage.\n *\n * @param {Argument} arg\n * @return {string}\n * @api private\n ","start":2736,"end":2886,"loc":{"start":{"line":130,"column":0,"index":2736},"end":{"line":136,"column":3,"index":2886}}}],"leadingComments":[{"type":"CommentLine","value":" @ts-check","start":57,"end":69,"loc":{"start":{"line":3,"column":0,"index":57},"end":{"line":3,"column":12,"index":69}}}]},{"type":"FunctionDeclaration","start":2888,"end":3080,"loc":{"start":{"line":138,"column":0,"index":2888},"end":{"line":144,"column":1,"index":3080}},"id":{"type":"Identifier","start":2897,"end":2917,"loc":{"start":{"line":138,"column":9,"index":2897},"end":{"line":138,"column":29,"index":2917},"identifierName":"humanReadableArgName"},"name":"humanReadableArgName"},"generator":false,"async":false,"params":[{"type":"Identifier","start":2918,"end":2921,"loc":{"start":{"line":138,"column":30,"index":2918},"end":{"line":138,"column":33,"index":2921},"identifierName":"arg"},"name":"arg"}],"body":{"type":"BlockStatement","start":2923,"end":3080,"loc":{"start":{"line":138,"column":35,"index":2923},"end":{"line":144,"column":1,"index":3080}},"body":[{"type":"VariableDeclaration","start":2927,"end":2996,"loc":{"start":{"line":139,"column":2,"index":2927},"end":{"line":139,"column":71,"index":2996}},"declarations":[{"type":"VariableDeclarator","start":2933,"end":2995,"loc":{"start":{"line":139,"column":8,"index":2933},"end":{"line":139,"column":70,"index":2995}},"id":{"type":"Identifier","start":2933,"end":2943,"loc":{"start":{"line":139,"column":8,"index":2933},"end":{"line":139,"column":18,"index":2943},"identifierName":"nameOutput"},"name":"nameOutput"},"init":{"type":"BinaryExpression","start":2946,"end":2995,"loc":{"start":{"line":139,"column":21,"index":2946},"end":{"line":139,"column":70,"index":2995}},"left":{"type":"CallExpression","start":2946,"end":2956,"loc":{"start":{"line":139,"column":21,"index":2946},"end":{"line":139,"column":31,"index":2956}},"callee":{"type":"MemberExpression","start":2946,"end":2954,"loc":{"start":{"line":139,"column":21,"index":2946},"end":{"line":139,"column":29,"index":2954}},"object":{"type":"Identifier","start":2946,"end":2949,"loc":{"start":{"line":139,"column":21,"index":2946},"end":{"line":139,"column":24,"index":2949},"identifierName":"arg"},"name":"arg"},"computed":false,"property":{"type":"Identifier","start":2950,"end":2954,"loc":{"start":{"line":139,"column":25,"index":2950},"end":{"line":139,"column":29,"index":2954},"identifierName":"name"},"name":"name"}},"arguments":[]},"operator":"+","right":{"type":"ConditionalExpression","start":2960,"end":2994,"loc":{"start":{"line":139,"column":35,"index":2960},"end":{"line":139,"column":69,"index":2994}},"test":{"type":"BinaryExpression","start":2960,"end":2981,"loc":{"start":{"line":139,"column":35,"index":2960},"end":{"line":139,"column":56,"index":2981}},"left":{"type":"MemberExpression","start":2960,"end":2972,"loc":{"start":{"line":139,"column":35,"index":2960},"end":{"line":139,"column":47,"index":2972}},"object":{"type":"Identifier","start":2960,"end":2963,"loc":{"start":{"line":139,"column":35,"index":2960},"end":{"line":139,"column":38,"index":2963},"identifierName":"arg"},"name":"arg"},"computed":false,"property":{"type":"Identifier","start":2964,"end":2972,"loc":{"start":{"line":139,"column":39,"index":2964},"end":{"line":139,"column":47,"index":2972},"identifierName":"variadic"},"name":"variadic"}},"operator":"===","right":{"type":"BooleanLiteral","start":2977,"end":2981,"loc":{"start":{"line":139,"column":52,"index":2977},"end":{"line":139,"column":56,"index":2981}},"value":true}},"consequent":{"type":"StringLiteral","start":2984,"end":2989,"loc":{"start":{"line":139,"column":59,"index":2984},"end":{"line":139,"column":64,"index":2989}},"extra":{"rawValue":"...","raw":"'...'"},"value":"..."},"alternate":{"type":"StringLiteral","start":2992,"end":2994,"loc":{"start":{"line":139,"column":67,"index":2992},"end":{"line":139,"column":69,"index":2994}},"extra":{"rawValue":"","raw":"''"},"value":""},"extra":{"parenthesized":true,"parenStart":2959}}}}],"kind":"const"},{"type":"ReturnStatement","start":3000,"end":3078,"loc":{"start":{"line":141,"column":2,"index":3000},"end":{"line":143,"column":29,"index":3078}},"argument":{"type":"ConditionalExpression","start":3007,"end":3077,"loc":{"start":{"line":141,"column":9,"index":3007},"end":{"line":143,"column":28,"index":3077}},"test":{"type":"MemberExpression","start":3007,"end":3019,"loc":{"start":{"line":141,"column":9,"index":3007},"end":{"line":141,"column":21,"index":3019}},"object":{"type":"Identifier","start":3007,"end":3010,"loc":{"start":{"line":141,"column":9,"index":3007},"end":{"line":141,"column":12,"index":3010},"identifierName":"arg"},"name":"arg"},"computed":false,"property":{"type":"Identifier","start":3011,"end":3019,"loc":{"start":{"line":141,"column":13,"index":3011},"end":{"line":141,"column":21,"index":3019},"identifierName":"required"},"name":"required"}},"consequent":{"type":"BinaryExpression","start":3026,"end":3048,"loc":{"start":{"line":142,"column":6,"index":3026},"end":{"line":142,"column":28,"index":3048}},"left":{"type":"BinaryExpression","start":3026,"end":3042,"loc":{"start":{"line":142,"column":6,"index":3026},"end":{"line":142,"column":22,"index":3042}},"left":{"type":"StringLiteral","start":3026,"end":3029,"loc":{"start":{"line":142,"column":6,"index":3026},"end":{"line":142,"column":9,"index":3029}},"extra":{"rawValue":"<","raw":"'<'"},"value":"<"},"operator":"+","right":{"type":"Identifier","start":3032,"end":3042,"loc":{"start":{"line":142,"column":12,"index":3032},"end":{"line":142,"column":22,"index":3042},"identifierName":"nameOutput"},"name":"nameOutput"}},"operator":"+","right":{"type":"StringLiteral","start":3045,"end":3048,"loc":{"start":{"line":142,"column":25,"index":3045},"end":{"line":142,"column":28,"index":3048}},"extra":{"rawValue":">","raw":"'>'"},"value":">"}},"alternate":{"type":"BinaryExpression","start":3055,"end":3077,"loc":{"start":{"line":143,"column":6,"index":3055},"end":{"line":143,"column":28,"index":3077}},"left":{"type":"BinaryExpression","start":3055,"end":3071,"loc":{"start":{"line":143,"column":6,"index":3055},"end":{"line":143,"column":22,"index":3071}},"left":{"type":"StringLiteral","start":3055,"end":3058,"loc":{"start":{"line":143,"column":6,"index":3055},"end":{"line":143,"column":9,"index":3058}},"extra":{"rawValue":"[","raw":"'['"},"value":"["},"operator":"+","right":{"type":"Identifier","start":3061,"end":3071,"loc":{"start":{"line":143,"column":12,"index":3061},"end":{"line":143,"column":22,"index":3071},"identifierName":"nameOutput"},"name":"nameOutput"}},"operator":"+","right":{"type":"StringLiteral","start":3074,"end":3077,"loc":{"start":{"line":143,"column":25,"index":3074},"end":{"line":143,"column":28,"index":3077}},"extra":{"rawValue":"]","raw":"']'"},"value":"]"}}}}],"directives":[]},"leadingComments":[{"type":"CommentBlock","value":"*\n * Takes an argument and returns its human readable equivalent for help usage.\n *\n * @param {Argument} arg\n * @return {string}\n * @api private\n ","start":2736,"end":2886,"loc":{"start":{"line":130,"column":0,"index":2736},"end":{"line":136,"column":3,"index":2886}}}]},{"type":"ExpressionStatement","start":3082,"end":3110,"loc":{"start":{"line":146,"column":0,"index":3082},"end":{"line":146,"column":28,"index":3110}},"expression":{"type":"AssignmentExpression","start":3082,"end":3109,"loc":{"start":{"line":146,"column":0,"index":3082},"end":{"line":146,"column":27,"index":3109}},"operator":"=","left":{"type":"MemberExpression","start":3082,"end":3098,"loc":{"start":{"line":146,"column":0,"index":3082},"end":{"line":146,"column":16,"index":3098}},"object":{"type":"Identifier","start":3082,"end":3089,"loc":{"start":{"line":146,"column":0,"index":3082},"end":{"line":146,"column":7,"index":3089},"identifierName":"exports"},"name":"exports"},"computed":false,"property":{"type":"Identifier","start":3090,"end":3098,"loc":{"start":{"line":146,"column":8,"index":3090},"end":{"line":146,"column":16,"index":3098},"identifierName":"Argument"},"name":"Argument"}},"right":{"type":"Identifier","start":3101,"end":3109,"loc":{"start":{"line":146,"column":19,"index":3101},"end":{"line":146,"column":27,"index":3109},"identifierName":"Argument"},"name":"Argument"}}},{"type":"ExpressionStatement","start":3111,"end":3163,"loc":{"start":{"line":147,"column":0,"index":3111},"end":{"line":147,"column":52,"index":3163}},"expression":{"type":"AssignmentExpression","start":3111,"end":3162,"loc":{"start":{"line":147,"column":0,"index":3111},"end":{"line":147,"column":51,"index":3162}},"operator":"=","left":{"type":"MemberExpression","start":3111,"end":3139,"loc":{"start":{"line":147,"column":0,"index":3111},"end":{"line":147,"column":28,"index":3139}},"object":{"type":"Identifier","start":3111,"end":3118,"loc":{"start":{"line":147,"column":0,"index":3111},"end":{"line":147,"column":7,"index":3118},"identifierName":"exports"},"name":"exports"},"computed":false,"property":{"type":"Identifier","start":3119,"end":3139,"loc":{"start":{"line":147,"column":8,"index":3119},"end":{"line":147,"column":28,"index":3139},"identifierName":"humanReadableArgName"},"name":"humanReadableArgName"}},"right":{"type":"Identifier","start":3142,"end":3162,"loc":{"start":{"line":147,"column":31,"index":3142},"end":{"line":147,"column":51,"index":3162},"identifierName":"humanReadableArgName"},"name":"humanReadableArgName"}}}],"directives":[]},"comments":[{"type":"CommentLine","value":" @ts-check","start":57,"end":69,"loc":{"start":{"line":3,"column":0,"index":57},"end":{"line":3,"column":12,"index":69}}},{"type":"CommentBlock","value":"*\n   * Initialize a new command argument with the given name and description.\n   * The default is that the argument is required, and you can explicitly\n   * indicate this with <> around the name. Put [] around the name for an optional argument.\n   *\n   * @param {string} name\n   * @param {string} [description]\n   ","start":90,"end":408,"loc":{"start":{"line":6,"column":2,"index":90},"end":{"line":13,"column":5,"index":408}}},{"type":"CommentLine","value":" e.g. <required>","start":699,"end":717,"loc":{"start":{"line":24,"column":16,"index":699},"end":{"line":24,"column":34,"index":717}}},{"type":"CommentLine","value":" e.g. [optional]","start":819,"end":837,"loc":{"start":{"line":28,"column":16,"index":819},"end":{"line":28,"column":34,"index":837}}},{"type":"CommentBlock","value":"*\n   * Return argument name.\n   *\n   * @return {string}\n   ","start":1170,"end":1233,"loc":{"start":{"line":44,"column":2,"index":1170},"end":{"line":48,"column":5,"index":1233}}},{"type":"CommentBlock","value":"*\n   * @api private\n   ","start":1277,"end":1304,"loc":{"start":{"line":54,"column":2,"index":1277},"end":{"line":56,"column":5,"index":1304}}},{"type":"CommentBlock","value":"*\n   * Set the default value, and optionally supply the description to be displayed in the help.\n   *\n   * @param {any} value\n   * @param {string} [description]\n   * @return {Argument}\n   ","start":1481,"end":1673,"loc":{"start":{"line":66,"column":2,"index":1481},"end":{"line":72,"column":5,"index":1673}}},{"type":"CommentBlock","value":"*\n   * Set the custom handler for processing CLI command arguments into argument values.\n   *\n   * @param {Function} [fn]\n   * @return {Argument}\n   ","start":1811,"end":1964,"loc":{"start":{"line":80,"column":2,"index":1811},"end":{"line":85,"column":5,"index":1964}}},{"type":"CommentBlock","value":"*\n   * Only allow option value to be one of choices.\n   *\n   * @param {string[]} values\n   * @return {Argument}\n   ","start":2033,"end":2152,"loc":{"start":{"line":92,"column":2,"index":2033},"end":{"line":97,"column":5,"index":2152}}},{"type":"CommentBlock","value":"*\n   * Make option-argument required.\n   ","start":2507,"end":2552,"loc":{"start":{"line":113,"column":2,"index":2507},"end":{"line":115,"column":5,"index":2552}}},{"type":"CommentBlock","value":"*\n   * Make option-argument optional.\n   ","start":2621,"end":2666,"loc":{"start":{"line":121,"column":2,"index":2621},"end":{"line":123,"column":5,"index":2666}}},{"type":"CommentBlock","value":"*\n * Takes an argument and returns its human readable equivalent for help usage.\n *\n * @param {Argument} arg\n * @return {string}\n * @api private\n ","start":2736,"end":2886,"loc":{"start":{"line":130,"column":0,"index":2736},"end":{"line":136,"column":3,"index":2886}}}]}