{"type":"File","start":0,"end":1508,"loc":{"start":{"line":1,"column":0,"index":0},"end":{"line":51,"column":0,"index":1508}},"errors":[],"program":{"type":"Program","start":0,"end":1508,"loc":{"start":{"line":1,"column":0,"index":0},"end":{"line":51,"column":0,"index":1508}},"sourceType":"module","interpreter":{"type":"InterpreterDirective","start":0,"end":19,"loc":{"start":{"line":1,"column":0,"index":0},"end":{"line":1,"column":19,"index":19}},"value":"/usr/bin/env node","trailingComments":[{"type":"CommentLine","value":" const commander = require('commander'); // (normal include)","start":21,"end":83,"loc":{"start":{"line":3,"column":0,"index":21},"end":{"line":3,"column":62,"index":83}}}]},"body":[{"type":"VariableDeclaration","start":84,"end":117,"loc":{"start":{"line":4,"column":0,"index":84},"end":{"line":4,"column":33,"index":117}},"declarations":[{"type":"VariableDeclarator","start":90,"end":116,"loc":{"start":{"line":4,"column":6,"index":90},"end":{"line":4,"column":32,"index":116}},"id":{"type":"Identifier","start":90,"end":99,"loc":{"start":{"line":4,"column":6,"index":90},"end":{"line":4,"column":15,"index":99},"identifierName":"commander"},"name":"commander"},"init":{"type":"CallExpression","start":102,"end":116,"loc":{"start":{"line":4,"column":18,"index":102},"end":{"line":4,"column":32,"index":116}},"callee":{"type":"Identifier","start":102,"end":109,"loc":{"start":{"line":4,"column":18,"index":102},"end":{"line":4,"column":25,"index":109},"identifierName":"require"},"name":"require"},"arguments":[{"type":"StringLiteral","start":110,"end":115,"loc":{"start":{"line":4,"column":26,"index":110},"end":{"line":4,"column":31,"index":115}},"extra":{"rawValue":"../","raw":"'../'"},"value":"../"}]}}],"kind":"const","trailingComments":[{"type":"CommentLine","value":" include commander in git clone of commander repo","start":118,"end":169,"loc":{"start":{"line":4,"column":34,"index":118},"end":{"line":4,"column":85,"index":169}}},{"type":"CommentLine","value":" Use a class override to customise the command and its subcommands.","start":171,"end":240,"loc":{"start":{"line":6,"column":0,"index":171},"end":{"line":6,"column":69,"index":240}}}],"leadingComments":[{"type":"CommentLine","value":" const commander = require('commander'); // (normal include)","start":21,"end":83,"loc":{"start":{"line":3,"column":0,"index":21},"end":{"line":3,"column":62,"index":83}}}]},{"type":"ClassDeclaration","start":242,"end":522,"loc":{"start":{"line":8,"column":0,"index":242},"end":{"line":15,"column":1,"index":522}},"id":{"type":"Identifier","start":248,"end":264,"loc":{"start":{"line":8,"column":6,"index":248},"end":{"line":8,"column":22,"index":264},"identifierName":"CommandWithTrace"},"name":"CommandWithTrace"},"superClass":{"type":"MemberExpression","start":273,"end":290,"loc":{"start":{"line":8,"column":31,"index":273},"end":{"line":8,"column":48,"index":290}},"object":{"type":"Identifier","start":273,"end":282,"loc":{"start":{"line":8,"column":31,"index":273},"end":{"line":8,"column":40,"index":282},"identifierName":"commander"},"name":"commander"},"computed":false,"property":{"type":"Identifier","start":283,"end":290,"loc":{"start":{"line":8,"column":41,"index":283},"end":{"line":8,"column":48,"index":290},"identifierName":"Command"},"name":"Command"}},"body":{"type":"ClassBody","start":291,"end":522,"loc":{"start":{"line":8,"column":49,"index":291},"end":{"line":15,"column":1,"index":522}},"body":[{"type":"ClassMethod","start":295,"end":520,"loc":{"start":{"line":9,"column":2,"index":295},"end":{"line":14,"column":3,"index":520}},"static":false,"key":{"type":"Identifier","start":295,"end":308,"loc":{"start":{"line":9,"column":2,"index":295},"end":{"line":9,"column":15,"index":308},"identifierName":"createCommand"},"name":"createCommand"},"computed":false,"kind":"method","id":null,"generator":false,"async":false,"params":[{"type":"Identifier","start":309,"end":313,"loc":{"start":{"line":9,"column":16,"index":309},"end":{"line":9,"column":20,"index":313},"identifierName":"name"},"name":"name"}],"body":{"type":"BlockStatement","start":315,"end":520,"loc":{"start":{"line":9,"column":22,"index":315},"end":{"line":14,"column":3,"index":520}},"body":[{"type":"VariableDeclaration","start":321,"end":360,"loc":{"start":{"line":10,"column":4,"index":321},"end":{"line":10,"column":43,"index":360}},"declarations":[{"type":"VariableDeclarator","start":327,"end":359,"loc":{"start":{"line":10,"column":10,"index":327},"end":{"line":10,"column":42,"index":359}},"id":{"type":"Identifier","start":327,"end":330,"loc":{"start":{"line":10,"column":10,"index":327},"end":{"line":10,"column":13,"index":330},"identifierName":"cmd"},"name":"cmd"},"init":{"type":"NewExpression","start":333,"end":359,"loc":{"start":{"line":10,"column":16,"index":333},"end":{"line":10,"column":42,"index":359}},"callee":{"type":"Identifier","start":337,"end":353,"loc":{"start":{"line":10,"column":20,"index":337},"end":{"line":10,"column":36,"index":353},"identifierName":"CommandWithTrace"},"name":"CommandWithTrace"},"arguments":[{"type":"Identifier","start":354,"end":358,"loc":{"start":{"line":10,"column":37,"index":354},"end":{"line":10,"column":41,"index":358},"identifierName":"name"},"name":"name"}]}}],"kind":"const","trailingComments":[{"type":"CommentLine","value":" Add an option to subcommands created using `.command()`","start":365,"end":423,"loc":{"start":{"line":11,"column":4,"index":365},"end":{"line":11,"column":62,"index":423}}}]},{"type":"ExpressionStatement","start":428,"end":500,"loc":{"start":{"line":12,"column":4,"index":428},"end":{"line":12,"column":76,"index":500}},"expression":{"type":"CallExpression","start":428,"end":499,"loc":{"start":{"line":12,"column":4,"index":428},"end":{"line":12,"column":75,"index":499}},"callee":{"type":"MemberExpression","start":428,"end":438,"loc":{"start":{"line":12,"column":4,"index":428},"end":{"line":12,"column":14,"index":438}},"object":{"type":"Identifier","start":428,"end":431,"loc":{"start":{"line":12,"column":4,"index":428},"end":{"line":12,"column":7,"index":431},"identifierName":"cmd"},"name":"cmd"},"computed":false,"property":{"type":"Identifier","start":432,"end":438,"loc":{"start":{"line":12,"column":8,"index":432},"end":{"line":12,"column":14,"index":438},"identifierName":"option"},"name":"option"}},"arguments":[{"type":"StringLiteral","start":439,"end":452,"loc":{"start":{"line":12,"column":15,"index":439},"end":{"line":12,"column":28,"index":452}},"extra":{"rawValue":"-t, --trace","raw":"'-t, --trace'"},"value":"-t, --trace"},{"type":"StringLiteral","start":454,"end":498,"loc":{"start":{"line":12,"column":30,"index":454},"end":{"line":12,"column":74,"index":498}},"extra":{"rawValue":"display extra information when run command","raw":"'display extra information when run command'"},"value":"display extra information when run command"}]},"leadingComments":[{"type":"CommentLine","value":" Add an option to subcommands created using `.command()`","start":365,"end":423,"loc":{"start":{"line":11,"column":4,"index":365},"end":{"line":11,"column":62,"index":423}}}]},{"type":"ReturnStatement","start":505,"end":516,"loc":{"start":{"line":13,"column":4,"index":505},"end":{"line":13,"column":15,"index":516}},"argument":{"type":"Identifier","start":512,"end":515,"loc":{"start":{"line":13,"column":11,"index":512},"end":{"line":13,"column":14,"index":515},"identifierName":"cmd"},"name":"cmd"}}],"directives":[]}}]},"leadingComments":[{"type":"CommentLine","value":" include commander in git clone of commander repo","start":118,"end":169,"loc":{"start":{"line":4,"column":34,"index":118},"end":{"line":4,"column":85,"index":169}}},{"type":"CommentLine","value":" Use a class override to customise the command and its subcommands.","start":171,"end":240,"loc":{"start":{"line":6,"column":0,"index":171},"end":{"line":6,"column":69,"index":240}}}]},{"type":"EmptyStatement","start":522,"end":523,"loc":{"start":{"line":15,"column":1,"index":522},"end":{"line":15,"column":2,"index":523}}},{"type":"FunctionDeclaration","start":525,"end":789,"loc":{"start":{"line":17,"column":0,"index":525},"end":{"line":22,"column":1,"index":789}},"id":{"type":"Identifier","start":534,"end":547,"loc":{"start":{"line":17,"column":9,"index":534},"end":{"line":17,"column":22,"index":547},"identifierName":"inpectCommand"},"name":"inpectCommand"},"generator":false,"async":false,"params":[{"type":"Identifier","start":548,"end":555,"loc":{"start":{"line":17,"column":23,"index":548},"end":{"line":17,"column":30,"index":555},"identifierName":"command"},"name":"command"}],"body":{"type":"BlockStatement","start":557,"end":789,"loc":{"start":{"line":17,"column":32,"index":557},"end":{"line":22,"column":1,"index":789}},"body":[{"type":"ExpressionStatement","start":662,"end":704,"loc":{"start":{"line":19,"column":2,"index":662},"end":{"line":19,"column":44,"index":704}},"expression":{"type":"CallExpression","start":662,"end":703,"loc":{"start":{"line":19,"column":2,"index":662},"end":{"line":19,"column":43,"index":703}},"callee":{"type":"MemberExpression","start":662,"end":673,"loc":{"start":{"line":19,"column":2,"index":662},"end":{"line":19,"column":13,"index":673}},"object":{"type":"Identifier","start":662,"end":669,"loc":{"start":{"line":19,"column":2,"index":662},"end":{"line":19,"column":9,"index":669},"identifierName":"console"},"name":"console"},"computed":false,"property":{"type":"Identifier","start":670,"end":673,"loc":{"start":{"line":19,"column":10,"index":670},"end":{"line":19,"column":13,"index":673},"identifierName":"log"},"name":"log"}},"arguments":[{"type":"TemplateLiteral","start":674,"end":702,"loc":{"start":{"line":19,"column":14,"index":674},"end":{"line":19,"column":42,"index":702}},"expressions":[{"type":"CallExpression","start":685,"end":699,"loc":{"start":{"line":19,"column":25,"index":685},"end":{"line":19,"column":39,"index":699}},"callee":{"type":"MemberExpression","start":685,"end":697,"loc":{"start":{"line":19,"column":25,"index":685},"end":{"line":19,"column":37,"index":697}},"object":{"type":"Identifier","start":685,"end":692,"loc":{"start":{"line":19,"column":25,"index":685},"end":{"line":19,"column":32,"index":692},"identifierName":"command"},"name":"command"},"computed":false,"property":{"type":"Identifier","start":693,"end":697,"loc":{"start":{"line":19,"column":33,"index":693},"end":{"line":19,"column":37,"index":697},"identifierName":"name"},"name":"name"}},"arguments":[]}],"quasis":[{"type":"TemplateElement","start":675,"end":683,"loc":{"start":{"line":19,"column":15,"index":675},"end":{"line":19,"column":23,"index":683}},"value":{"raw":"Called '","cooked":"Called '"},"tail":false},{"type":"TemplateElement","start":700,"end":701,"loc":{"start":{"line":19,"column":40,"index":700},"end":{"line":19,"column":41,"index":701}},"value":{"raw":"'","cooked":"'"},"tail":true}]}]},"leadingComments":[{"type":"CommentLine","value":" The option value is stored as property on command because we called .storeOptionsAsProperties()","start":561,"end":659,"loc":{"start":{"line":18,"column":2,"index":561},"end":{"line":18,"column":100,"index":659}}}]},{"type":"ExpressionStatement","start":707,"end":744,"loc":{"start":{"line":20,"column":2,"index":707},"end":{"line":20,"column":39,"index":744}},"expression":{"type":"CallExpression","start":707,"end":743,"loc":{"start":{"line":20,"column":2,"index":707},"end":{"line":20,"column":38,"index":743}},"callee":{"type":"MemberExpression","start":707,"end":718,"loc":{"start":{"line":20,"column":2,"index":707},"end":{"line":20,"column":13,"index":718}},"object":{"type":"Identifier","start":707,"end":714,"loc":{"start":{"line":20,"column":2,"index":707},"end":{"line":20,"column":9,"index":714},"identifierName":"console"},"name":"console"},"computed":false,"property":{"type":"Identifier","start":715,"end":718,"loc":{"start":{"line":20,"column":10,"index":715},"end":{"line":20,"column":13,"index":718},"identifierName":"log"},"name":"log"}},"arguments":[{"type":"TemplateLiteral","start":719,"end":742,"loc":{"start":{"line":20,"column":14,"index":719},"end":{"line":20,"column":37,"index":742}},"expressions":[{"type":"MemberExpression","start":728,"end":740,"loc":{"start":{"line":20,"column":23,"index":728},"end":{"line":20,"column":35,"index":740}},"object":{"type":"Identifier","start":728,"end":735,"loc":{"start":{"line":20,"column":23,"index":728},"end":{"line":20,"column":30,"index":735},"identifierName":"command"},"name":"command"},"computed":false,"property":{"type":"Identifier","start":736,"end":740,"loc":{"start":{"line":20,"column":31,"index":736},"end":{"line":20,"column":35,"index":740},"identifierName":"args"},"name":"args"}}],"quasis":[{"type":"TemplateElement","start":720,"end":726,"loc":{"start":{"line":20,"column":15,"index":720},"end":{"line":20,"column":21,"index":726}},"value":{"raw":"args: ","cooked":"args: "},"tail":false},{"type":"TemplateElement","start":741,"end":741,"loc":{"start":{"line":20,"column":36,"index":741},"end":{"line":20,"column":36,"index":741}},"value":{"raw":"","cooked":""},"tail":true}]}]}},{"type":"ExpressionStatement","start":747,"end":787,"loc":{"start":{"line":21,"column":2,"index":747},"end":{"line":21,"column":42,"index":787}},"expression":{"type":"CallExpression","start":747,"end":786,"loc":{"start":{"line":21,"column":2,"index":747},"end":{"line":21,"column":41,"index":786}},"callee":{"type":"MemberExpression","start":747,"end":758,"loc":{"start":{"line":21,"column":2,"index":747},"end":{"line":21,"column":13,"index":758}},"object":{"type":"Identifier","start":747,"end":754,"loc":{"start":{"line":21,"column":2,"index":747},"end":{"line":21,"column":9,"index":754},"identifierName":"console"},"name":"console"},"computed":false,"property":{"type":"Identifier","start":755,"end":758,"loc":{"start":{"line":21,"column":10,"index":755},"end":{"line":21,"column":13,"index":758},"identifierName":"log"},"name":"log"}},"arguments":[{"type":"StringLiteral","start":759,"end":769,"loc":{"start":{"line":21,"column":14,"index":759},"end":{"line":21,"column":24,"index":769}},"extra":{"rawValue":"opts: %o","raw":"'opts: %o'"},"value":"opts: %o"},{"type":"CallExpression","start":771,"end":785,"loc":{"start":{"line":21,"column":26,"index":771},"end":{"line":21,"column":40,"index":785}},"callee":{"type":"MemberExpression","start":771,"end":783,"loc":{"start":{"line":21,"column":26,"index":771},"end":{"line":21,"column":38,"index":783}},"object":{"type":"Identifier","start":771,"end":778,"loc":{"start":{"line":21,"column":26,"index":771},"end":{"line":21,"column":33,"index":778},"identifierName":"command"},"name":"command"},"computed":false,"property":{"type":"Identifier","start":779,"end":783,"loc":{"start":{"line":21,"column":34,"index":779},"end":{"line":21,"column":38,"index":783},"identifierName":"opts"},"name":"opts"}},"arguments":[]}]}}],"directives":[]}},{"type":"EmptyStatement","start":789,"end":790,"loc":{"start":{"line":22,"column":1,"index":789},"end":{"line":22,"column":2,"index":790}}},{"type":"VariableDeclaration","start":792,"end":935,"loc":{"start":{"line":24,"column":0,"index":792},"end":{"line":28,"column":5,"index":935}},"declarations":[{"type":"VariableDeclarator","start":798,"end":934,"loc":{"start":{"line":24,"column":6,"index":798},"end":{"line":28,"column":4,"index":934}},"id":{"type":"Identifier","start":798,"end":805,"loc":{"start":{"line":24,"column":6,"index":798},"end":{"line":24,"column":13,"index":805},"identifierName":"program"},"name":"program"},"init":{"type":"CallExpression","start":808,"end":934,"loc":{"start":{"line":24,"column":16,"index":808},"end":{"line":28,"column":4,"index":934}},"callee":{"type":"MemberExpression","start":808,"end":877,"loc":{"start":{"line":24,"column":16,"index":808},"end":{"line":26,"column":9,"index":877}},"object":{"type":"CallExpression","start":808,"end":867,"loc":{"start":{"line":24,"column":16,"index":808},"end":{"line":25,"column":27,"index":867}},"callee":{"type":"MemberExpression","start":808,"end":849,"loc":{"start":{"line":24,"column":16,"index":808},"end":{"line":25,"column":9,"index":849}},"object":{"type":"NewExpression","start":808,"end":839,"loc":{"start":{"line":24,"column":16,"index":808},"end":{"line":24,"column":47,"index":839}},"callee":{"type":"Identifier","start":812,"end":828,"loc":{"start":{"line":24,"column":20,"index":812},"end":{"line":24,"column":36,"index":828},"identifierName":"CommandWithTrace"},"name":"CommandWithTrace"},"arguments":[{"type":"StringLiteral","start":829,"end":838,"loc":{"start":{"line":24,"column":37,"index":829},"end":{"line":24,"column":46,"index":838}},"extra":{"rawValue":"program","raw":"'program'"},"value":"program"}]},"computed":false,"property":{"type":"Identifier","start":843,"end":849,"loc":{"start":{"line":25,"column":3,"index":843},"end":{"line":25,"column":9,"index":849},"identifierName":"option"},"name":"option"}},"arguments":[{"type":"StringLiteral","start":850,"end":866,"loc":{"start":{"line":25,"column":10,"index":850},"end":{"line":25,"column":26,"index":866}},"extra":{"rawValue":"-v, ---verbose","raw":"'-v, ---verbose'"},"value":"-v, ---verbose"}]},"computed":false,"property":{"type":"Identifier","start":871,"end":877,"loc":{"start":{"line":26,"column":3,"index":871},"end":{"line":26,"column":9,"index":877},"identifierName":"action"},"name":"action"}},"arguments":[{"type":"ArrowFunctionExpression","start":878,"end":933,"loc":{"start":{"line":26,"column":10,"index":878},"end":{"line":28,"column":3,"index":933}},"id":null,"generator":false,"async":false,"params":[{"type":"Identifier","start":879,"end":886,"loc":{"start":{"line":26,"column":11,"index":879},"end":{"line":26,"column":18,"index":886},"identifierName":"options"},"name":"options"},{"type":"Identifier","start":888,"end":895,"loc":{"start":{"line":26,"column":20,"index":888},"end":{"line":26,"column":27,"index":895},"identifierName":"command"},"name":"command"}],"body":{"type":"BlockStatement","start":900,"end":933,"loc":{"start":{"line":26,"column":32,"index":900},"end":{"line":28,"column":3,"index":933}},"body":[{"type":"ExpressionStatement","start":906,"end":929,"loc":{"start":{"line":27,"column":4,"index":906},"end":{"line":27,"column":27,"index":929}},"expression":{"type":"CallExpression","start":906,"end":928,"loc":{"start":{"line":27,"column":4,"index":906},"end":{"line":27,"column":26,"index":928}},"callee":{"type":"Identifier","start":906,"end":919,"loc":{"start":{"line":27,"column":4,"index":906},"end":{"line":27,"column":17,"index":919},"identifierName":"inpectCommand"},"name":"inpectCommand"},"arguments":[{"type":"Identifier","start":920,"end":927,"loc":{"start":{"line":27,"column":18,"index":920},"end":{"line":27,"column":25,"index":927},"identifierName":"command"},"name":"command"}]}}],"directives":[]}}]}}],"kind":"const"},{"type":"ExpressionStatement","start":937,"end":1100,"loc":{"start":{"line":30,"column":0,"index":937},"end":{"line":35,"column":5,"index":1100}},"expression":{"type":"CallExpression","start":937,"end":1099,"loc":{"start":{"line":30,"column":0,"index":937},"end":{"line":35,"column":4,"index":1099}},"callee":{"type":"MemberExpression","start":937,"end":1034,"loc":{"start":{"line":30,"column":0,"index":937},"end":{"line":33,"column":9,"index":1034}},"object":{"type":"CallExpression","start":937,"end":1024,"loc":{"start":{"line":30,"column":0,"index":937},"end":{"line":32,"column":47,"index":1024}},"callee":{"type":"MemberExpression","start":937,"end":986,"loc":{"start":{"line":30,"column":0,"index":937},"end":{"line":32,"column":9,"index":986}},"object":{"type":"CallExpression","start":937,"end":976,"loc":{"start":{"line":30,"column":0,"index":937},"end":{"line":31,"column":31,"index":976}},"callee":{"type":"MemberExpression","start":937,"end":955,"loc":{"start":{"line":30,"column":0,"index":937},"end":{"line":31,"column":10,"index":955}},"object":{"type":"Identifier","start":937,"end":944,"loc":{"start":{"line":30,"column":0,"index":937},"end":{"line":30,"column":7,"index":944},"identifierName":"program"},"name":"program"},"computed":false,"property":{"type":"Identifier","start":948,"end":955,"loc":{"start":{"line":31,"column":3,"index":948},"end":{"line":31,"column":10,"index":955},"identifierName":"command"},"name":"command"}},"arguments":[{"type":"StringLiteral","start":956,"end":975,"loc":{"start":{"line":31,"column":11,"index":956},"end":{"line":31,"column":30,"index":975}},"extra":{"rawValue":"serve [params...]","raw":"'serve [params...]'"},"value":"serve [params...]"}]},"computed":false,"property":{"type":"Identifier","start":980,"end":986,"loc":{"start":{"line":32,"column":3,"index":980},"end":{"line":32,"column":9,"index":986},"identifierName":"option"},"name":"option"}},"arguments":[{"type":"StringLiteral","start":987,"end":1008,"loc":{"start":{"line":32,"column":10,"index":987},"end":{"line":32,"column":31,"index":1008}},"extra":{"rawValue":"-p, --port <number>","raw":"'-p, --port <number>'"},"value":"-p, --port <number>"},{"type":"StringLiteral","start":1010,"end":1023,"loc":{"start":{"line":32,"column":33,"index":1010},"end":{"line":32,"column":46,"index":1023}},"extra":{"rawValue":"port number","raw":"'port number'"},"value":"port number"}]},"computed":false,"property":{"type":"Identifier","start":1028,"end":1034,"loc":{"start":{"line":33,"column":3,"index":1028},"end":{"line":33,"column":9,"index":1034},"identifierName":"action"},"name":"action"}},"arguments":[{"type":"ArrowFunctionExpression","start":1035,"end":1098,"loc":{"start":{"line":33,"column":10,"index":1035},"end":{"line":35,"column":3,"index":1098}},"id":null,"generator":false,"async":false,"params":[{"type":"Identifier","start":1036,"end":1042,"loc":{"start":{"line":33,"column":11,"index":1036},"end":{"line":33,"column":17,"index":1042},"identifierName":"params"},"name":"params"},{"type":"Identifier","start":1044,"end":1051,"loc":{"start":{"line":33,"column":19,"index":1044},"end":{"line":33,"column":26,"index":1051},"identifierName":"options"},"name":"options"},{"type":"Identifier","start":1053,"end":1060,"loc":{"start":{"line":33,"column":28,"index":1053},"end":{"line":33,"column":35,"index":1060},"identifierName":"command"},"name":"command"}],"body":{"type":"BlockStatement","start":1065,"end":1098,"loc":{"start":{"line":33,"column":40,"index":1065},"end":{"line":35,"column":3,"index":1098}},"body":[{"type":"ExpressionStatement","start":1071,"end":1094,"loc":{"start":{"line":34,"column":4,"index":1071},"end":{"line":34,"column":27,"index":1094}},"expression":{"type":"CallExpression","start":1071,"end":1093,"loc":{"start":{"line":34,"column":4,"index":1071},"end":{"line":34,"column":26,"index":1093}},"callee":{"type":"Identifier","start":1071,"end":1084,"loc":{"start":{"line":34,"column":4,"index":1071},"end":{"line":34,"column":17,"index":1084},"identifierName":"inpectCommand"},"name":"inpectCommand"},"arguments":[{"type":"Identifier","start":1085,"end":1092,"loc":{"start":{"line":34,"column":18,"index":1085},"end":{"line":34,"column":25,"index":1092},"identifierName":"command"},"name":"command"}]}}],"directives":[]}}]}},{"type":"ExpressionStatement","start":1102,"end":1219,"loc":{"start":{"line":37,"column":0,"index":1102},"end":{"line":41,"column":5,"index":1219}},"expression":{"type":"CallExpression","start":1102,"end":1218,"loc":{"start":{"line":37,"column":0,"index":1102},"end":{"line":41,"column":4,"index":1218}},"callee":{"type":"MemberExpression","start":1102,"end":1148,"loc":{"start":{"line":37,"column":0,"index":1102},"end":{"line":39,"column":9,"index":1148}},"object":{"type":"CallExpression","start":1102,"end":1138,"loc":{"start":{"line":37,"column":0,"index":1102},"end":{"line":38,"column":28,"index":1138}},"callee":{"type":"MemberExpression","start":1102,"end":1120,"loc":{"start":{"line":37,"column":0,"index":1102},"end":{"line":38,"column":10,"index":1120}},"object":{"type":"Identifier","start":1102,"end":1109,"loc":{"start":{"line":37,"column":0,"index":1102},"end":{"line":37,"column":7,"index":1109},"identifierName":"program"},"name":"program"},"computed":false,"property":{"type":"Identifier","start":1113,"end":1120,"loc":{"start":{"line":38,"column":3,"index":1113},"end":{"line":38,"column":10,"index":1120},"identifierName":"command"},"name":"command"}},"arguments":[{"type":"StringLiteral","start":1121,"end":1137,"loc":{"start":{"line":38,"column":11,"index":1121},"end":{"line":38,"column":27,"index":1137}},"extra":{"rawValue":"build <target>","raw":"'build <target>'"},"value":"build <target>"}]},"computed":false,"property":{"type":"Identifier","start":1142,"end":1148,"loc":{"start":{"line":39,"column":3,"index":1142},"end":{"line":39,"column":9,"index":1148},"identifierName":"action"},"name":"action"}},"arguments":[{"type":"ArrowFunctionExpression","start":1149,"end":1217,"loc":{"start":{"line":39,"column":10,"index":1149},"end":{"line":41,"column":3,"index":1217}},"id":null,"generator":false,"async":false,"params":[{"type":"Identifier","start":1150,"end":1161,"loc":{"start":{"line":39,"column":11,"index":1150},"end":{"line":39,"column":22,"index":1161},"identifierName":"buildTarget"},"name":"buildTarget"},{"type":"Identifier","start":1163,"end":1170,"loc":{"start":{"line":39,"column":24,"index":1163},"end":{"line":39,"column":31,"index":1170},"identifierName":"options"},"name":"options"},{"type":"Identifier","start":1172,"end":1179,"loc":{"start":{"line":39,"column":33,"index":1172},"end":{"line":39,"column":40,"index":1179},"identifierName":"command"},"name":"command"}],"body":{"type":"BlockStatement","start":1184,"end":1217,"loc":{"start":{"line":39,"column":45,"index":1184},"end":{"line":41,"column":3,"index":1217}},"body":[{"type":"ExpressionStatement","start":1190,"end":1213,"loc":{"start":{"line":40,"column":4,"index":1190},"end":{"line":40,"column":27,"index":1213}},"expression":{"type":"CallExpression","start":1190,"end":1212,"loc":{"start":{"line":40,"column":4,"index":1190},"end":{"line":40,"column":26,"index":1212}},"callee":{"type":"Identifier","start":1190,"end":1203,"loc":{"start":{"line":40,"column":4,"index":1190},"end":{"line":40,"column":17,"index":1203},"identifierName":"inpectCommand"},"name":"inpectCommand"},"arguments":[{"type":"Identifier","start":1204,"end":1211,"loc":{"start":{"line":40,"column":18,"index":1204},"end":{"line":40,"column":25,"index":1211},"identifierName":"command"},"name":"command"}]}}],"directives":[]}}]}},{"type":"ExpressionStatement","start":1221,"end":1237,"loc":{"start":{"line":43,"column":0,"index":1221},"end":{"line":43,"column":16,"index":1237}},"expression":{"type":"CallExpression","start":1221,"end":1236,"loc":{"start":{"line":43,"column":0,"index":1221},"end":{"line":43,"column":15,"index":1236}},"callee":{"type":"MemberExpression","start":1221,"end":1234,"loc":{"start":{"line":43,"column":0,"index":1221},"end":{"line":43,"column":13,"index":1234}},"object":{"type":"Identifier","start":1221,"end":1228,"loc":{"start":{"line":43,"column":0,"index":1221},"end":{"line":43,"column":7,"index":1228},"identifierName":"program"},"name":"program"},"computed":false,"property":{"type":"Identifier","start":1229,"end":1234,"loc":{"start":{"line":43,"column":8,"index":1229},"end":{"line":43,"column":13,"index":1234},"identifierName":"parse"},"name":"parse"}},"arguments":[]},"trailingComments":[{"type":"CommentLine","value":" Try the following:","start":1239,"end":1260,"loc":{"start":{"line":45,"column":0,"index":1239},"end":{"line":45,"column":21,"index":1260}}},{"type":"CommentLine","value":"    node custom-command-class.js --help","start":1261,"end":1302,"loc":{"start":{"line":46,"column":0,"index":1261},"end":{"line":46,"column":41,"index":1302}}},{"type":"CommentLine","value":"    node custom-command-class.js serve --help","start":1303,"end":1350,"loc":{"start":{"line":47,"column":0,"index":1303},"end":{"line":47,"column":47,"index":1350}}},{"type":"CommentLine","value":"    node custom-command-class.js serve -t -p 80 a b c","start":1351,"end":1406,"loc":{"start":{"line":48,"column":0,"index":1351},"end":{"line":48,"column":55,"index":1406}}},{"type":"CommentLine","value":"    node custom-command-class.js build --help","start":1407,"end":1454,"loc":{"start":{"line":49,"column":0,"index":1407},"end":{"line":49,"column":47,"index":1454}}},{"type":"CommentLine","value":"    node custom-command-class.js build --trace foo","start":1455,"end":1507,"loc":{"start":{"line":50,"column":0,"index":1455},"end":{"line":50,"column":52,"index":1507}}}]}],"directives":[]},"comments":[{"type":"CommentLine","value":" const commander = require('commander'); // (normal include)","start":21,"end":83,"loc":{"start":{"line":3,"column":0,"index":21},"end":{"line":3,"column":62,"index":83}}},{"type":"CommentLine","value":" include commander in git clone of commander repo","start":118,"end":169,"loc":{"start":{"line":4,"column":34,"index":118},"end":{"line":4,"column":85,"index":169}}},{"type":"CommentLine","value":" Use a class override to customise the command and its subcommands.","start":171,"end":240,"loc":{"start":{"line":6,"column":0,"index":171},"end":{"line":6,"column":69,"index":240}}},{"type":"CommentLine","value":" Add an option to subcommands created using `.command()`","start":365,"end":423,"loc":{"start":{"line":11,"column":4,"index":365},"end":{"line":11,"column":62,"index":423}}},{"type":"CommentLine","value":" The option value is stored as property on command because we called .storeOptionsAsProperties()","start":561,"end":659,"loc":{"start":{"line":18,"column":2,"index":561},"end":{"line":18,"column":100,"index":659}}},{"type":"CommentLine","value":" Try the following:","start":1239,"end":1260,"loc":{"start":{"line":45,"column":0,"index":1239},"end":{"line":45,"column":21,"index":1260}}},{"type":"CommentLine","value":"    node custom-command-class.js --help","start":1261,"end":1302,"loc":{"start":{"line":46,"column":0,"index":1261},"end":{"line":46,"column":41,"index":1302}}},{"type":"CommentLine","value":"    node custom-command-class.js serve --help","start":1303,"end":1350,"loc":{"start":{"line":47,"column":0,"index":1303},"end":{"line":47,"column":47,"index":1350}}},{"type":"CommentLine","value":"    node custom-command-class.js serve -t -p 80 a b c","start":1351,"end":1406,"loc":{"start":{"line":48,"column":0,"index":1351},"end":{"line":48,"column":55,"index":1406}}},{"type":"CommentLine","value":"    node custom-command-class.js build --help","start":1407,"end":1454,"loc":{"start":{"line":49,"column":0,"index":1407},"end":{"line":49,"column":47,"index":1454}}},{"type":"CommentLine","value":"    node custom-command-class.js build --trace foo","start":1455,"end":1507,"loc":{"start":{"line":50,"column":0,"index":1455},"end":{"line":50,"column":52,"index":1507}}}]}