{"type":"File","start":0,"end":791,"loc":{"start":{"line":1,"column":0,"index":0},"end":{"line":25,"column":0,"index":791}},"errors":[],"program":{"type":"Program","start":0,"end":791,"loc":{"start":{"line":1,"column":0,"index":0},"end":{"line":25,"column":0,"index":791}},"sourceType":"module","interpreter":null,"body":[{"type":"VariableDeclaration","start":63,"end":96,"loc":{"start":{"line":2,"column":0,"index":63},"end":{"line":2,"column":33,"index":96}},"declarations":[{"type":"VariableDeclarator","start":69,"end":95,"loc":{"start":{"line":2,"column":6,"index":69},"end":{"line":2,"column":32,"index":95}},"id":{"type":"Identifier","start":69,"end":78,"loc":{"start":{"line":2,"column":6,"index":69},"end":{"line":2,"column":15,"index":78},"identifierName":"commander"},"name":"commander"},"init":{"type":"CallExpression","start":81,"end":95,"loc":{"start":{"line":2,"column":18,"index":81},"end":{"line":2,"column":32,"index":95}},"callee":{"type":"Identifier","start":81,"end":88,"loc":{"start":{"line":2,"column":18,"index":81},"end":{"line":2,"column":25,"index":88},"identifierName":"require"},"name":"require"},"arguments":[{"type":"StringLiteral","start":89,"end":94,"loc":{"start":{"line":2,"column":26,"index":89},"end":{"line":2,"column":31,"index":94}},"extra":{"rawValue":"../","raw":"'../'"},"value":"../"}]}}],"kind":"const","trailingComments":[{"type":"CommentLine","value":" include commander in git clone of commander repo","start":97,"end":148,"loc":{"start":{"line":2,"column":34,"index":97},"end":{"line":2,"column":85,"index":148}}}],"leadingComments":[{"type":"CommentLine","value":" const commander = require('commander'); // (normal include)","start":0,"end":62,"loc":{"start":{"line":1,"column":0,"index":0},"end":{"line":1,"column":62,"index":62}}}]},{"type":"VariableDeclaration","start":150,"end":190,"loc":{"start":{"line":4,"column":0,"index":150},"end":{"line":4,"column":40,"index":190}},"declarations":[{"type":"VariableDeclarator","start":156,"end":189,"loc":{"start":{"line":4,"column":6,"index":156},"end":{"line":4,"column":39,"index":189}},"id":{"type":"Identifier","start":156,"end":163,"loc":{"start":{"line":4,"column":6,"index":156},"end":{"line":4,"column":13,"index":163},"identifierName":"program"},"name":"program"},"init":{"type":"NewExpression","start":166,"end":189,"loc":{"start":{"line":4,"column":16,"index":166},"end":{"line":4,"column":39,"index":189}},"callee":{"type":"MemberExpression","start":170,"end":187,"loc":{"start":{"line":4,"column":20,"index":170},"end":{"line":4,"column":37,"index":187}},"object":{"type":"Identifier","start":170,"end":179,"loc":{"start":{"line":4,"column":20,"index":170},"end":{"line":4,"column":29,"index":179},"identifierName":"commander"},"name":"commander"},"computed":false,"property":{"type":"Identifier","start":180,"end":187,"loc":{"start":{"line":4,"column":30,"index":180},"end":{"line":4,"column":37,"index":187},"identifierName":"Command"},"name":"Command"}},"arguments":[]}}],"kind":"const","trailingComments":[{"type":"CommentLine","value":" This example shows a simple use of configureHelp.","start":192,"end":244,"loc":{"start":{"line":6,"column":0,"index":192},"end":{"line":6,"column":52,"index":244}}},{"type":"CommentLine","value":" This is used as an example in the README.","start":245,"end":289,"loc":{"start":{"line":7,"column":0,"index":245},"end":{"line":7,"column":44,"index":289}}}],"leadingComments":[{"type":"CommentLine","value":" include commander in git clone of commander repo","start":97,"end":148,"loc":{"start":{"line":2,"column":34,"index":97},"end":{"line":2,"column":85,"index":148}}}]},{"type":"ExpressionStatement","start":291,"end":428,"loc":{"start":{"line":9,"column":0,"index":291},"end":{"line":12,"column":3,"index":428}},"expression":{"type":"CallExpression","start":291,"end":427,"loc":{"start":{"line":9,"column":0,"index":291},"end":{"line":12,"column":2,"index":427}},"callee":{"type":"MemberExpression","start":291,"end":312,"loc":{"start":{"line":9,"column":0,"index":291},"end":{"line":9,"column":21,"index":312}},"object":{"type":"Identifier","start":291,"end":298,"loc":{"start":{"line":9,"column":0,"index":291},"end":{"line":9,"column":7,"index":298},"identifierName":"program"},"name":"program"},"computed":false,"property":{"type":"Identifier","start":299,"end":312,"loc":{"start":{"line":9,"column":8,"index":299},"end":{"line":9,"column":21,"index":312},"identifierName":"configureHelp"},"name":"configureHelp"}},"arguments":[{"type":"ObjectExpression","start":313,"end":426,"loc":{"start":{"line":9,"column":22,"index":313},"end":{"line":12,"column":1,"index":426}},"properties":[{"type":"ObjectProperty","start":317,"end":338,"loc":{"start":{"line":10,"column":2,"index":317},"end":{"line":10,"column":23,"index":338}},"method":false,"key":{"type":"Identifier","start":317,"end":332,"loc":{"start":{"line":10,"column":2,"index":317},"end":{"line":10,"column":17,"index":332},"identifierName":"sortSubcommands"},"name":"sortSubcommands"},"computed":false,"shorthand":false,"value":{"type":"BooleanLiteral","start":334,"end":338,"loc":{"start":{"line":10,"column":19,"index":334},"end":{"line":10,"column":23,"index":338}},"value":true}},{"type":"ObjectProperty","start":342,"end":377,"loc":{"start":{"line":11,"column":2,"index":342},"end":{"line":11,"column":37,"index":377}},"method":false,"key":{"type":"Identifier","start":342,"end":356,"loc":{"start":{"line":11,"column":2,"index":342},"end":{"line":11,"column":16,"index":356},"identifierName":"subcommandTerm"},"name":"subcommandTerm"},"computed":false,"shorthand":false,"value":{"type":"ArrowFunctionExpression","start":358,"end":377,"loc":{"start":{"line":11,"column":18,"index":358},"end":{"line":11,"column":37,"index":377}},"id":null,"generator":false,"async":false,"params":[{"type":"Identifier","start":359,"end":362,"loc":{"start":{"line":11,"column":19,"index":359},"end":{"line":11,"column":22,"index":362},"identifierName":"cmd"},"name":"cmd"}],"body":{"type":"CallExpression","start":367,"end":377,"loc":{"start":{"line":11,"column":27,"index":367},"end":{"line":11,"column":37,"index":377}},"callee":{"type":"MemberExpression","start":367,"end":375,"loc":{"start":{"line":11,"column":27,"index":367},"end":{"line":11,"column":35,"index":375}},"object":{"type":"Identifier","start":367,"end":370,"loc":{"start":{"line":11,"column":27,"index":367},"end":{"line":11,"column":30,"index":370},"identifierName":"cmd"},"name":"cmd"},"computed":false,"property":{"type":"Identifier","start":371,"end":375,"loc":{"start":{"line":11,"column":31,"index":371},"end":{"line":11,"column":35,"index":375},"identifierName":"name"},"name":"name"}},"arguments":[]}},"trailingComments":[{"type":"CommentLine","value":" Just show the name, instead of short usage.","start":378,"end":424,"loc":{"start":{"line":11,"column":38,"index":378},"end":{"line":11,"column":84,"index":424}}}]}]}]},"leadingComments":[{"type":"CommentLine","value":" This example shows a simple use of configureHelp.","start":192,"end":244,"loc":{"start":{"line":6,"column":0,"index":192},"end":{"line":6,"column":52,"index":244}}},{"type":"CommentLine","value":" This is used as an example in the README.","start":245,"end":289,"loc":{"start":{"line":7,"column":0,"index":245},"end":{"line":7,"column":44,"index":289}}}]},{"type":"ExpressionStatement","start":430,"end":533,"loc":{"start":{"line":14,"column":0,"index":430},"end":{"line":14,"column":103,"index":533}},"expression":{"type":"CallExpression","start":430,"end":532,"loc":{"start":{"line":14,"column":0,"index":430},"end":{"line":14,"column":102,"index":532}},"callee":{"type":"MemberExpression","start":430,"end":445,"loc":{"start":{"line":14,"column":0,"index":430},"end":{"line":14,"column":15,"index":445}},"object":{"type":"Identifier","start":430,"end":437,"loc":{"start":{"line":14,"column":0,"index":430},"end":{"line":14,"column":7,"index":437},"identifierName":"program"},"name":"program"},"computed":false,"property":{"type":"Identifier","start":438,"end":445,"loc":{"start":{"line":14,"column":8,"index":438},"end":{"line":14,"column":15,"index":445},"identifierName":"command"},"name":"command"}},"arguments":[{"type":"StringLiteral","start":446,"end":465,"loc":{"start":{"line":14,"column":16,"index":446},"end":{"line":14,"column":35,"index":465}},"extra":{"rawValue":"zebra <herd-size>","raw":"'zebra <herd-size>'"},"value":"zebra <herd-size>"},{"type":"StringLiteral","start":467,"end":531,"loc":{"start":{"line":14,"column":37,"index":467},"end":{"line":14,"column":101,"index":531}},"extra":{"rawValue":"African equines with distinctive black-and-white striped coats","raw":"'African equines with distinctive black-and-white striped coats'"},"value":"African equines with distinctive black-and-white striped coats"}]}},{"type":"ExpressionStatement","start":534,"end":616,"loc":{"start":{"line":15,"column":0,"index":534},"end":{"line":15,"column":82,"index":616}},"expression":{"type":"CallExpression","start":534,"end":615,"loc":{"start":{"line":15,"column":0,"index":534},"end":{"line":15,"column":81,"index":615}},"callee":{"type":"MemberExpression","start":534,"end":549,"loc":{"start":{"line":15,"column":0,"index":534},"end":{"line":15,"column":15,"index":549}},"object":{"type":"Identifier","start":534,"end":541,"loc":{"start":{"line":15,"column":0,"index":534},"end":{"line":15,"column":7,"index":541},"identifierName":"program"},"name":"program"},"computed":false,"property":{"type":"Identifier","start":542,"end":549,"loc":{"start":{"line":15,"column":8,"index":542},"end":{"line":15,"column":15,"index":549},"identifierName":"command"},"name":"command"}},"arguments":[{"type":"StringLiteral","start":550,"end":569,"loc":{"start":{"line":15,"column":16,"index":550},"end":{"line":15,"column":35,"index":569}},"extra":{"rawValue":"aardvark [colour]","raw":"'aardvark [colour]'"},"value":"aardvark [colour]"},{"type":"StringLiteral","start":571,"end":614,"loc":{"start":{"line":15,"column":37,"index":571},"end":{"line":15,"column":80,"index":614}},"extra":{"rawValue":"medium-sized, burrowing, nocturnal mammal","raw":"'medium-sized, burrowing, nocturnal mammal'"},"value":"medium-sized, burrowing, nocturnal mammal"}]}},{"type":"ExpressionStatement","start":617,"end":716,"loc":{"start":{"line":16,"column":0,"index":617},"end":{"line":19,"column":21,"index":716}},"expression":{"type":"CallExpression","start":617,"end":715,"loc":{"start":{"line":16,"column":0,"index":617},"end":{"line":19,"column":20,"index":715}},"callee":{"type":"MemberExpression","start":617,"end":704,"loc":{"start":{"line":16,"column":0,"index":617},"end":{"line":19,"column":9,"index":704}},"object":{"type":"CallExpression","start":617,"end":694,"loc":{"start":{"line":16,"column":0,"index":617},"end":{"line":18,"column":19,"index":694}},"callee":{"type":"MemberExpression","start":617,"end":684,"loc":{"start":{"line":16,"column":0,"index":617},"end":{"line":18,"column":9,"index":684}},"object":{"type":"CallExpression","start":617,"end":674,"loc":{"start":{"line":16,"column":0,"index":617},"end":{"line":17,"column":49,"index":674}},"callee":{"type":"MemberExpression","start":617,"end":635,"loc":{"start":{"line":16,"column":0,"index":617},"end":{"line":17,"column":10,"index":635}},"object":{"type":"Identifier","start":617,"end":624,"loc":{"start":{"line":16,"column":0,"index":617},"end":{"line":16,"column":7,"index":624},"identifierName":"program"},"name":"program"},"computed":false,"property":{"type":"Identifier","start":628,"end":635,"loc":{"start":{"line":17,"column":3,"index":628},"end":{"line":17,"column":10,"index":635},"identifierName":"command"},"name":"command"}},"arguments":[{"type":"StringLiteral","start":636,"end":644,"loc":{"start":{"line":17,"column":11,"index":636},"end":{"line":17,"column":19,"index":644}},"extra":{"rawValue":"beaver","raw":"'beaver'"},"value":"beaver"},{"type":"StringLiteral","start":646,"end":673,"loc":{"start":{"line":17,"column":21,"index":646},"end":{"line":17,"column":48,"index":673}},"extra":{"rawValue":"large, semiaquatic rodent","raw":"'large, semiaquatic rodent'"},"value":"large, semiaquatic rodent"}]},"computed":false,"property":{"type":"Identifier","start":678,"end":684,"loc":{"start":{"line":18,"column":3,"index":678},"end":{"line":18,"column":9,"index":684},"identifierName":"option"},"name":"option"}},"arguments":[{"type":"StringLiteral","start":685,"end":693,"loc":{"start":{"line":18,"column":10,"index":685},"end":{"line":18,"column":18,"index":693}},"extra":{"rawValue":"--pond","raw":"'--pond'"},"value":"--pond"}]},"computed":false,"property":{"type":"Identifier","start":698,"end":704,"loc":{"start":{"line":19,"column":3,"index":698},"end":{"line":19,"column":9,"index":704},"identifierName":"option"},"name":"option"}},"arguments":[{"type":"StringLiteral","start":705,"end":714,"loc":{"start":{"line":19,"column":10,"index":705},"end":{"line":19,"column":19,"index":714}},"extra":{"rawValue":"--river","raw":"'--river'"},"value":"--river"}]}},{"type":"ExpressionStatement","start":718,"end":734,"loc":{"start":{"line":21,"column":0,"index":718},"end":{"line":21,"column":16,"index":734}},"expression":{"type":"CallExpression","start":718,"end":733,"loc":{"start":{"line":21,"column":0,"index":718},"end":{"line":21,"column":15,"index":733}},"callee":{"type":"MemberExpression","start":718,"end":731,"loc":{"start":{"line":21,"column":0,"index":718},"end":{"line":21,"column":13,"index":731}},"object":{"type":"Identifier","start":718,"end":725,"loc":{"start":{"line":21,"column":0,"index":718},"end":{"line":21,"column":7,"index":725},"identifierName":"program"},"name":"program"},"computed":false,"property":{"type":"Identifier","start":726,"end":731,"loc":{"start":{"line":21,"column":8,"index":726},"end":{"line":21,"column":13,"index":731},"identifierName":"parse"},"name":"parse"}},"arguments":[]},"trailingComments":[{"type":"CommentLine","value":" Try the following:","start":736,"end":757,"loc":{"start":{"line":23,"column":0,"index":736},"end":{"line":23,"column":21,"index":757}}},{"type":"CommentLine","value":" node configure-help.js --help","start":758,"end":790,"loc":{"start":{"line":24,"column":0,"index":758},"end":{"line":24,"column":32,"index":790}}}]}],"directives":[]},"comments":[{"type":"CommentLine","value":" const commander = require('commander'); // (normal include)","start":0,"end":62,"loc":{"start":{"line":1,"column":0,"index":0},"end":{"line":1,"column":62,"index":62}}},{"type":"CommentLine","value":" include commander in git clone of commander repo","start":97,"end":148,"loc":{"start":{"line":2,"column":34,"index":97},"end":{"line":2,"column":85,"index":148}}},{"type":"CommentLine","value":" This example shows a simple use of configureHelp.","start":192,"end":244,"loc":{"start":{"line":6,"column":0,"index":192},"end":{"line":6,"column":52,"index":244}}},{"type":"CommentLine","value":" This is used as an example in the README.","start":245,"end":289,"loc":{"start":{"line":7,"column":0,"index":245},"end":{"line":7,"column":44,"index":289}}},{"type":"CommentLine","value":" Just show the name, instead of short usage.","start":378,"end":424,"loc":{"start":{"line":11,"column":38,"index":378},"end":{"line":11,"column":84,"index":424}}},{"type":"CommentLine","value":" Try the following:","start":736,"end":757,"loc":{"start":{"line":23,"column":0,"index":736},"end":{"line":23,"column":21,"index":757}}},{"type":"CommentLine","value":" node configure-help.js --help","start":758,"end":790,"loc":{"start":{"line":24,"column":0,"index":758},"end":{"line":24,"column":32,"index":790}}}]}