{"type":"File","start":0,"end":839,"loc":{"start":{"line":1,"column":0,"index":0},"end":{"line":34,"column":0,"index":839}},"errors":[],"program":{"type":"Program","start":0,"end":839,"loc":{"start":{"line":1,"column":0,"index":0},"end":{"line":34,"column":0,"index":839}},"sourceType":"module","interpreter":{"type":"InterpreterDirective","start":0,"end":19,"loc":{"start":{"line":1,"column":0,"index":0},"end":{"line":1,"column":19,"index":19}},"value":"/usr/bin/env node","trailingComments":[{"type":"CommentLine","value":" This example shows using addHelpText.","start":21,"end":61,"loc":{"start":{"line":3,"column":0,"index":21},"end":{"line":3,"column":40,"index":61}}},{"type":"CommentLine","value":" const { Command } = require('commander'); // (normal include)","start":63,"end":127,"loc":{"start":{"line":5,"column":0,"index":63},"end":{"line":5,"column":64,"index":127}}}]},"body":[{"type":"VariableDeclaration","start":128,"end":163,"loc":{"start":{"line":6,"column":0,"index":128},"end":{"line":6,"column":35,"index":163}},"declarations":[{"type":"VariableDeclarator","start":134,"end":162,"loc":{"start":{"line":6,"column":6,"index":134},"end":{"line":6,"column":34,"index":162}},"id":{"type":"ObjectPattern","start":134,"end":145,"loc":{"start":{"line":6,"column":6,"index":134},"end":{"line":6,"column":17,"index":145}},"properties":[{"type":"ObjectProperty","start":136,"end":143,"loc":{"start":{"line":6,"column":8,"index":136},"end":{"line":6,"column":15,"index":143}},"key":{"type":"Identifier","start":136,"end":143,"loc":{"start":{"line":6,"column":8,"index":136},"end":{"line":6,"column":15,"index":143},"identifierName":"Command"},"name":"Command"},"computed":false,"method":false,"shorthand":true,"value":{"type":"Identifier","start":136,"end":143,"loc":{"start":{"line":6,"column":8,"index":136},"end":{"line":6,"column":15,"index":143},"identifierName":"Command"},"name":"Command"},"extra":{"shorthand":true}}]},"init":{"type":"CallExpression","start":148,"end":162,"loc":{"start":{"line":6,"column":20,"index":148},"end":{"line":6,"column":34,"index":162}},"callee":{"type":"Identifier","start":148,"end":155,"loc":{"start":{"line":6,"column":20,"index":148},"end":{"line":6,"column":27,"index":155},"identifierName":"require"},"name":"require"},"arguments":[{"type":"StringLiteral","start":156,"end":161,"loc":{"start":{"line":6,"column":28,"index":156},"end":{"line":6,"column":33,"index":161}},"extra":{"rawValue":"../","raw":"'../'"},"value":"../"}]}}],"kind":"const","trailingComments":[{"type":"CommentLine","value":" include commander in git clone of commander repo","start":164,"end":215,"loc":{"start":{"line":6,"column":36,"index":164},"end":{"line":6,"column":87,"index":215}}}],"leadingComments":[{"type":"CommentLine","value":" This example shows using addHelpText.","start":21,"end":61,"loc":{"start":{"line":3,"column":0,"index":21},"end":{"line":3,"column":40,"index":61}}},{"type":"CommentLine","value":" const { Command } = require('commander'); // (normal include)","start":63,"end":127,"loc":{"start":{"line":5,"column":0,"index":63},"end":{"line":5,"column":64,"index":127}}}]},{"type":"VariableDeclaration","start":216,"end":246,"loc":{"start":{"line":7,"column":0,"index":216},"end":{"line":7,"column":30,"index":246}},"declarations":[{"type":"VariableDeclarator","start":222,"end":245,"loc":{"start":{"line":7,"column":6,"index":222},"end":{"line":7,"column":29,"index":245}},"id":{"type":"Identifier","start":222,"end":229,"loc":{"start":{"line":7,"column":6,"index":222},"end":{"line":7,"column":13,"index":229},"identifierName":"program"},"name":"program"},"init":{"type":"NewExpression","start":232,"end":245,"loc":{"start":{"line":7,"column":16,"index":232},"end":{"line":7,"column":29,"index":245}},"callee":{"type":"Identifier","start":236,"end":243,"loc":{"start":{"line":7,"column":20,"index":236},"end":{"line":7,"column":27,"index":243},"identifierName":"Command"},"name":"Command"},"arguments":[]}}],"kind":"const","leadingComments":[{"type":"CommentLine","value":" include commander in git clone of commander repo","start":164,"end":215,"loc":{"start":{"line":6,"column":36,"index":164},"end":{"line":6,"column":87,"index":215}}}]},{"type":"ExpressionStatement","start":248,"end":272,"loc":{"start":{"line":9,"column":0,"index":248},"end":{"line":9,"column":24,"index":272}},"expression":{"type":"CallExpression","start":248,"end":271,"loc":{"start":{"line":9,"column":0,"index":248},"end":{"line":9,"column":23,"index":271}},"callee":{"type":"MemberExpression","start":248,"end":260,"loc":{"start":{"line":9,"column":0,"index":248},"end":{"line":9,"column":12,"index":260}},"object":{"type":"Identifier","start":248,"end":255,"loc":{"start":{"line":9,"column":0,"index":248},"end":{"line":9,"column":7,"index":255},"identifierName":"program"},"name":"program"},"computed":false,"property":{"type":"Identifier","start":256,"end":260,"loc":{"start":{"line":9,"column":8,"index":256},"end":{"line":9,"column":12,"index":260},"identifierName":"name"},"name":"name"}},"arguments":[{"type":"StringLiteral","start":261,"end":270,"loc":{"start":{"line":9,"column":13,"index":261},"end":{"line":9,"column":22,"index":270}},"extra":{"rawValue":"awesome","raw":"'awesome'"},"value":"awesome"}]}},{"type":"ExpressionStatement","start":274,"end":505,"loc":{"start":{"line":11,"column":0,"index":274},"end":{"line":18,"column":5,"index":505}},"expression":{"type":"CallExpression","start":274,"end":504,"loc":{"start":{"line":11,"column":0,"index":274},"end":{"line":18,"column":4,"index":504}},"callee":{"type":"MemberExpression","start":274,"end":343,"loc":{"start":{"line":11,"column":0,"index":274},"end":{"line":13,"column":14,"index":343}},"object":{"type":"CallExpression","start":274,"end":328,"loc":{"start":{"line":11,"column":0,"index":274},"end":{"line":12,"column":46,"index":328}},"callee":{"type":"MemberExpression","start":274,"end":296,"loc":{"start":{"line":11,"column":0,"index":274},"end":{"line":12,"column":14,"index":296}},"object":{"type":"Identifier","start":274,"end":281,"loc":{"start":{"line":11,"column":0,"index":274},"end":{"line":11,"column":7,"index":281},"identifierName":"program"},"name":"program"},"computed":false,"property":{"type":"Identifier","start":285,"end":296,"loc":{"start":{"line":12,"column":3,"index":285},"end":{"line":12,"column":14,"index":296},"identifierName":"addHelpText"},"name":"addHelpText"}},"arguments":[{"type":"StringLiteral","start":297,"end":308,"loc":{"start":{"line":12,"column":15,"index":297},"end":{"line":12,"column":26,"index":308}},"extra":{"rawValue":"beforeAll","raw":"'beforeAll'"},"value":"beforeAll"},{"type":"StringLiteral","start":310,"end":327,"loc":{"start":{"line":12,"column":28,"index":310},"end":{"line":12,"column":45,"index":327}},"extra":{"rawValue":"A W E S O M E\n","raw":"'A W E S O M E\\n'"},"value":"A W E S O M E\n"}]},"computed":false,"property":{"type":"Identifier","start":332,"end":343,"loc":{"start":{"line":13,"column":3,"index":332},"end":{"line":13,"column":14,"index":343},"identifierName":"addHelpText"},"name":"addHelpText"}},"arguments":[{"type":"StringLiteral","start":344,"end":354,"loc":{"start":{"line":13,"column":15,"index":344},"end":{"line":13,"column":25,"index":354}},"extra":{"rawValue":"afterAll","raw":"'afterAll'"},"value":"afterAll"},{"type":"ArrowFunctionExpression","start":356,"end":503,"loc":{"start":{"line":13,"column":27,"index":356},"end":{"line":18,"column":3,"index":503}},"id":null,"generator":false,"async":false,"params":[{"type":"Identifier","start":357,"end":364,"loc":{"start":{"line":13,"column":28,"index":357},"end":{"line":13,"column":35,"index":364},"identifierName":"context"},"name":"context"}],"body":{"type":"BlockStatement","start":369,"end":503,"loc":{"start":{"line":13,"column":40,"index":369},"end":{"line":18,"column":3,"index":503}},"body":[{"type":"IfStatement","start":375,"end":453,"loc":{"start":{"line":14,"column":4,"index":375},"end":{"line":16,"column":5,"index":453}},"test":{"type":"MemberExpression","start":379,"end":392,"loc":{"start":{"line":14,"column":8,"index":379},"end":{"line":14,"column":21,"index":392}},"object":{"type":"Identifier","start":379,"end":386,"loc":{"start":{"line":14,"column":8,"index":379},"end":{"line":14,"column":15,"index":386},"identifierName":"context"},"name":"context"},"computed":false,"property":{"type":"Identifier","start":387,"end":392,"loc":{"start":{"line":14,"column":16,"index":387},"end":{"line":14,"column":21,"index":392},"identifierName":"error"},"name":"error"}},"consequent":{"type":"BlockStatement","start":394,"end":453,"loc":{"start":{"line":14,"column":23,"index":394},"end":{"line":16,"column":5,"index":453}},"body":[{"type":"ReturnStatement","start":402,"end":447,"loc":{"start":{"line":15,"column":6,"index":402},"end":{"line":15,"column":51,"index":447}},"argument":{"type":"StringLiteral","start":409,"end":446,"loc":{"start":{"line":15,"column":13,"index":409},"end":{"line":15,"column":50,"index":446}},"extra":{"rawValue":"\nHelp being displayed for an error","raw":"'\\nHelp being displayed for an error'"},"value":"\nHelp being displayed for an error"}}],"directives":[]},"alternate":null},{"type":"ReturnStatement","start":458,"end":499,"loc":{"start":{"line":17,"column":4,"index":458},"end":{"line":17,"column":45,"index":499}},"argument":{"type":"StringLiteral","start":465,"end":498,"loc":{"start":{"line":17,"column":11,"index":465},"end":{"line":17,"column":44,"index":498}},"extra":{"rawValue":"\nSee web site for further help","raw":"'\\nSee web site for further help'"},"value":"\nSee web site for further help"}}],"directives":[]}}]}},{"type":"ExpressionStatement","start":507,"end":690,"loc":{"start":{"line":20,"column":0,"index":507},"end":{"line":26,"column":23,"index":690}},"expression":{"type":"CallExpression","start":507,"end":689,"loc":{"start":{"line":20,"column":0,"index":507},"end":{"line":26,"column":22,"index":689}},"callee":{"type":"MemberExpression","start":507,"end":622,"loc":{"start":{"line":20,"column":0,"index":507},"end":{"line":23,"column":14,"index":622}},"object":{"type":"CallExpression","start":507,"end":607,"loc":{"start":{"line":20,"column":0,"index":507},"end":{"line":22,"column":72,"index":607}},"callee":{"type":"MemberExpression","start":507,"end":549,"loc":{"start":{"line":20,"column":0,"index":507},"end":{"line":22,"column":14,"index":549}},"object":{"type":"CallExpression","start":507,"end":534,"loc":{"start":{"line":20,"column":0,"index":507},"end":{"line":21,"column":19,"index":534}},"callee":{"type":"MemberExpression","start":507,"end":525,"loc":{"start":{"line":20,"column":0,"index":507},"end":{"line":21,"column":10,"index":525}},"object":{"type":"Identifier","start":507,"end":514,"loc":{"start":{"line":20,"column":0,"index":507},"end":{"line":20,"column":7,"index":514},"identifierName":"program"},"name":"program"},"computed":false,"property":{"type":"Identifier","start":518,"end":525,"loc":{"start":{"line":21,"column":3,"index":518},"end":{"line":21,"column":10,"index":525},"identifierName":"command"},"name":"command"}},"arguments":[{"type":"StringLiteral","start":526,"end":533,"loc":{"start":{"line":21,"column":11,"index":526},"end":{"line":21,"column":18,"index":533}},"extra":{"rawValue":"extra","raw":"'extra'"},"value":"extra"}]},"computed":false,"property":{"type":"Identifier","start":538,"end":549,"loc":{"start":{"line":22,"column":3,"index":538},"end":{"line":22,"column":14,"index":549},"identifierName":"addHelpText"},"name":"addHelpText"}},"arguments":[{"type":"StringLiteral","start":550,"end":558,"loc":{"start":{"line":22,"column":15,"index":550},"end":{"line":22,"column":23,"index":558}},"extra":{"rawValue":"before","raw":"'before'"},"value":"before"},{"type":"StringLiteral","start":560,"end":606,"loc":{"start":{"line":22,"column":25,"index":560},"end":{"line":22,"column":71,"index":606}},"extra":{"rawValue":"Note: the extra command does not do anything","raw":"'Note: the extra command does not do anything'"},"value":"Note: the extra command does not do anything"}]},"computed":false,"property":{"type":"Identifier","start":611,"end":622,"loc":{"start":{"line":23,"column":3,"index":611},"end":{"line":23,"column":14,"index":622},"identifierName":"addHelpText"},"name":"addHelpText"}},"arguments":[{"type":"StringLiteral","start":623,"end":630,"loc":{"start":{"line":23,"column":15,"index":623},"end":{"line":23,"column":22,"index":630}},"extra":{"rawValue":"after","raw":"'after'"},"value":"after"},{"type":"TemplateLiteral","start":632,"end":688,"loc":{"start":{"line":23,"column":24,"index":632},"end":{"line":26,"column":21,"index":688}},"expressions":[],"quasis":[{"type":"TemplateElement","start":633,"end":687,"loc":{"start":{"line":23,"column":25,"index":633},"end":{"line":26,"column":20,"index":687}},"value":{"raw":"\nExamples:\n  awesome extra --help\n  awesome help extra","cooked":"\nExamples:\n  awesome extra --help\n  awesome help extra"},"tail":true}]}]}},{"type":"ExpressionStatement","start":692,"end":708,"loc":{"start":{"line":28,"column":0,"index":692},"end":{"line":28,"column":16,"index":708}},"expression":{"type":"CallExpression","start":692,"end":707,"loc":{"start":{"line":28,"column":0,"index":692},"end":{"line":28,"column":15,"index":707}},"callee":{"type":"MemberExpression","start":692,"end":705,"loc":{"start":{"line":28,"column":0,"index":692},"end":{"line":28,"column":13,"index":705}},"object":{"type":"Identifier","start":692,"end":699,"loc":{"start":{"line":28,"column":0,"index":692},"end":{"line":28,"column":7,"index":699},"identifierName":"program"},"name":"program"},"computed":false,"property":{"type":"Identifier","start":700,"end":705,"loc":{"start":{"line":28,"column":8,"index":700},"end":{"line":28,"column":13,"index":705},"identifierName":"parse"},"name":"parse"}},"arguments":[]},"trailingComments":[{"type":"CommentLine","value":" Try the following:","start":710,"end":731,"loc":{"start":{"line":30,"column":0,"index":710},"end":{"line":30,"column":21,"index":731}}},{"type":"CommentLine","value":"  node custom-help-text.js --help","start":732,"end":767,"loc":{"start":{"line":31,"column":0,"index":732},"end":{"line":31,"column":35,"index":767}}},{"type":"CommentLine","value":"  node custom-help-text.js extra --help","start":768,"end":809,"loc":{"start":{"line":32,"column":0,"index":768},"end":{"line":32,"column":41,"index":809}}},{"type":"CommentLine","value":"  node custom-help-text.js","start":810,"end":838,"loc":{"start":{"line":33,"column":0,"index":810},"end":{"line":33,"column":28,"index":838}}}]}],"directives":[]},"comments":[{"type":"CommentLine","value":" This example shows using addHelpText.","start":21,"end":61,"loc":{"start":{"line":3,"column":0,"index":21},"end":{"line":3,"column":40,"index":61}}},{"type":"CommentLine","value":" const { Command } = require('commander'); // (normal include)","start":63,"end":127,"loc":{"start":{"line":5,"column":0,"index":63},"end":{"line":5,"column":64,"index":127}}},{"type":"CommentLine","value":" include commander in git clone of commander repo","start":164,"end":215,"loc":{"start":{"line":6,"column":36,"index":164},"end":{"line":6,"column":87,"index":215}}},{"type":"CommentLine","value":" Try the following:","start":710,"end":731,"loc":{"start":{"line":30,"column":0,"index":710},"end":{"line":30,"column":21,"index":731}}},{"type":"CommentLine","value":"  node custom-help-text.js --help","start":732,"end":767,"loc":{"start":{"line":31,"column":0,"index":732},"end":{"line":31,"column":35,"index":767}}},{"type":"CommentLine","value":"  node custom-help-text.js extra --help","start":768,"end":809,"loc":{"start":{"line":32,"column":0,"index":768},"end":{"line":32,"column":41,"index":809}}},{"type":"CommentLine","value":"  node custom-help-text.js","start":810,"end":838,"loc":{"start":{"line":33,"column":0,"index":810},"end":{"line":33,"column":28,"index":838}}}]}