{"type":"File","start":0,"end":868,"loc":{"start":{"line":1,"column":0,"index":0},"end":{"line":32,"column":0,"index":868}},"errors":[],"program":{"type":"Program","start":0,"end":868,"loc":{"start":{"line":1,"column":0,"index":0},"end":{"line":32,"column":0,"index":868}},"sourceType":"module","interpreter":null,"body":[{"type":"VariableDeclaration","start":63,"end":96,"loc":{"start":{"line":2,"column":0,"index":63},"end":{"line":2,"column":33,"index":96}},"declarations":[{"type":"VariableDeclarator","start":69,"end":95,"loc":{"start":{"line":2,"column":6,"index":69},"end":{"line":2,"column":32,"index":95}},"id":{"type":"Identifier","start":69,"end":78,"loc":{"start":{"line":2,"column":6,"index":69},"end":{"line":2,"column":15,"index":78},"identifierName":"commander"},"name":"commander"},"init":{"type":"CallExpression","start":81,"end":95,"loc":{"start":{"line":2,"column":18,"index":81},"end":{"line":2,"column":32,"index":95}},"callee":{"type":"Identifier","start":81,"end":88,"loc":{"start":{"line":2,"column":18,"index":81},"end":{"line":2,"column":25,"index":88},"identifierName":"require"},"name":"require"},"arguments":[{"type":"StringLiteral","start":89,"end":94,"loc":{"start":{"line":2,"column":26,"index":89},"end":{"line":2,"column":31,"index":94}},"extra":{"rawValue":"../","raw":"'../'"},"value":"../"}]}}],"kind":"const","trailingComments":[{"type":"CommentLine","value":" include commander in git clone of commander repo","start":97,"end":148,"loc":{"start":{"line":2,"column":34,"index":97},"end":{"line":2,"column":85,"index":148}}}],"leadingComments":[{"type":"CommentLine","value":" const commander = require('commander'); // (normal include)","start":0,"end":62,"loc":{"start":{"line":1,"column":0,"index":0},"end":{"line":1,"column":62,"index":62}}}]},{"type":"VariableDeclaration","start":150,"end":190,"loc":{"start":{"line":4,"column":0,"index":150},"end":{"line":4,"column":40,"index":190}},"declarations":[{"type":"VariableDeclarator","start":156,"end":189,"loc":{"start":{"line":4,"column":6,"index":156},"end":{"line":4,"column":39,"index":189}},"id":{"type":"Identifier","start":156,"end":163,"loc":{"start":{"line":4,"column":6,"index":156},"end":{"line":4,"column":13,"index":163},"identifierName":"program"},"name":"program"},"init":{"type":"NewExpression","start":166,"end":189,"loc":{"start":{"line":4,"column":16,"index":166},"end":{"line":4,"column":39,"index":189}},"callee":{"type":"MemberExpression","start":170,"end":187,"loc":{"start":{"line":4,"column":20,"index":170},"end":{"line":4,"column":37,"index":187}},"object":{"type":"Identifier","start":170,"end":179,"loc":{"start":{"line":4,"column":20,"index":170},"end":{"line":4,"column":29,"index":179},"identifierName":"commander"},"name":"commander"},"computed":false,"property":{"type":"Identifier","start":180,"end":187,"loc":{"start":{"line":4,"column":30,"index":180},"end":{"line":4,"column":37,"index":187},"identifierName":"Command"},"name":"Command"}},"arguments":[]}}],"kind":"const","leadingComments":[{"type":"CommentLine","value":" include commander in git clone of commander repo","start":97,"end":148,"loc":{"start":{"line":2,"column":34,"index":97},"end":{"line":2,"column":85,"index":148}}}]},{"type":"FunctionDeclaration","start":192,"end":305,"loc":{"start":{"line":6,"column":0,"index":192},"end":{"line":9,"column":1,"index":305}},"id":{"type":"Identifier","start":201,"end":211,"loc":{"start":{"line":6,"column":9,"index":201},"end":{"line":6,"column":19,"index":211},"identifierName":"errorColor"},"name":"errorColor"},"generator":false,"async":false,"params":[{"type":"Identifier","start":212,"end":215,"loc":{"start":{"line":6,"column":20,"index":212},"end":{"line":6,"column":23,"index":215},"identifierName":"str"},"name":"str"}],"body":{"type":"BlockStatement","start":217,"end":305,"loc":{"start":{"line":6,"column":25,"index":217},"end":{"line":9,"column":1,"index":305}},"body":[{"type":"ReturnStatement","start":272,"end":303,"loc":{"start":{"line":8,"column":2,"index":272},"end":{"line":8,"column":33,"index":303}},"argument":{"type":"TemplateLiteral","start":279,"end":302,"loc":{"start":{"line":8,"column":9,"index":279},"end":{"line":8,"column":32,"index":302}},"expressions":[{"type":"Identifier","start":290,"end":293,"loc":{"start":{"line":8,"column":20,"index":290},"end":{"line":8,"column":23,"index":293},"identifierName":"str"},"name":"str"}],"quasis":[{"type":"TemplateElement","start":280,"end":288,"loc":{"start":{"line":8,"column":10,"index":280},"end":{"line":8,"column":18,"index":288}},"value":{"raw":"\\x1b[31m","cooked":"\u001b[31m"},"tail":false},{"type":"TemplateElement","start":294,"end":301,"loc":{"start":{"line":8,"column":24,"index":294},"end":{"line":8,"column":31,"index":301}},"value":{"raw":"\\x1b[0m","cooked":"\u001b[0m"},"tail":true}]},"leadingComments":[{"type":"CommentLine","value":" Add ANSI escape codes to display text in red.","start":221,"end":269,"loc":{"start":{"line":7,"column":2,"index":221},"end":{"line":7,"column":50,"index":269}}}]}],"directives":[]}},{"type":"ExpressionStatement","start":307,"end":599,"loc":{"start":{"line":11,"column":0,"index":307},"end":{"line":18,"column":5,"index":599}},"expression":{"type":"CallExpression","start":307,"end":598,"loc":{"start":{"line":11,"column":0,"index":307},"end":{"line":18,"column":4,"index":598}},"callee":{"type":"MemberExpression","start":307,"end":333,"loc":{"start":{"line":11,"column":0,"index":307},"end":{"line":12,"column":18,"index":333}},"object":{"type":"Identifier","start":307,"end":314,"loc":{"start":{"line":11,"column":0,"index":307},"end":{"line":11,"column":7,"index":314},"identifierName":"program"},"name":"program"},"computed":false,"property":{"type":"Identifier","start":318,"end":333,"loc":{"start":{"line":12,"column":3,"index":318},"end":{"line":12,"column":18,"index":333},"identifierName":"configureOutput"},"name":"configureOutput"}},"arguments":[{"type":"ObjectExpression","start":334,"end":597,"loc":{"start":{"line":12,"column":19,"index":334},"end":{"line":18,"column":3,"index":597}},"properties":[{"type":"ObjectProperty","start":391,"end":446,"loc":{"start":{"line":14,"column":4,"index":391},"end":{"line":14,"column":59,"index":446}},"method":false,"key":{"type":"Identifier","start":391,"end":399,"loc":{"start":{"line":14,"column":4,"index":391},"end":{"line":14,"column":12,"index":399},"identifierName":"writeOut"},"name":"writeOut"},"computed":false,"shorthand":false,"value":{"type":"ArrowFunctionExpression","start":401,"end":446,"loc":{"start":{"line":14,"column":14,"index":401},"end":{"line":14,"column":59,"index":446}},"id":null,"generator":false,"async":false,"params":[{"type":"Identifier","start":402,"end":405,"loc":{"start":{"line":14,"column":15,"index":402},"end":{"line":14,"column":18,"index":405},"identifierName":"str"},"name":"str"}],"body":{"type":"CallExpression","start":410,"end":446,"loc":{"start":{"line":14,"column":23,"index":410},"end":{"line":14,"column":59,"index":446}},"callee":{"type":"MemberExpression","start":410,"end":430,"loc":{"start":{"line":14,"column":23,"index":410},"end":{"line":14,"column":43,"index":430}},"object":{"type":"MemberExpression","start":410,"end":424,"loc":{"start":{"line":14,"column":23,"index":410},"end":{"line":14,"column":37,"index":424}},"object":{"type":"Identifier","start":410,"end":417,"loc":{"start":{"line":14,"column":23,"index":410},"end":{"line":14,"column":30,"index":417},"identifierName":"process"},"name":"process"},"computed":false,"property":{"type":"Identifier","start":418,"end":424,"loc":{"start":{"line":14,"column":31,"index":418},"end":{"line":14,"column":37,"index":424},"identifierName":"stdout"},"name":"stdout"}},"computed":false,"property":{"type":"Identifier","start":425,"end":430,"loc":{"start":{"line":14,"column":38,"index":425},"end":{"line":14,"column":43,"index":430},"identifierName":"write"},"name":"write"}},"arguments":[{"type":"TemplateLiteral","start":431,"end":445,"loc":{"start":{"line":14,"column":44,"index":431},"end":{"line":14,"column":58,"index":445}},"expressions":[{"type":"Identifier","start":440,"end":443,"loc":{"start":{"line":14,"column":53,"index":440},"end":{"line":14,"column":56,"index":443},"identifierName":"str"},"name":"str"}],"quasis":[{"type":"TemplateElement","start":432,"end":438,"loc":{"start":{"line":14,"column":45,"index":432},"end":{"line":14,"column":51,"index":438}},"value":{"raw":"[OUT] ","cooked":"[OUT] "},"tail":false},{"type":"TemplateElement","start":444,"end":444,"loc":{"start":{"line":14,"column":57,"index":444},"end":{"line":14,"column":57,"index":444}},"value":{"raw":"","cooked":""},"tail":true}]}]}},"leadingComments":[{"type":"CommentLine","value":" Visibly override write routines as example!","start":340,"end":386,"loc":{"start":{"line":13,"column":4,"index":340},"end":{"line":13,"column":50,"index":386}}}]},{"type":"ObjectProperty","start":452,"end":507,"loc":{"start":{"line":15,"column":4,"index":452},"end":{"line":15,"column":59,"index":507}},"method":false,"key":{"type":"Identifier","start":452,"end":460,"loc":{"start":{"line":15,"column":4,"index":452},"end":{"line":15,"column":12,"index":460},"identifierName":"writeErr"},"name":"writeErr"},"computed":false,"shorthand":false,"value":{"type":"ArrowFunctionExpression","start":462,"end":507,"loc":{"start":{"line":15,"column":14,"index":462},"end":{"line":15,"column":59,"index":507}},"id":null,"generator":false,"async":false,"params":[{"type":"Identifier","start":463,"end":466,"loc":{"start":{"line":15,"column":15,"index":463},"end":{"line":15,"column":18,"index":466},"identifierName":"str"},"name":"str"}],"body":{"type":"CallExpression","start":471,"end":507,"loc":{"start":{"line":15,"column":23,"index":471},"end":{"line":15,"column":59,"index":507}},"callee":{"type":"MemberExpression","start":471,"end":491,"loc":{"start":{"line":15,"column":23,"index":471},"end":{"line":15,"column":43,"index":491}},"object":{"type":"MemberExpression","start":471,"end":485,"loc":{"start":{"line":15,"column":23,"index":471},"end":{"line":15,"column":37,"index":485}},"object":{"type":"Identifier","start":471,"end":478,"loc":{"start":{"line":15,"column":23,"index":471},"end":{"line":15,"column":30,"index":478},"identifierName":"process"},"name":"process"},"computed":false,"property":{"type":"Identifier","start":479,"end":485,"loc":{"start":{"line":15,"column":31,"index":479},"end":{"line":15,"column":37,"index":485},"identifierName":"stdout"},"name":"stdout"}},"computed":false,"property":{"type":"Identifier","start":486,"end":491,"loc":{"start":{"line":15,"column":38,"index":486},"end":{"line":15,"column":43,"index":491},"identifierName":"write"},"name":"write"}},"arguments":[{"type":"TemplateLiteral","start":492,"end":506,"loc":{"start":{"line":15,"column":44,"index":492},"end":{"line":15,"column":58,"index":506}},"expressions":[{"type":"Identifier","start":501,"end":504,"loc":{"start":{"line":15,"column":53,"index":501},"end":{"line":15,"column":56,"index":504},"identifierName":"str"},"name":"str"}],"quasis":[{"type":"TemplateElement","start":493,"end":499,"loc":{"start":{"line":15,"column":45,"index":493},"end":{"line":15,"column":51,"index":499}},"value":{"raw":"[ERR] ","cooked":"[ERR] "},"tail":false},{"type":"TemplateElement","start":505,"end":505,"loc":{"start":{"line":15,"column":57,"index":505},"end":{"line":15,"column":57,"index":505}},"value":{"raw":"","cooked":""},"tail":true}]}]}}},{"type":"ObjectProperty","start":542,"end":593,"loc":{"start":{"line":17,"column":4,"index":542},"end":{"line":17,"column":55,"index":593}},"method":false,"key":{"type":"Identifier","start":542,"end":553,"loc":{"start":{"line":17,"column":4,"index":542},"end":{"line":17,"column":15,"index":553},"identifierName":"outputError"},"name":"outputError"},"computed":false,"shorthand":false,"value":{"type":"ArrowFunctionExpression","start":555,"end":593,"loc":{"start":{"line":17,"column":17,"index":555},"end":{"line":17,"column":55,"index":593}},"id":null,"generator":false,"async":false,"params":[{"type":"Identifier","start":556,"end":559,"loc":{"start":{"line":17,"column":18,"index":556},"end":{"line":17,"column":21,"index":559},"identifierName":"str"},"name":"str"},{"type":"Identifier","start":561,"end":566,"loc":{"start":{"line":17,"column":23,"index":561},"end":{"line":17,"column":28,"index":566},"identifierName":"write"},"name":"write"}],"body":{"type":"CallExpression","start":571,"end":593,"loc":{"start":{"line":17,"column":33,"index":571},"end":{"line":17,"column":55,"index":593}},"callee":{"type":"Identifier","start":571,"end":576,"loc":{"start":{"line":17,"column":33,"index":571},"end":{"line":17,"column":38,"index":576},"identifierName":"write"},"name":"write"},"arguments":[{"type":"CallExpression","start":577,"end":592,"loc":{"start":{"line":17,"column":39,"index":577},"end":{"line":17,"column":54,"index":592}},"callee":{"type":"Identifier","start":577,"end":587,"loc":{"start":{"line":17,"column":39,"index":577},"end":{"line":17,"column":49,"index":587},"identifierName":"errorColor"},"name":"errorColor"},"arguments":[{"type":"Identifier","start":588,"end":591,"loc":{"start":{"line":17,"column":50,"index":588},"end":{"line":17,"column":53,"index":591},"identifierName":"str"},"name":"str"}]}]}},"leadingComments":[{"type":"CommentLine","value":" Output errors in red.","start":513,"end":537,"loc":{"start":{"line":16,"column":4,"index":513},"end":{"line":16,"column":28,"index":537}}}]}]}]}},{"type":"ExpressionStatement","start":601,"end":683,"loc":{"start":{"line":20,"column":0,"index":601},"end":{"line":23,"column":26,"index":683}},"expression":{"type":"CallExpression","start":601,"end":682,"loc":{"start":{"line":20,"column":0,"index":601},"end":{"line":23,"column":25,"index":682}},"callee":{"type":"MemberExpression","start":601,"end":667,"loc":{"start":{"line":20,"column":0,"index":601},"end":{"line":23,"column":10,"index":667}},"object":{"type":"CallExpression","start":601,"end":656,"loc":{"start":{"line":20,"column":0,"index":601},"end":{"line":22,"column":27,"index":656}},"callee":{"type":"MemberExpression","start":601,"end":638,"loc":{"start":{"line":20,"column":0,"index":601},"end":{"line":22,"column":9,"index":638}},"object":{"type":"CallExpression","start":601,"end":628,"loc":{"start":{"line":20,"column":0,"index":601},"end":{"line":21,"column":19,"index":628}},"callee":{"type":"MemberExpression","start":601,"end":619,"loc":{"start":{"line":20,"column":0,"index":601},"end":{"line":21,"column":10,"index":619}},"object":{"type":"Identifier","start":601,"end":608,"loc":{"start":{"line":20,"column":0,"index":601},"end":{"line":20,"column":7,"index":608},"identifierName":"program"},"name":"program"},"computed":false,"property":{"type":"Identifier","start":612,"end":619,"loc":{"start":{"line":21,"column":3,"index":612},"end":{"line":21,"column":10,"index":619},"identifierName":"version"},"name":"version"}},"arguments":[{"type":"StringLiteral","start":620,"end":627,"loc":{"start":{"line":21,"column":11,"index":620},"end":{"line":21,"column":18,"index":627}},"extra":{"rawValue":"1.2.3","raw":"'1.2.3'"},"value":"1.2.3"}]},"computed":false,"property":{"type":"Identifier","start":632,"end":638,"loc":{"start":{"line":22,"column":3,"index":632},"end":{"line":22,"column":9,"index":638},"identifierName":"option"},"name":"option"}},"arguments":[{"type":"StringLiteral","start":639,"end":655,"loc":{"start":{"line":22,"column":10,"index":639},"end":{"line":22,"column":26,"index":655}},"extra":{"rawValue":"-c, --compress","raw":"'-c, --compress'"},"value":"-c, --compress"}]},"computed":false,"property":{"type":"Identifier","start":660,"end":667,"loc":{"start":{"line":23,"column":3,"index":660},"end":{"line":23,"column":10,"index":667},"identifierName":"command"},"name":"command"}},"arguments":[{"type":"StringLiteral","start":668,"end":681,"loc":{"start":{"line":23,"column":11,"index":668},"end":{"line":23,"column":24,"index":681}},"extra":{"rawValue":"sub-command","raw":"'sub-command'"},"value":"sub-command"}]}},{"type":"ExpressionStatement","start":685,"end":701,"loc":{"start":{"line":25,"column":0,"index":685},"end":{"line":25,"column":16,"index":701}},"expression":{"type":"CallExpression","start":685,"end":700,"loc":{"start":{"line":25,"column":0,"index":685},"end":{"line":25,"column":15,"index":700}},"callee":{"type":"MemberExpression","start":685,"end":698,"loc":{"start":{"line":25,"column":0,"index":685},"end":{"line":25,"column":13,"index":698}},"object":{"type":"Identifier","start":685,"end":692,"loc":{"start":{"line":25,"column":0,"index":685},"end":{"line":25,"column":7,"index":692},"identifierName":"program"},"name":"program"},"computed":false,"property":{"type":"Identifier","start":693,"end":698,"loc":{"start":{"line":25,"column":8,"index":693},"end":{"line":25,"column":13,"index":698},"identifierName":"parse"},"name":"parse"}},"arguments":[]},"trailingComments":[{"type":"CommentLine","value":" Try the following:","start":703,"end":724,"loc":{"start":{"line":27,"column":0,"index":703},"end":{"line":27,"column":21,"index":724}}},{"type":"CommentLine","value":"  node configure-output.js --version","start":725,"end":763,"loc":{"start":{"line":28,"column":0,"index":725},"end":{"line":28,"column":38,"index":763}}},{"type":"CommentLine","value":"  node configure-output.js --unknown","start":764,"end":802,"loc":{"start":{"line":29,"column":0,"index":764},"end":{"line":29,"column":38,"index":802}}},{"type":"CommentLine","value":"  node configure-output.js --help","start":803,"end":838,"loc":{"start":{"line":30,"column":0,"index":803},"end":{"line":30,"column":35,"index":838}}},{"type":"CommentLine","value":"  node configure-output.js","start":839,"end":867,"loc":{"start":{"line":31,"column":0,"index":839},"end":{"line":31,"column":28,"index":867}}}]}],"directives":[]},"comments":[{"type":"CommentLine","value":" const commander = require('commander'); // (normal include)","start":0,"end":62,"loc":{"start":{"line":1,"column":0,"index":0},"end":{"line":1,"column":62,"index":62}}},{"type":"CommentLine","value":" include commander in git clone of commander repo","start":97,"end":148,"loc":{"start":{"line":2,"column":34,"index":97},"end":{"line":2,"column":85,"index":148}}},{"type":"CommentLine","value":" Add ANSI escape codes to display text in red.","start":221,"end":269,"loc":{"start":{"line":7,"column":2,"index":221},"end":{"line":7,"column":50,"index":269}}},{"type":"CommentLine","value":" Visibly override write routines as example!","start":340,"end":386,"loc":{"start":{"line":13,"column":4,"index":340},"end":{"line":13,"column":50,"index":386}}},{"type":"CommentLine","value":" Output errors in red.","start":513,"end":537,"loc":{"start":{"line":16,"column":4,"index":513},"end":{"line":16,"column":28,"index":537}}},{"type":"CommentLine","value":" Try the following:","start":703,"end":724,"loc":{"start":{"line":27,"column":0,"index":703},"end":{"line":27,"column":21,"index":724}}},{"type":"CommentLine","value":"  node configure-output.js --version","start":725,"end":763,"loc":{"start":{"line":28,"column":0,"index":725},"end":{"line":28,"column":38,"index":763}}},{"type":"CommentLine","value":"  node configure-output.js --unknown","start":764,"end":802,"loc":{"start":{"line":29,"column":0,"index":764},"end":{"line":29,"column":38,"index":802}}},{"type":"CommentLine","value":"  node configure-output.js --help","start":803,"end":838,"loc":{"start":{"line":30,"column":0,"index":803},"end":{"line":30,"column":35,"index":838}}},{"type":"CommentLine","value":"  node configure-output.js","start":839,"end":867,"loc":{"start":{"line":31,"column":0,"index":839},"end":{"line":31,"column":28,"index":867}}}]}