{"type":"File","start":0,"end":173,"loc":{"start":{"line":1,"column":0,"index":0},"end":{"line":7,"column":0,"index":173}},"errors":[],"program":{"type":"Program","start":0,"end":173,"loc":{"start":{"line":1,"column":0,"index":0},"end":{"line":7,"column":0,"index":173}},"sourceType":"module","interpreter":null,"body":[{"type":"VariableDeclaration","start":0,"end":34,"loc":{"start":{"line":1,"column":0,"index":0},"end":{"line":1,"column":34,"index":34}},"declarations":[{"type":"VariableDeclarator","start":6,"end":33,"loc":{"start":{"line":1,"column":6,"index":6},"end":{"line":1,"column":33,"index":33}},"id":{"type":"Identifier","start":6,"end":13,"loc":{"start":{"line":1,"column":6,"index":6},"end":{"line":1,"column":13,"index":13},"identifierName":"program"},"name":"program"},"init":{"type":"CallExpression","start":16,"end":33,"loc":{"start":{"line":1,"column":16,"index":16},"end":{"line":1,"column":33,"index":33}},"callee":{"type":"Identifier","start":16,"end":23,"loc":{"start":{"line":1,"column":16,"index":16},"end":{"line":1,"column":23,"index":23},"identifierName":"require"},"name":"require"},"arguments":[{"type":"StringLiteral","start":24,"end":32,"loc":{"start":{"line":1,"column":24,"index":24},"end":{"line":1,"column":32,"index":32}},"extra":{"rawValue":"../../","raw":"'../../'"},"value":"../../"}]}}],"kind":"const"},{"type":"ExpressionStatement","start":36,"end":172,"loc":{"start":{"line":3,"column":0,"index":36},"end":{"line":6,"column":23,"index":172}},"expression":{"type":"CallExpression","start":36,"end":171,"loc":{"start":{"line":3,"column":0,"index":36},"end":{"line":6,"column":22,"index":171}},"callee":{"type":"MemberExpression","start":36,"end":157,"loc":{"start":{"line":3,"column":0,"index":36},"end":{"line":6,"column":8,"index":157}},"object":{"type":"CallExpression","start":36,"end":148,"loc":{"start":{"line":3,"column":0,"index":36},"end":{"line":5,"column":65,"index":148}},"callee":{"type":"MemberExpression","start":36,"end":93,"loc":{"start":{"line":3,"column":0,"index":36},"end":{"line":5,"column":10,"index":93}},"object":{"type":"CallExpression","start":36,"end":82,"loc":{"start":{"line":3,"column":0,"index":36},"end":{"line":4,"column":38,"index":82}},"callee":{"type":"MemberExpression","start":36,"end":54,"loc":{"start":{"line":3,"column":0,"index":36},"end":{"line":4,"column":10,"index":54}},"object":{"type":"Identifier","start":36,"end":43,"loc":{"start":{"line":3,"column":0,"index":36},"end":{"line":3,"column":7,"index":43},"identifierName":"program"},"name":"program"},"computed":false,"property":{"type":"Identifier","start":47,"end":54,"loc":{"start":{"line":4,"column":3,"index":47},"end":{"line":4,"column":10,"index":54},"identifierName":"command"},"name":"command"}},"arguments":[{"type":"StringLiteral","start":55,"end":62,"loc":{"start":{"line":4,"column":11,"index":55},"end":{"line":4,"column":18,"index":62}},"extra":{"rawValue":"clear","raw":"'clear'"},"value":"clear"},{"type":"StringLiteral","start":64,"end":81,"loc":{"start":{"line":4,"column":20,"index":64},"end":{"line":4,"column":37,"index":81}},"extra":{"rawValue":"clear the cache","raw":"'clear the cache'"},"value":"clear the cache"}]},"computed":false,"property":{"type":"Identifier","start":86,"end":93,"loc":{"start":{"line":5,"column":3,"index":86},"end":{"line":5,"column":10,"index":93},"identifierName":"command"},"name":"command"}},"arguments":[{"type":"StringLiteral","start":94,"end":104,"loc":{"start":{"line":5,"column":11,"index":94},"end":{"line":5,"column":21,"index":104}},"extra":{"rawValue":"validate","raw":"'validate'"},"value":"validate"},{"type":"StringLiteral","start":106,"end":126,"loc":{"start":{"line":5,"column":23,"index":106},"end":{"line":5,"column":43,"index":126}},"extra":{"rawValue":"validate the cache","raw":"'validate the cache'"},"value":"validate the cache"},{"type":"ObjectExpression","start":128,"end":147,"loc":{"start":{"line":5,"column":45,"index":128},"end":{"line":5,"column":64,"index":147}},"properties":[{"type":"ObjectProperty","start":130,"end":145,"loc":{"start":{"line":5,"column":47,"index":130},"end":{"line":5,"column":62,"index":145}},"method":false,"key":{"type":"Identifier","start":130,"end":139,"loc":{"start":{"line":5,"column":47,"index":130},"end":{"line":5,"column":56,"index":139},"identifierName":"isDefault"},"name":"isDefault"},"computed":false,"shorthand":false,"value":{"type":"BooleanLiteral","start":141,"end":145,"loc":{"start":{"line":5,"column":58,"index":141},"end":{"line":5,"column":62,"index":145}},"value":true}}]}]},"computed":false,"property":{"type":"Identifier","start":152,"end":157,"loc":{"start":{"line":6,"column":3,"index":152},"end":{"line":6,"column":8,"index":157},"identifierName":"parse"},"name":"parse"}},"arguments":[{"type":"MemberExpression","start":158,"end":170,"loc":{"start":{"line":6,"column":9,"index":158},"end":{"line":6,"column":21,"index":170}},"object":{"type":"Identifier","start":158,"end":165,"loc":{"start":{"line":6,"column":9,"index":158},"end":{"line":6,"column":16,"index":165},"identifierName":"process"},"name":"process"},"computed":false,"property":{"type":"Identifier","start":166,"end":170,"loc":{"start":{"line":6,"column":17,"index":166},"end":{"line":6,"column":21,"index":170},"identifierName":"argv"},"name":"argv"}}]}}],"directives":[]},"comments":[]}