{"type":"File","start":0,"end":1050,"loc":{"start":{"line":1,"column":0,"index":0},"end":{"line":28,"column":0,"index":1050}},"errors":[],"program":{"type":"Program","start":0,"end":1050,"loc":{"start":{"line":1,"column":0,"index":0},"end":{"line":28,"column":0,"index":1050}},"sourceType":"module","interpreter":{"type":"InterpreterDirective","start":0,"end":19,"loc":{"start":{"line":1,"column":0,"index":0},"end":{"line":1,"column":19,"index":19}},"value":"/usr/bin/env node","trailingComments":[{"type":"CommentLine","value":" This is used as an example in the README for:","start":21,"end":69,"loc":{"start":{"line":3,"column":0,"index":21},"end":{"line":3,"column":48,"index":69}}},{"type":"CommentLine","value":"    Other option types, negatable boolean","start":70,"end":113,"loc":{"start":{"line":4,"column":0,"index":70},"end":{"line":4,"column":43,"index":113}}},{"type":"CommentLine","value":"    You can specify a boolean option long name with a leading `no-` to make it true by default and able to be negated.","start":114,"end":234,"loc":{"start":{"line":5,"column":0,"index":114},"end":{"line":5,"column":120,"index":234}}},{"type":"CommentLine","value":" const commander = require('commander'); // (normal include)","start":236,"end":298,"loc":{"start":{"line":7,"column":0,"index":236},"end":{"line":7,"column":62,"index":298}}}]},"body":[{"type":"VariableDeclaration","start":299,"end":332,"loc":{"start":{"line":8,"column":0,"index":299},"end":{"line":8,"column":33,"index":332}},"declarations":[{"type":"VariableDeclarator","start":305,"end":331,"loc":{"start":{"line":8,"column":6,"index":305},"end":{"line":8,"column":32,"index":331}},"id":{"type":"Identifier","start":305,"end":314,"loc":{"start":{"line":8,"column":6,"index":305},"end":{"line":8,"column":15,"index":314},"identifierName":"commander"},"name":"commander"},"init":{"type":"CallExpression","start":317,"end":331,"loc":{"start":{"line":8,"column":18,"index":317},"end":{"line":8,"column":32,"index":331}},"callee":{"type":"Identifier","start":317,"end":324,"loc":{"start":{"line":8,"column":18,"index":317},"end":{"line":8,"column":25,"index":324},"identifierName":"require"},"name":"require"},"arguments":[{"type":"StringLiteral","start":325,"end":330,"loc":{"start":{"line":8,"column":26,"index":325},"end":{"line":8,"column":31,"index":330}},"extra":{"rawValue":"../","raw":"'../'"},"value":"../"}]}}],"kind":"const","trailingComments":[{"type":"CommentLine","value":" include commander in git clone of commander repo","start":333,"end":384,"loc":{"start":{"line":8,"column":34,"index":333},"end":{"line":8,"column":85,"index":384}}}],"leadingComments":[{"type":"CommentLine","value":" This is used as an example in the README for:","start":21,"end":69,"loc":{"start":{"line":3,"column":0,"index":21},"end":{"line":3,"column":48,"index":69}}},{"type":"CommentLine","value":"    Other option types, negatable boolean","start":70,"end":113,"loc":{"start":{"line":4,"column":0,"index":70},"end":{"line":4,"column":43,"index":113}}},{"type":"CommentLine","value":"    You can specify a boolean option long name with a leading `no-` to make it true by default and able to be negated.","start":114,"end":234,"loc":{"start":{"line":5,"column":0,"index":114},"end":{"line":5,"column":120,"index":234}}},{"type":"CommentLine","value":" const commander = require('commander'); // (normal include)","start":236,"end":298,"loc":{"start":{"line":7,"column":0,"index":236},"end":{"line":7,"column":62,"index":298}}}]},{"type":"VariableDeclaration","start":385,"end":425,"loc":{"start":{"line":9,"column":0,"index":385},"end":{"line":9,"column":40,"index":425}},"declarations":[{"type":"VariableDeclarator","start":391,"end":424,"loc":{"start":{"line":9,"column":6,"index":391},"end":{"line":9,"column":39,"index":424}},"id":{"type":"Identifier","start":391,"end":398,"loc":{"start":{"line":9,"column":6,"index":391},"end":{"line":9,"column":13,"index":398},"identifierName":"program"},"name":"program"},"init":{"type":"NewExpression","start":401,"end":424,"loc":{"start":{"line":9,"column":16,"index":401},"end":{"line":9,"column":39,"index":424}},"callee":{"type":"MemberExpression","start":405,"end":422,"loc":{"start":{"line":9,"column":20,"index":405},"end":{"line":9,"column":37,"index":422}},"object":{"type":"Identifier","start":405,"end":414,"loc":{"start":{"line":9,"column":20,"index":405},"end":{"line":9,"column":29,"index":414},"identifierName":"commander"},"name":"commander"},"computed":false,"property":{"type":"Identifier","start":415,"end":422,"loc":{"start":{"line":9,"column":30,"index":415},"end":{"line":9,"column":37,"index":422},"identifierName":"Command"},"name":"Command"}},"arguments":[]}}],"kind":"const","leadingComments":[{"type":"CommentLine","value":" include commander in git clone of commander repo","start":333,"end":384,"loc":{"start":{"line":8,"column":34,"index":333},"end":{"line":8,"column":85,"index":384}}}]},{"type":"ExpressionStatement","start":427,"end":588,"loc":{"start":{"line":11,"column":0,"index":427},"end":{"line":14,"column":49,"index":588}},"expression":{"type":"CallExpression","start":427,"end":587,"loc":{"start":{"line":11,"column":0,"index":427},"end":{"line":14,"column":48,"index":587}},"callee":{"type":"MemberExpression","start":427,"end":548,"loc":{"start":{"line":11,"column":0,"index":427},"end":{"line":14,"column":9,"index":548}},"object":{"type":"CallExpression","start":427,"end":538,"loc":{"start":{"line":11,"column":0,"index":427},"end":{"line":13,"column":63,"index":538}},"callee":{"type":"MemberExpression","start":427,"end":484,"loc":{"start":{"line":11,"column":0,"index":427},"end":{"line":13,"column":9,"index":484}},"object":{"type":"CallExpression","start":427,"end":474,"loc":{"start":{"line":11,"column":0,"index":427},"end":{"line":12,"column":39,"index":474}},"callee":{"type":"MemberExpression","start":427,"end":444,"loc":{"start":{"line":11,"column":0,"index":427},"end":{"line":12,"column":9,"index":444}},"object":{"type":"Identifier","start":427,"end":434,"loc":{"start":{"line":11,"column":0,"index":427},"end":{"line":11,"column":7,"index":434},"identifierName":"program"},"name":"program"},"computed":false,"property":{"type":"Identifier","start":438,"end":444,"loc":{"start":{"line":12,"column":3,"index":438},"end":{"line":12,"column":9,"index":444},"identifierName":"option"},"name":"option"}},"arguments":[{"type":"StringLiteral","start":445,"end":457,"loc":{"start":{"line":12,"column":10,"index":445},"end":{"line":12,"column":22,"index":457}},"extra":{"rawValue":"--no-sauce","raw":"'--no-sauce'"},"value":"--no-sauce"},{"type":"StringLiteral","start":459,"end":473,"loc":{"start":{"line":12,"column":24,"index":459},"end":{"line":12,"column":38,"index":473}},"extra":{"rawValue":"Remove sauce","raw":"'Remove sauce'"},"value":"Remove sauce"}]},"computed":false,"property":{"type":"Identifier","start":478,"end":484,"loc":{"start":{"line":13,"column":3,"index":478},"end":{"line":13,"column":9,"index":484},"identifierName":"option"},"name":"option"}},"arguments":[{"type":"StringLiteral","start":485,"end":505,"loc":{"start":{"line":13,"column":10,"index":485},"end":{"line":13,"column":30,"index":505}},"extra":{"rawValue":"--cheese <flavour>","raw":"'--cheese <flavour>'"},"value":"--cheese <flavour>"},{"type":"StringLiteral","start":507,"end":523,"loc":{"start":{"line":13,"column":32,"index":507},"end":{"line":13,"column":48,"index":523}},"extra":{"rawValue":"cheese flavour","raw":"'cheese flavour'"},"value":"cheese flavour"},{"type":"StringLiteral","start":525,"end":537,"loc":{"start":{"line":13,"column":50,"index":525},"end":{"line":13,"column":62,"index":537}},"extra":{"rawValue":"mozzarella","raw":"'mozzarella'"},"value":"mozzarella"}]},"computed":false,"property":{"type":"Identifier","start":542,"end":548,"loc":{"start":{"line":14,"column":3,"index":542},"end":{"line":14,"column":9,"index":548},"identifierName":"option"},"name":"option"}},"arguments":[{"type":"StringLiteral","start":549,"end":562,"loc":{"start":{"line":14,"column":10,"index":549},"end":{"line":14,"column":23,"index":562}},"extra":{"rawValue":"--no-cheese","raw":"'--no-cheese'"},"value":"--no-cheese"},{"type":"StringLiteral","start":564,"end":586,"loc":{"start":{"line":14,"column":25,"index":564},"end":{"line":14,"column":47,"index":586}},"extra":{"rawValue":"plain with no cheese","raw":"'plain with no cheese'"},"value":"plain with no cheese"}]}},{"type":"ExpressionStatement","start":590,"end":606,"loc":{"start":{"line":16,"column":0,"index":590},"end":{"line":16,"column":16,"index":606}},"expression":{"type":"CallExpression","start":590,"end":605,"loc":{"start":{"line":16,"column":0,"index":590},"end":{"line":16,"column":15,"index":605}},"callee":{"type":"MemberExpression","start":590,"end":603,"loc":{"start":{"line":16,"column":0,"index":590},"end":{"line":16,"column":13,"index":603}},"object":{"type":"Identifier","start":590,"end":597,"loc":{"start":{"line":16,"column":0,"index":590},"end":{"line":16,"column":7,"index":597},"identifierName":"program"},"name":"program"},"computed":false,"property":{"type":"Identifier","start":598,"end":603,"loc":{"start":{"line":16,"column":8,"index":598},"end":{"line":16,"column":13,"index":603},"identifierName":"parse"},"name":"parse"}},"arguments":[]}},{"type":"VariableDeclaration","start":608,"end":639,"loc":{"start":{"line":18,"column":0,"index":608},"end":{"line":18,"column":31,"index":639}},"declarations":[{"type":"VariableDeclarator","start":614,"end":638,"loc":{"start":{"line":18,"column":6,"index":614},"end":{"line":18,"column":30,"index":638}},"id":{"type":"Identifier","start":614,"end":621,"loc":{"start":{"line":18,"column":6,"index":614},"end":{"line":18,"column":13,"index":621},"identifierName":"options"},"name":"options"},"init":{"type":"CallExpression","start":624,"end":638,"loc":{"start":{"line":18,"column":16,"index":624},"end":{"line":18,"column":30,"index":638}},"callee":{"type":"MemberExpression","start":624,"end":636,"loc":{"start":{"line":18,"column":16,"index":624},"end":{"line":18,"column":28,"index":636}},"object":{"type":"Identifier","start":624,"end":631,"loc":{"start":{"line":18,"column":16,"index":624},"end":{"line":18,"column":23,"index":631},"identifierName":"program"},"name":"program"},"computed":false,"property":{"type":"Identifier","start":632,"end":636,"loc":{"start":{"line":18,"column":24,"index":632},"end":{"line":18,"column":28,"index":636},"identifierName":"opts"},"name":"opts"}},"arguments":[]}}],"kind":"const"},{"type":"VariableDeclaration","start":640,"end":694,"loc":{"start":{"line":19,"column":0,"index":640},"end":{"line":19,"column":54,"index":694}},"declarations":[{"type":"VariableDeclarator","start":646,"end":693,"loc":{"start":{"line":19,"column":6,"index":646},"end":{"line":19,"column":53,"index":693}},"id":{"type":"Identifier","start":646,"end":654,"loc":{"start":{"line":19,"column":6,"index":646},"end":{"line":19,"column":14,"index":654},"identifierName":"sauceStr"},"name":"sauceStr"},"init":{"type":"ConditionalExpression","start":657,"end":693,"loc":{"start":{"line":19,"column":17,"index":657},"end":{"line":19,"column":53,"index":693}},"test":{"type":"MemberExpression","start":657,"end":670,"loc":{"start":{"line":19,"column":17,"index":657},"end":{"line":19,"column":30,"index":670}},"object":{"type":"Identifier","start":657,"end":664,"loc":{"start":{"line":19,"column":17,"index":657},"end":{"line":19,"column":24,"index":664},"identifierName":"options"},"name":"options"},"computed":false,"property":{"type":"Identifier","start":665,"end":670,"loc":{"start":{"line":19,"column":25,"index":665},"end":{"line":19,"column":30,"index":670},"identifierName":"sauce"},"name":"sauce"}},"consequent":{"type":"StringLiteral","start":673,"end":680,"loc":{"start":{"line":19,"column":33,"index":673},"end":{"line":19,"column":40,"index":680}},"extra":{"rawValue":"sauce","raw":"'sauce'"},"value":"sauce"},"alternate":{"type":"StringLiteral","start":683,"end":693,"loc":{"start":{"line":19,"column":43,"index":683},"end":{"line":19,"column":53,"index":693}},"extra":{"rawValue":"no sauce","raw":"'no sauce'"},"value":"no sauce"}}}],"kind":"const"},{"type":"VariableDeclaration","start":695,"end":783,"loc":{"start":{"line":20,"column":0,"index":695},"end":{"line":20,"column":88,"index":783}},"declarations":[{"type":"VariableDeclarator","start":701,"end":782,"loc":{"start":{"line":20,"column":6,"index":701},"end":{"line":20,"column":87,"index":782}},"id":{"type":"Identifier","start":701,"end":710,"loc":{"start":{"line":20,"column":6,"index":701},"end":{"line":20,"column":15,"index":710},"identifierName":"cheeseStr"},"name":"cheeseStr"},"init":{"type":"ConditionalExpression","start":713,"end":782,"loc":{"start":{"line":20,"column":18,"index":713},"end":{"line":20,"column":87,"index":782}},"test":{"type":"BinaryExpression","start":714,"end":738,"loc":{"start":{"line":20,"column":19,"index":714},"end":{"line":20,"column":43,"index":738}},"left":{"type":"MemberExpression","start":714,"end":728,"loc":{"start":{"line":20,"column":19,"index":714},"end":{"line":20,"column":33,"index":728}},"object":{"type":"Identifier","start":714,"end":721,"loc":{"start":{"line":20,"column":19,"index":714},"end":{"line":20,"column":26,"index":721},"identifierName":"options"},"name":"options"},"computed":false,"property":{"type":"Identifier","start":722,"end":728,"loc":{"start":{"line":20,"column":27,"index":722},"end":{"line":20,"column":33,"index":728},"identifierName":"cheese"},"name":"cheese"}},"operator":"===","right":{"type":"BooleanLiteral","start":733,"end":738,"loc":{"start":{"line":20,"column":38,"index":733},"end":{"line":20,"column":43,"index":738}},"value":false},"extra":{"parenthesized":true,"parenStart":713}},"consequent":{"type":"StringLiteral","start":742,"end":753,"loc":{"start":{"line":20,"column":47,"index":742},"end":{"line":20,"column":58,"index":753}},"extra":{"rawValue":"no cheese","raw":"'no cheese'"},"value":"no cheese"},"alternate":{"type":"TemplateLiteral","start":756,"end":782,"loc":{"start":{"line":20,"column":61,"index":756},"end":{"line":20,"column":87,"index":782}},"expressions":[{"type":"MemberExpression","start":759,"end":773,"loc":{"start":{"line":20,"column":64,"index":759},"end":{"line":20,"column":78,"index":773}},"object":{"type":"Identifier","start":759,"end":766,"loc":{"start":{"line":20,"column":64,"index":759},"end":{"line":20,"column":71,"index":766},"identifierName":"options"},"name":"options"},"computed":false,"property":{"type":"Identifier","start":767,"end":773,"loc":{"start":{"line":20,"column":72,"index":767},"end":{"line":20,"column":78,"index":773},"identifierName":"cheese"},"name":"cheese"}}],"quasis":[{"type":"TemplateElement","start":757,"end":757,"loc":{"start":{"line":20,"column":62,"index":757},"end":{"line":20,"column":62,"index":757}},"value":{"raw":"","cooked":""},"tail":false},{"type":"TemplateElement","start":774,"end":781,"loc":{"start":{"line":20,"column":79,"index":774},"end":{"line":20,"column":86,"index":781}},"value":{"raw":" cheese","cooked":" cheese"},"tail":true}]}}}],"kind":"const"},{"type":"ExpressionStatement","start":784,"end":853,"loc":{"start":{"line":21,"column":0,"index":784},"end":{"line":21,"column":69,"index":853}},"expression":{"type":"CallExpression","start":784,"end":852,"loc":{"start":{"line":21,"column":0,"index":784},"end":{"line":21,"column":68,"index":852}},"callee":{"type":"MemberExpression","start":784,"end":795,"loc":{"start":{"line":21,"column":0,"index":784},"end":{"line":21,"column":11,"index":795}},"object":{"type":"Identifier","start":784,"end":791,"loc":{"start":{"line":21,"column":0,"index":784},"end":{"line":21,"column":7,"index":791},"identifierName":"console"},"name":"console"},"computed":false,"property":{"type":"Identifier","start":792,"end":795,"loc":{"start":{"line":21,"column":8,"index":792},"end":{"line":21,"column":11,"index":795},"identifierName":"log"},"name":"log"}},"arguments":[{"type":"TemplateLiteral","start":796,"end":851,"loc":{"start":{"line":21,"column":12,"index":796},"end":{"line":21,"column":67,"index":851}},"expressions":[{"type":"Identifier","start":824,"end":832,"loc":{"start":{"line":21,"column":40,"index":824},"end":{"line":21,"column":48,"index":832},"identifierName":"sauceStr"},"name":"sauceStr"},{"type":"Identifier","start":840,"end":849,"loc":{"start":{"line":21,"column":56,"index":840},"end":{"line":21,"column":65,"index":849},"identifierName":"cheeseStr"},"name":"cheeseStr"}],"quasis":[{"type":"TemplateElement","start":797,"end":822,"loc":{"start":{"line":21,"column":13,"index":797},"end":{"line":21,"column":38,"index":822}},"value":{"raw":"You ordered a pizza with ","cooked":"You ordered a pizza with "},"tail":false},{"type":"TemplateElement","start":833,"end":838,"loc":{"start":{"line":21,"column":49,"index":833},"end":{"line":21,"column":54,"index":838}},"value":{"raw":" and ","cooked":" and "},"tail":false},{"type":"TemplateElement","start":850,"end":850,"loc":{"start":{"line":21,"column":66,"index":850},"end":{"line":21,"column":66,"index":850}},"value":{"raw":"","cooked":""},"tail":true}]}]},"trailingComments":[{"type":"CommentLine","value":" Try the following:","start":855,"end":876,"loc":{"start":{"line":23,"column":0,"index":855},"end":{"line":23,"column":21,"index":876}}},{"type":"CommentLine","value":"    node options-negatable.js","start":877,"end":908,"loc":{"start":{"line":24,"column":0,"index":877},"end":{"line":24,"column":31,"index":908}}},{"type":"CommentLine","value":"    node options-negatable.js --sauce","start":909,"end":948,"loc":{"start":{"line":25,"column":0,"index":909},"end":{"line":25,"column":39,"index":948}}},{"type":"CommentLine","value":"    node options-negatable.js --cheese=blue","start":949,"end":994,"loc":{"start":{"line":26,"column":0,"index":949},"end":{"line":26,"column":45,"index":994}}},{"type":"CommentLine","value":"    node options-negatable.js --no-sauce --no-cheese","start":995,"end":1049,"loc":{"start":{"line":27,"column":0,"index":995},"end":{"line":27,"column":54,"index":1049}}}]}],"directives":[]},"comments":[{"type":"CommentLine","value":" This is used as an example in the README for:","start":21,"end":69,"loc":{"start":{"line":3,"column":0,"index":21},"end":{"line":3,"column":48,"index":69}}},{"type":"CommentLine","value":"    Other option types, negatable boolean","start":70,"end":113,"loc":{"start":{"line":4,"column":0,"index":70},"end":{"line":4,"column":43,"index":113}}},{"type":"CommentLine","value":"    You can specify a boolean option long name with a leading `no-` to make it true by default and able to be negated.","start":114,"end":234,"loc":{"start":{"line":5,"column":0,"index":114},"end":{"line":5,"column":120,"index":234}}},{"type":"CommentLine","value":" const commander = require('commander'); // (normal include)","start":236,"end":298,"loc":{"start":{"line":7,"column":0,"index":236},"end":{"line":7,"column":62,"index":298}}},{"type":"CommentLine","value":" include commander in git clone of commander repo","start":333,"end":384,"loc":{"start":{"line":8,"column":34,"index":333},"end":{"line":8,"column":85,"index":384}}},{"type":"CommentLine","value":" Try the following:","start":855,"end":876,"loc":{"start":{"line":23,"column":0,"index":855},"end":{"line":23,"column":21,"index":876}}},{"type":"CommentLine","value":"    node options-negatable.js","start":877,"end":908,"loc":{"start":{"line":24,"column":0,"index":877},"end":{"line":24,"column":31,"index":908}}},{"type":"CommentLine","value":"    node options-negatable.js --sauce","start":909,"end":948,"loc":{"start":{"line":25,"column":0,"index":909},"end":{"line":25,"column":39,"index":948}}},{"type":"CommentLine","value":"    node options-negatable.js --cheese=blue","start":949,"end":994,"loc":{"start":{"line":26,"column":0,"index":949},"end":{"line":26,"column":45,"index":994}}},{"type":"CommentLine","value":"    node options-negatable.js --no-sauce --no-cheese","start":995,"end":1049,"loc":{"start":{"line":27,"column":0,"index":995},"end":{"line":27,"column":54,"index":1049}}}]}