{"type":"File","start":0,"end":1460,"loc":{"start":{"line":1,"column":0,"index":0},"end":{"line":48,"column":0,"index":1460}},"errors":[],"program":{"type":"Program","start":0,"end":1460,"loc":{"start":{"line":1,"column":0,"index":0},"end":{"line":48,"column":0,"index":1460}},"sourceType":"module","interpreter":{"type":"InterpreterDirective","start":0,"end":19,"loc":{"start":{"line":1,"column":0,"index":0},"end":{"line":1,"column":19,"index":19}},"value":"/usr/bin/env node","trailingComments":[{"type":"CommentLine","value":" This is used as an example in the README for:","start":21,"end":69,"loc":{"start":{"line":3,"column":0,"index":21},"end":{"line":3,"column":48,"index":69}}},{"type":"CommentLine","value":"    Custom argument processing","start":70,"end":102,"loc":{"start":{"line":4,"column":0,"index":70},"end":{"line":4,"column":32,"index":102}}},{"type":"CommentLine","value":"    You may specify a function to do custom processing of argument values.","start":103,"end":179,"loc":{"start":{"line":5,"column":0,"index":103},"end":{"line":5,"column":76,"index":179}}},{"type":"CommentLine","value":" const commander = require('commander'); // (normal include)","start":181,"end":243,"loc":{"start":{"line":7,"column":0,"index":181},"end":{"line":7,"column":62,"index":243}}}]},"body":[{"type":"VariableDeclaration","start":244,"end":277,"loc":{"start":{"line":8,"column":0,"index":244},"end":{"line":8,"column":33,"index":277}},"declarations":[{"type":"VariableDeclarator","start":250,"end":276,"loc":{"start":{"line":8,"column":6,"index":250},"end":{"line":8,"column":32,"index":276}},"id":{"type":"Identifier","start":250,"end":259,"loc":{"start":{"line":8,"column":6,"index":250},"end":{"line":8,"column":15,"index":259},"identifierName":"commander"},"name":"commander"},"init":{"type":"CallExpression","start":262,"end":276,"loc":{"start":{"line":8,"column":18,"index":262},"end":{"line":8,"column":32,"index":276}},"callee":{"type":"Identifier","start":262,"end":269,"loc":{"start":{"line":8,"column":18,"index":262},"end":{"line":8,"column":25,"index":269},"identifierName":"require"},"name":"require"},"arguments":[{"type":"StringLiteral","start":270,"end":275,"loc":{"start":{"line":8,"column":26,"index":270},"end":{"line":8,"column":31,"index":275}},"extra":{"rawValue":"../","raw":"'../'"},"value":"../"}]}}],"kind":"const","trailingComments":[{"type":"CommentLine","value":" include commander in git clone of commander repo","start":278,"end":329,"loc":{"start":{"line":8,"column":34,"index":278},"end":{"line":8,"column":85,"index":329}}}],"leadingComments":[{"type":"CommentLine","value":" This is used as an example in the README for:","start":21,"end":69,"loc":{"start":{"line":3,"column":0,"index":21},"end":{"line":3,"column":48,"index":69}}},{"type":"CommentLine","value":"    Custom argument processing","start":70,"end":102,"loc":{"start":{"line":4,"column":0,"index":70},"end":{"line":4,"column":32,"index":102}}},{"type":"CommentLine","value":"    You may specify a function to do custom processing of argument values.","start":103,"end":179,"loc":{"start":{"line":5,"column":0,"index":103},"end":{"line":5,"column":76,"index":179}}},{"type":"CommentLine","value":" const commander = require('commander'); // (normal include)","start":181,"end":243,"loc":{"start":{"line":7,"column":0,"index":181},"end":{"line":7,"column":62,"index":243}}}]},{"type":"VariableDeclaration","start":330,"end":370,"loc":{"start":{"line":9,"column":0,"index":330},"end":{"line":9,"column":40,"index":370}},"declarations":[{"type":"VariableDeclarator","start":336,"end":369,"loc":{"start":{"line":9,"column":6,"index":336},"end":{"line":9,"column":39,"index":369}},"id":{"type":"Identifier","start":336,"end":343,"loc":{"start":{"line":9,"column":6,"index":336},"end":{"line":9,"column":13,"index":343},"identifierName":"program"},"name":"program"},"init":{"type":"NewExpression","start":346,"end":369,"loc":{"start":{"line":9,"column":16,"index":346},"end":{"line":9,"column":39,"index":369}},"callee":{"type":"MemberExpression","start":350,"end":367,"loc":{"start":{"line":9,"column":20,"index":350},"end":{"line":9,"column":37,"index":367}},"object":{"type":"Identifier","start":350,"end":359,"loc":{"start":{"line":9,"column":20,"index":350},"end":{"line":9,"column":29,"index":359},"identifierName":"commander"},"name":"commander"},"computed":false,"property":{"type":"Identifier","start":360,"end":367,"loc":{"start":{"line":9,"column":30,"index":360},"end":{"line":9,"column":37,"index":367},"identifierName":"Command"},"name":"Command"}},"arguments":[]}}],"kind":"const","leadingComments":[{"type":"CommentLine","value":" include commander in git clone of commander repo","start":278,"end":329,"loc":{"start":{"line":8,"column":34,"index":278},"end":{"line":8,"column":85,"index":329}}}]},{"type":"FunctionDeclaration","start":372,"end":618,"loc":{"start":{"line":11,"column":0,"index":372},"end":{"line":18,"column":1,"index":618}},"id":{"type":"Identifier","start":381,"end":391,"loc":{"start":{"line":11,"column":9,"index":381},"end":{"line":11,"column":19,"index":391},"identifierName":"myParseInt"},"name":"myParseInt"},"generator":false,"async":false,"params":[{"type":"Identifier","start":392,"end":397,"loc":{"start":{"line":11,"column":20,"index":392},"end":{"line":11,"column":25,"index":397},"identifierName":"value"},"name":"value"},{"type":"Identifier","start":399,"end":412,"loc":{"start":{"line":11,"column":27,"index":399},"end":{"line":11,"column":40,"index":412},"identifierName":"dummyPrevious"},"name":"dummyPrevious"}],"body":{"type":"BlockStatement","start":414,"end":618,"loc":{"start":{"line":11,"column":42,"index":414},"end":{"line":18,"column":1,"index":618}},"body":[{"type":"VariableDeclaration","start":459,"end":499,"loc":{"start":{"line":13,"column":2,"index":459},"end":{"line":13,"column":42,"index":499}},"declarations":[{"type":"VariableDeclarator","start":465,"end":498,"loc":{"start":{"line":13,"column":8,"index":465},"end":{"line":13,"column":41,"index":498}},"id":{"type":"Identifier","start":465,"end":476,"loc":{"start":{"line":13,"column":8,"index":465},"end":{"line":13,"column":19,"index":476},"identifierName":"parsedValue"},"name":"parsedValue"},"init":{"type":"CallExpression","start":479,"end":498,"loc":{"start":{"line":13,"column":22,"index":479},"end":{"line":13,"column":41,"index":498}},"callee":{"type":"Identifier","start":479,"end":487,"loc":{"start":{"line":13,"column":22,"index":479},"end":{"line":13,"column":30,"index":487},"identifierName":"parseInt"},"name":"parseInt"},"arguments":[{"type":"Identifier","start":488,"end":493,"loc":{"start":{"line":13,"column":31,"index":488},"end":{"line":13,"column":36,"index":493},"identifierName":"value"},"name":"value"},{"type":"NumericLiteral","start":495,"end":497,"loc":{"start":{"line":13,"column":38,"index":495},"end":{"line":13,"column":40,"index":497}},"extra":{"rawValue":10,"raw":"10"},"value":10}]}}],"kind":"const","leadingComments":[{"type":"CommentLine","value":" parseInt takes a string and a radix","start":418,"end":456,"loc":{"start":{"line":12,"column":2,"index":418},"end":{"line":12,"column":40,"index":456}}}]},{"type":"IfStatement","start":502,"end":594,"loc":{"start":{"line":14,"column":2,"index":502},"end":{"line":16,"column":3,"index":594}},"test":{"type":"CallExpression","start":506,"end":524,"loc":{"start":{"line":14,"column":6,"index":506},"end":{"line":14,"column":24,"index":524}},"callee":{"type":"Identifier","start":506,"end":511,"loc":{"start":{"line":14,"column":6,"index":506},"end":{"line":14,"column":11,"index":511},"identifierName":"isNaN"},"name":"isNaN"},"arguments":[{"type":"Identifier","start":512,"end":523,"loc":{"start":{"line":14,"column":12,"index":512},"end":{"line":14,"column":23,"index":523},"identifierName":"parsedValue"},"name":"parsedValue"}]},"consequent":{"type":"BlockStatement","start":526,"end":594,"loc":{"start":{"line":14,"column":26,"index":526},"end":{"line":16,"column":3,"index":594}},"body":[{"type":"ThrowStatement","start":532,"end":590,"loc":{"start":{"line":15,"column":4,"index":532},"end":{"line":15,"column":62,"index":590}},"argument":{"type":"NewExpression","start":538,"end":589,"loc":{"start":{"line":15,"column":10,"index":538},"end":{"line":15,"column":61,"index":589}},"callee":{"type":"MemberExpression","start":542,"end":572,"loc":{"start":{"line":15,"column":14,"index":542},"end":{"line":15,"column":44,"index":572}},"object":{"type":"Identifier","start":542,"end":551,"loc":{"start":{"line":15,"column":14,"index":542},"end":{"line":15,"column":23,"index":551},"identifierName":"commander"},"name":"commander"},"computed":false,"property":{"type":"Identifier","start":552,"end":572,"loc":{"start":{"line":15,"column":24,"index":552},"end":{"line":15,"column":44,"index":572},"identifierName":"InvalidArgumentError"},"name":"InvalidArgumentError"}},"arguments":[{"type":"StringLiteral","start":573,"end":588,"loc":{"start":{"line":15,"column":45,"index":573},"end":{"line":15,"column":60,"index":588}},"extra":{"rawValue":"Not a number.","raw":"'Not a number.'"},"value":"Not a number."}]}}],"directives":[]},"alternate":null},{"type":"ReturnStatement","start":597,"end":616,"loc":{"start":{"line":17,"column":2,"index":597},"end":{"line":17,"column":21,"index":616}},"argument":{"type":"Identifier","start":604,"end":615,"loc":{"start":{"line":17,"column":9,"index":604},"end":{"line":17,"column":20,"index":615},"identifierName":"parsedValue"},"name":"parsedValue"}}],"directives":[]},"trailingComments":[{"type":"CommentLine","value":" The previous value passed to the custom processing is used when processing variadic values.","start":620,"end":714,"loc":{"start":{"line":20,"column":0,"index":620},"end":{"line":20,"column":94,"index":714}}}]},{"type":"FunctionDeclaration","start":715,"end":783,"loc":{"start":{"line":21,"column":0,"index":715},"end":{"line":23,"column":1,"index":783}},"id":{"type":"Identifier","start":724,"end":729,"loc":{"start":{"line":21,"column":9,"index":724},"end":{"line":21,"column":14,"index":729},"identifierName":"mySum"},"name":"mySum"},"generator":false,"async":false,"params":[{"type":"Identifier","start":730,"end":735,"loc":{"start":{"line":21,"column":15,"index":730},"end":{"line":21,"column":20,"index":735},"identifierName":"value"},"name":"value"},{"type":"Identifier","start":737,"end":742,"loc":{"start":{"line":21,"column":22,"index":737},"end":{"line":21,"column":27,"index":742},"identifierName":"total"},"name":"total"}],"body":{"type":"BlockStatement","start":744,"end":783,"loc":{"start":{"line":21,"column":29,"index":744},"end":{"line":23,"column":1,"index":783}},"body":[{"type":"ReturnStatement","start":748,"end":781,"loc":{"start":{"line":22,"column":2,"index":748},"end":{"line":22,"column":35,"index":781}},"argument":{"type":"BinaryExpression","start":755,"end":780,"loc":{"start":{"line":22,"column":9,"index":755},"end":{"line":22,"column":34,"index":780}},"left":{"type":"Identifier","start":755,"end":760,"loc":{"start":{"line":22,"column":9,"index":755},"end":{"line":22,"column":14,"index":760},"identifierName":"total"},"name":"total"},"operator":"+","right":{"type":"CallExpression","start":763,"end":780,"loc":{"start":{"line":22,"column":17,"index":763},"end":{"line":22,"column":34,"index":780}},"callee":{"type":"Identifier","start":763,"end":773,"loc":{"start":{"line":22,"column":17,"index":763},"end":{"line":22,"column":27,"index":773},"identifierName":"myParseInt"},"name":"myParseInt"},"arguments":[{"type":"Identifier","start":774,"end":779,"loc":{"start":{"line":22,"column":28,"index":774},"end":{"line":22,"column":33,"index":779},"identifierName":"value"},"name":"value"}]}}}],"directives":[]},"leadingComments":[{"type":"CommentLine","value":" The previous value passed to the custom processing is used when processing variadic values.","start":620,"end":714,"loc":{"start":{"line":20,"column":0,"index":620},"end":{"line":20,"column":94,"index":714}}}]},{"type":"ExpressionStatement","start":785,"end":1025,"loc":{"start":{"line":25,"column":0,"index":785},"end":{"line":31,"column":5,"index":1025}},"expression":{"type":"CallExpression","start":785,"end":1024,"loc":{"start":{"line":25,"column":0,"index":785},"end":{"line":31,"column":4,"index":1024}},"callee":{"type":"MemberExpression","start":785,"end":937,"loc":{"start":{"line":25,"column":0,"index":785},"end":{"line":29,"column":9,"index":937}},"object":{"type":"CallExpression","start":785,"end":927,"loc":{"start":{"line":25,"column":0,"index":785},"end":{"line":28,"column":61,"index":927}},"callee":{"type":"MemberExpression","start":785,"end":877,"loc":{"start":{"line":25,"column":0,"index":785},"end":{"line":28,"column":11,"index":877}},"object":{"type":"CallExpression","start":785,"end":865,"loc":{"start":{"line":25,"column":0,"index":785},"end":{"line":27,"column":54,"index":865}},"callee":{"type":"MemberExpression","start":785,"end":822,"loc":{"start":{"line":25,"column":0,"index":785},"end":{"line":27,"column":11,"index":822}},"object":{"type":"CallExpression","start":785,"end":810,"loc":{"start":{"line":25,"column":0,"index":785},"end":{"line":26,"column":17,"index":810}},"callee":{"type":"MemberExpression","start":785,"end":803,"loc":{"start":{"line":25,"column":0,"index":785},"end":{"line":26,"column":10,"index":803}},"object":{"type":"Identifier","start":785,"end":792,"loc":{"start":{"line":25,"column":0,"index":785},"end":{"line":25,"column":7,"index":792},"identifierName":"program"},"name":"program"},"computed":false,"property":{"type":"Identifier","start":796,"end":803,"loc":{"start":{"line":26,"column":3,"index":796},"end":{"line":26,"column":10,"index":803},"identifierName":"command"},"name":"command"}},"arguments":[{"type":"StringLiteral","start":804,"end":809,"loc":{"start":{"line":26,"column":11,"index":804},"end":{"line":26,"column":16,"index":809}},"extra":{"rawValue":"add","raw":"'add'"},"value":"add"}]},"computed":false,"property":{"type":"Identifier","start":814,"end":822,"loc":{"start":{"line":27,"column":3,"index":814},"end":{"line":27,"column":11,"index":822},"identifierName":"argument"},"name":"argument"}},"arguments":[{"type":"StringLiteral","start":823,"end":832,"loc":{"start":{"line":27,"column":12,"index":823},"end":{"line":27,"column":21,"index":832}},"extra":{"rawValue":"<first>","raw":"'<first>'"},"value":"<first>"},{"type":"StringLiteral","start":834,"end":852,"loc":{"start":{"line":27,"column":23,"index":834},"end":{"line":27,"column":41,"index":852}},"extra":{"rawValue":"integer argument","raw":"'integer argument'"},"value":"integer argument"},{"type":"Identifier","start":854,"end":864,"loc":{"start":{"line":27,"column":43,"index":854},"end":{"line":27,"column":53,"index":864},"identifierName":"myParseInt"},"name":"myParseInt"}]},"computed":false,"property":{"type":"Identifier","start":869,"end":877,"loc":{"start":{"line":28,"column":3,"index":869},"end":{"line":28,"column":11,"index":877},"identifierName":"argument"},"name":"argument"}},"arguments":[{"type":"StringLiteral","start":878,"end":888,"loc":{"start":{"line":28,"column":12,"index":878},"end":{"line":28,"column":22,"index":888}},"extra":{"rawValue":"[second]","raw":"'[second]'"},"value":"[second]"},{"type":"StringLiteral","start":890,"end":908,"loc":{"start":{"line":28,"column":24,"index":890},"end":{"line":28,"column":42,"index":908}},"extra":{"rawValue":"integer argument","raw":"'integer argument'"},"value":"integer argument"},{"type":"Identifier","start":910,"end":920,"loc":{"start":{"line":28,"column":44,"index":910},"end":{"line":28,"column":54,"index":920},"identifierName":"myParseInt"},"name":"myParseInt"},{"type":"NumericLiteral","start":922,"end":926,"loc":{"start":{"line":28,"column":56,"index":922},"end":{"line":28,"column":60,"index":926}},"extra":{"rawValue":1000,"raw":"1000"},"value":1000}]},"computed":false,"property":{"type":"Identifier","start":931,"end":937,"loc":{"start":{"line":29,"column":3,"index":931},"end":{"line":29,"column":9,"index":937},"identifierName":"action"},"name":"action"}},"arguments":[{"type":"ArrowFunctionExpression","start":938,"end":1023,"loc":{"start":{"line":29,"column":10,"index":938},"end":{"line":31,"column":3,"index":1023}},"id":null,"generator":false,"async":false,"params":[{"type":"Identifier","start":939,"end":944,"loc":{"start":{"line":29,"column":11,"index":939},"end":{"line":29,"column":16,"index":944},"identifierName":"first"},"name":"first"},{"type":"Identifier","start":946,"end":952,"loc":{"start":{"line":29,"column":18,"index":946},"end":{"line":29,"column":24,"index":952},"identifierName":"second"},"name":"second"}],"body":{"type":"BlockStatement","start":957,"end":1023,"loc":{"start":{"line":29,"column":29,"index":957},"end":{"line":31,"column":3,"index":1023}},"body":[{"type":"ExpressionStatement","start":963,"end":1019,"loc":{"start":{"line":30,"column":4,"index":963},"end":{"line":30,"column":60,"index":1019}},"expression":{"type":"CallExpression","start":963,"end":1018,"loc":{"start":{"line":30,"column":4,"index":963},"end":{"line":30,"column":59,"index":1018}},"callee":{"type":"MemberExpression","start":963,"end":974,"loc":{"start":{"line":30,"column":4,"index":963},"end":{"line":30,"column":15,"index":974}},"object":{"type":"Identifier","start":963,"end":970,"loc":{"start":{"line":30,"column":4,"index":963},"end":{"line":30,"column":11,"index":970},"identifierName":"console"},"name":"console"},"computed":false,"property":{"type":"Identifier","start":971,"end":974,"loc":{"start":{"line":30,"column":12,"index":971},"end":{"line":30,"column":15,"index":974},"identifierName":"log"},"name":"log"}},"arguments":[{"type":"TemplateLiteral","start":975,"end":1017,"loc":{"start":{"line":30,"column":16,"index":975},"end":{"line":30,"column":58,"index":1017}},"expressions":[{"type":"Identifier","start":978,"end":983,"loc":{"start":{"line":30,"column":19,"index":978},"end":{"line":30,"column":24,"index":983},"identifierName":"first"},"name":"first"},{"type":"Identifier","start":989,"end":995,"loc":{"start":{"line":30,"column":30,"index":989},"end":{"line":30,"column":36,"index":995},"identifierName":"second"},"name":"second"},{"type":"BinaryExpression","start":1001,"end":1015,"loc":{"start":{"line":30,"column":42,"index":1001},"end":{"line":30,"column":56,"index":1015}},"left":{"type":"Identifier","start":1001,"end":1006,"loc":{"start":{"line":30,"column":42,"index":1001},"end":{"line":30,"column":47,"index":1006},"identifierName":"first"},"name":"first"},"operator":"+","right":{"type":"Identifier","start":1009,"end":1015,"loc":{"start":{"line":30,"column":50,"index":1009},"end":{"line":30,"column":56,"index":1015},"identifierName":"second"},"name":"second"}}],"quasis":[{"type":"TemplateElement","start":976,"end":976,"loc":{"start":{"line":30,"column":17,"index":976},"end":{"line":30,"column":17,"index":976}},"value":{"raw":"","cooked":""},"tail":false},{"type":"TemplateElement","start":984,"end":987,"loc":{"start":{"line":30,"column":25,"index":984},"end":{"line":30,"column":28,"index":987}},"value":{"raw":" + ","cooked":" + "},"tail":false},{"type":"TemplateElement","start":996,"end":999,"loc":{"start":{"line":30,"column":37,"index":996},"end":{"line":30,"column":40,"index":999}},"value":{"raw":" = ","cooked":" = "},"tail":false},{"type":"TemplateElement","start":1016,"end":1016,"loc":{"start":{"line":30,"column":57,"index":1016},"end":{"line":30,"column":57,"index":1016}},"value":{"raw":"","cooked":""},"tail":true}]}]}}],"directives":[]}}]}},{"type":"ExpressionStatement","start":1027,"end":1176,"loc":{"start":{"line":33,"column":0,"index":1027},"end":{"line":38,"column":5,"index":1176}},"expression":{"type":"CallExpression","start":1027,"end":1175,"loc":{"start":{"line":33,"column":0,"index":1027},"end":{"line":38,"column":4,"index":1175}},"callee":{"type":"MemberExpression","start":1027,"end":1121,"loc":{"start":{"line":33,"column":0,"index":1027},"end":{"line":36,"column":9,"index":1121}},"object":{"type":"CallExpression","start":1027,"end":1111,"loc":{"start":{"line":33,"column":0,"index":1027},"end":{"line":35,"column":58,"index":1111}},"callee":{"type":"MemberExpression","start":1027,"end":1064,"loc":{"start":{"line":33,"column":0,"index":1027},"end":{"line":35,"column":11,"index":1064}},"object":{"type":"CallExpression","start":1027,"end":1052,"loc":{"start":{"line":33,"column":0,"index":1027},"end":{"line":34,"column":17,"index":1052}},"callee":{"type":"MemberExpression","start":1027,"end":1045,"loc":{"start":{"line":33,"column":0,"index":1027},"end":{"line":34,"column":10,"index":1045}},"object":{"type":"Identifier","start":1027,"end":1034,"loc":{"start":{"line":33,"column":0,"index":1027},"end":{"line":33,"column":7,"index":1034},"identifierName":"program"},"name":"program"},"computed":false,"property":{"type":"Identifier","start":1038,"end":1045,"loc":{"start":{"line":34,"column":3,"index":1038},"end":{"line":34,"column":10,"index":1045},"identifierName":"command"},"name":"command"}},"arguments":[{"type":"StringLiteral","start":1046,"end":1051,"loc":{"start":{"line":34,"column":11,"index":1046},"end":{"line":34,"column":16,"index":1051}},"extra":{"rawValue":"sum","raw":"'sum'"},"value":"sum"}]},"computed":false,"property":{"type":"Identifier","start":1056,"end":1064,"loc":{"start":{"line":35,"column":3,"index":1056},"end":{"line":35,"column":11,"index":1064},"identifierName":"argument"},"name":"argument"}},"arguments":[{"type":"StringLiteral","start":1065,"end":1077,"loc":{"start":{"line":35,"column":12,"index":1065},"end":{"line":35,"column":24,"index":1077}},"extra":{"rawValue":"<value...>","raw":"'<value...>'"},"value":"<value...>"},{"type":"StringLiteral","start":1079,"end":1100,"loc":{"start":{"line":35,"column":26,"index":1079},"end":{"line":35,"column":47,"index":1100}},"extra":{"rawValue":"values to be summed","raw":"'values to be summed'"},"value":"values to be summed"},{"type":"Identifier","start":1102,"end":1107,"loc":{"start":{"line":35,"column":49,"index":1102},"end":{"line":35,"column":54,"index":1107},"identifierName":"mySum"},"name":"mySum"},{"type":"NumericLiteral","start":1109,"end":1110,"loc":{"start":{"line":35,"column":56,"index":1109},"end":{"line":35,"column":57,"index":1110}},"extra":{"rawValue":0,"raw":"0"},"value":0}]},"computed":false,"property":{"type":"Identifier","start":1115,"end":1121,"loc":{"start":{"line":36,"column":3,"index":1115},"end":{"line":36,"column":9,"index":1121},"identifierName":"action"},"name":"action"}},"arguments":[{"type":"ArrowFunctionExpression","start":1122,"end":1174,"loc":{"start":{"line":36,"column":10,"index":1122},"end":{"line":38,"column":3,"index":1174}},"id":null,"generator":false,"async":false,"params":[{"type":"Identifier","start":1123,"end":1128,"loc":{"start":{"line":36,"column":11,"index":1123},"end":{"line":36,"column":16,"index":1128},"identifierName":"total"},"name":"total"}],"body":{"type":"BlockStatement","start":1133,"end":1174,"loc":{"start":{"line":36,"column":21,"index":1133},"end":{"line":38,"column":3,"index":1174}},"body":[{"type":"ExpressionStatement","start":1139,"end":1170,"loc":{"start":{"line":37,"column":4,"index":1139},"end":{"line":37,"column":35,"index":1170}},"expression":{"type":"CallExpression","start":1139,"end":1169,"loc":{"start":{"line":37,"column":4,"index":1139},"end":{"line":37,"column":34,"index":1169}},"callee":{"type":"MemberExpression","start":1139,"end":1150,"loc":{"start":{"line":37,"column":4,"index":1139},"end":{"line":37,"column":15,"index":1150}},"object":{"type":"Identifier","start":1139,"end":1146,"loc":{"start":{"line":37,"column":4,"index":1139},"end":{"line":37,"column":11,"index":1146},"identifierName":"console"},"name":"console"},"computed":false,"property":{"type":"Identifier","start":1147,"end":1150,"loc":{"start":{"line":37,"column":12,"index":1147},"end":{"line":37,"column":15,"index":1150},"identifierName":"log"},"name":"log"}},"arguments":[{"type":"TemplateLiteral","start":1151,"end":1168,"loc":{"start":{"line":37,"column":16,"index":1151},"end":{"line":37,"column":33,"index":1168}},"expressions":[{"type":"Identifier","start":1161,"end":1166,"loc":{"start":{"line":37,"column":26,"index":1161},"end":{"line":37,"column":31,"index":1166},"identifierName":"total"},"name":"total"}],"quasis":[{"type":"TemplateElement","start":1152,"end":1159,"loc":{"start":{"line":37,"column":17,"index":1152},"end":{"line":37,"column":24,"index":1159}},"value":{"raw":"sum is ","cooked":"sum is "},"tail":false},{"type":"TemplateElement","start":1167,"end":1167,"loc":{"start":{"line":37,"column":32,"index":1167},"end":{"line":37,"column":32,"index":1167}},"value":{"raw":"","cooked":""},"tail":true}]}]}}],"directives":[]}}]}},{"type":"ExpressionStatement","start":1178,"end":1194,"loc":{"start":{"line":40,"column":0,"index":1178},"end":{"line":40,"column":16,"index":1194}},"expression":{"type":"CallExpression","start":1178,"end":1193,"loc":{"start":{"line":40,"column":0,"index":1178},"end":{"line":40,"column":15,"index":1193}},"callee":{"type":"MemberExpression","start":1178,"end":1191,"loc":{"start":{"line":40,"column":0,"index":1178},"end":{"line":40,"column":13,"index":1191}},"object":{"type":"Identifier","start":1178,"end":1185,"loc":{"start":{"line":40,"column":0,"index":1178},"end":{"line":40,"column":7,"index":1185},"identifierName":"program"},"name":"program"},"computed":false,"property":{"type":"Identifier","start":1186,"end":1191,"loc":{"start":{"line":40,"column":8,"index":1186},"end":{"line":40,"column":13,"index":1191},"identifierName":"parse"},"name":"parse"}},"arguments":[]},"trailingComments":[{"type":"CommentLine","value":" Try the following:","start":1196,"end":1217,"loc":{"start":{"line":42,"column":0,"index":1196},"end":{"line":42,"column":21,"index":1217}}},{"type":"CommentLine","value":"    node arguments-custom-processing add --help","start":1218,"end":1267,"loc":{"start":{"line":43,"column":0,"index":1218},"end":{"line":43,"column":49,"index":1267}}},{"type":"CommentLine","value":"    node arguments-custom-processing add 2","start":1268,"end":1312,"loc":{"start":{"line":44,"column":0,"index":1268},"end":{"line":44,"column":44,"index":1312}}},{"type":"CommentLine","value":"    node arguments-custom-processing add 12 56","start":1313,"end":1361,"loc":{"start":{"line":45,"column":0,"index":1313},"end":{"line":45,"column":48,"index":1361}}},{"type":"CommentLine","value":"    node arguments-custom-processing sum 1 2 3","start":1362,"end":1410,"loc":{"start":{"line":46,"column":0,"index":1362},"end":{"line":46,"column":48,"index":1410}}},{"type":"CommentLine","value":"    node arguments-custom-processing sum silly","start":1411,"end":1459,"loc":{"start":{"line":47,"column":0,"index":1411},"end":{"line":47,"column":48,"index":1459}}}]}],"directives":[]},"comments":[{"type":"CommentLine","value":" This is used as an example in the README for:","start":21,"end":69,"loc":{"start":{"line":3,"column":0,"index":21},"end":{"line":3,"column":48,"index":69}}},{"type":"CommentLine","value":"    Custom argument processing","start":70,"end":102,"loc":{"start":{"line":4,"column":0,"index":70},"end":{"line":4,"column":32,"index":102}}},{"type":"CommentLine","value":"    You may specify a function to do custom processing of argument values.","start":103,"end":179,"loc":{"start":{"line":5,"column":0,"index":103},"end":{"line":5,"column":76,"index":179}}},{"type":"CommentLine","value":" const commander = require('commander'); // (normal include)","start":181,"end":243,"loc":{"start":{"line":7,"column":0,"index":181},"end":{"line":7,"column":62,"index":243}}},{"type":"CommentLine","value":" include commander in git clone of commander repo","start":278,"end":329,"loc":{"start":{"line":8,"column":34,"index":278},"end":{"line":8,"column":85,"index":329}}},{"type":"CommentLine","value":" parseInt takes a string and a radix","start":418,"end":456,"loc":{"start":{"line":12,"column":2,"index":418},"end":{"line":12,"column":40,"index":456}}},{"type":"CommentLine","value":" The previous value passed to the custom processing is used when processing variadic values.","start":620,"end":714,"loc":{"start":{"line":20,"column":0,"index":620},"end":{"line":20,"column":94,"index":714}}},{"type":"CommentLine","value":" Try the following:","start":1196,"end":1217,"loc":{"start":{"line":42,"column":0,"index":1196},"end":{"line":42,"column":21,"index":1217}}},{"type":"CommentLine","value":"    node arguments-custom-processing add --help","start":1218,"end":1267,"loc":{"start":{"line":43,"column":0,"index":1218},"end":{"line":43,"column":49,"index":1267}}},{"type":"CommentLine","value":"    node arguments-custom-processing add 2","start":1268,"end":1312,"loc":{"start":{"line":44,"column":0,"index":1268},"end":{"line":44,"column":44,"index":1312}}},{"type":"CommentLine","value":"    node arguments-custom-processing add 12 56","start":1313,"end":1361,"loc":{"start":{"line":45,"column":0,"index":1313},"end":{"line":45,"column":48,"index":1361}}},{"type":"CommentLine","value":"    node arguments-custom-processing sum 1 2 3","start":1362,"end":1410,"loc":{"start":{"line":46,"column":0,"index":1362},"end":{"line":46,"column":48,"index":1410}}},{"type":"CommentLine","value":"    node arguments-custom-processing sum silly","start":1411,"end":1459,"loc":{"start":{"line":47,"column":0,"index":1411},"end":{"line":47,"column":48,"index":1459}}}]}