{"type":"File","start":0,"end":36,"loc":{"start":{"line":1,"column":0,"index":0},"end":{"line":2,"column":0,"index":36}},"errors":[],"program":{"type":"Program","start":0,"end":36,"loc":{"start":{"line":1,"column":0,"index":0},"end":{"line":2,"column":0,"index":36}},"sourceType":"module","interpreter":null,"body":[{"type":"ExpressionStatement","start":0,"end":35,"loc":{"start":{"line":1,"column":0,"index":0},"end":{"line":1,"column":35,"index":35}},"expression":{"type":"CallExpression","start":0,"end":34,"loc":{"start":{"line":1,"column":0,"index":0},"end":{"line":1,"column":34,"index":34}},"callee":{"type":"MemberExpression","start":0,"end":11,"loc":{"start":{"line":1,"column":0,"index":0},"end":{"line":1,"column":11,"index":11}},"object":{"type":"Identifier","start":0,"end":7,"loc":{"start":{"line":1,"column":0,"index":0},"end":{"line":1,"column":7,"index":7},"identifierName":"console"},"name":"console"},"computed":false,"property":{"type":"Identifier","start":8,"end":11,"loc":{"start":{"line":1,"column":8,"index":8},"end":{"line":1,"column":11,"index":11},"identifierName":"log"},"name":"log"}},"arguments":[{"type":"CallExpression","start":12,"end":33,"loc":{"start":{"line":1,"column":12,"index":12},"end":{"line":1,"column":33,"index":33}},"callee":{"type":"MemberExpression","start":12,"end":30,"loc":{"start":{"line":1,"column":12,"index":12},"end":{"line":1,"column":30,"index":30}},"object":{"type":"MemberExpression","start":12,"end":24,"loc":{"start":{"line":1,"column":12,"index":12},"end":{"line":1,"column":24,"index":24}},"object":{"type":"Identifier","start":12,"end":19,"loc":{"start":{"line":1,"column":12,"index":12},"end":{"line":1,"column":19,"index":19},"identifierName":"process"},"name":"process"},"computed":false,"property":{"type":"Identifier","start":20,"end":24,"loc":{"start":{"line":1,"column":20,"index":20},"end":{"line":1,"column":24,"index":24},"identifierName":"argv"},"name":"argv"}},"computed":false,"property":{"type":"Identifier","start":25,"end":30,"loc":{"start":{"line":1,"column":25,"index":25},"end":{"line":1,"column":30,"index":30},"identifierName":"slice"},"name":"slice"}},"arguments":[{"type":"NumericLiteral","start":31,"end":32,"loc":{"start":{"line":1,"column":31,"index":31},"end":{"line":1,"column":32,"index":32}},"extra":{"rawValue":2,"raw":"2"},"value":2}]}]}}],"directives":[]},"comments":[]}