namespace,statements-total,branches-total,functions-total,path-objectives-total,branch-objectives-total,function-objectives-total,exception-objectives-total,line-objectives-total,implicit-branch-objectives-total,objectives-total,statements-covered,branches-covered,functions-covered,path-objectives-covered,branch-objectives-covered,function-objectives-covered,exception-objectives-covered,line-objectives-covered,implicit-branch-objectives-covered,objectives-covered,random-seed,target,search-algorithm,search-evaluations,search-iterations,constant-pool-enabled,initialization-time,search-time,total-time,instrumentation-time,archive-size,minimized-archive-size
help.js,292,116,58,0,64,36,0,0,0,100,205,65,40,0,35,24,0,0,0,59,undefined,benchmark/commanderjs,MOSAFamily,9007199254740991,9007199254740991,false,,9007199254740991,60,,191,191
namespace,statements-total,branches-total,functions-total,path-objectives-total,branch-objectives-total,function-objectives-total,exception-objectives-total,line-objectives-total,implicit-branch-objectives-total,objectives-total,statements-covered,branches-covered,functions-covered,path-objectives-covered,branch-objectives-covered,function-objectives-covered,exception-objectives-covered,line-objectives-covered,implicit-branch-objectives-covered,objectives-covered,random-seed,target,search-algorithm,search-evaluations,search-iterations,constant-pool-enabled,initialization-time,search-time,total-time,instrumentation-time,archive-size,minimized-archive-size
option.js,292,116,58,0,14,15,0,0,0,29,205,65,40,0,8,13,0,0,0,21,undefined,benchmark/commanderjs,MOSAFamily,9007199254740991,9007199254740991,false,,9007199254740991,60,,191,191
namespace,statements-total,branches-total,functions-total,path-objectives-total,branch-objectives-total,function-objectives-total,exception-objectives-total,line-objectives-total,implicit-branch-objectives-total,objectives-total,statements-covered,branches-covered,functions-covered,path-objectives-covered,branch-objectives-covered,function-objectives-covered,exception-objectives-covered,line-objectives-covered,implicit-branch-objectives-covered,objectives-covered,random-seed,target,search-algorithm,search-evaluations,search-iterations,constant-pool-enabled,initialization-time,search-time,total-time,instrumentation-time,archive-size,minimized-archive-size
suggestSimilar.js,292,116,58,0,32,6,0,0,0,38,205,65,40,0,14,3,0,0,0,17,undefined,benchmark/commanderjs,MOSAFamily,9007199254740991,9007199254740991,false,,9007199254740991,60,,191,191
