namespace,seriesName,seriesTypeName,index,value
suggestSimilar.js,path-objectives-covered,search-time,0.001,0
suggestSimilar.js,path-objectives-covered,search-time,1.649,0
suggestSimilar.js,path-objectives-covered,search-time,3.268,0
suggestSimilar.js,path-objectives-covered,search-time,4.818,0
suggestSimilar.js,path-objectives-covered,search-time,6.414,0
suggestSimilar.js,path-objectives-covered,search-time,8.027,0
suggestSimilar.js,path-objectives-covered,search-time,9.652,0
suggestSimilar.js,path-objectives-covered,search-time,11.326,0
suggestSimilar.js,path-objectives-covered,search-time,12.908,0
suggestSimilar.js,path-objectives-covered,search-time,14.482,0
suggestSimilar.js,path-objectives-covered,search-time,16.078,0
suggestSimilar.js,path-objectives-covered,search-time,17.632,0
suggestSimilar.js,path-objectives-covered,search-time,19.238,0
suggestSimilar.js,path-objectives-covered,search-time,20.829,0
suggestSimilar.js,path-objectives-covered,search-time,22.385,0
suggestSimilar.js,path-objectives-covered,search-time,23.953,0
suggestSimilar.js,path-objectives-covered,search-time,25.464,0
suggestSimilar.js,path-objectives-covered,search-time,27.025,0
suggestSimilar.js,path-objectives-covered,search-time,28.603,0
suggestSimilar.js,path-objectives-covered,search-time,30.13,0
suggestSimilar.js,path-objectives-covered,search-time,31.706,0
suggestSimilar.js,path-objectives-covered,search-time,33.403,0
suggestSimilar.js,path-objectives-covered,search-time,35.061,0
suggestSimilar.js,path-objectives-covered,search-time,36.58,0
suggestSimilar.js,path-objectives-covered,search-time,38.214,0
suggestSimilar.js,path-objectives-covered,search-time,39.787,0
suggestSimilar.js,path-objectives-covered,search-time,41.333,0
suggestSimilar.js,path-objectives-covered,search-time,42.991,0
suggestSimilar.js,path-objectives-covered,search-time,44.586,0
suggestSimilar.js,path-objectives-covered,search-time,46.124,0
suggestSimilar.js,path-objectives-covered,search-time,48.452,0
suggestSimilar.js,path-objectives-covered,search-time,50.146,0
suggestSimilar.js,path-objectives-covered,search-time,51.845,0
suggestSimilar.js,path-objectives-covered,search-time,53.434,0
suggestSimilar.js,path-objectives-covered,search-time,55.361,0
suggestSimilar.js,path-objectives-covered,search-time,57.279,0
suggestSimilar.js,path-objectives-covered,search-time,58.356,0
suggestSimilar.js,path-objectives-covered,search-time,58.357,0
suggestSimilar.js,path-objectives-covered,total-time,1.692,0
suggestSimilar.js,path-objectives-covered,total-time,3.34,0
suggestSimilar.js,path-objectives-covered,total-time,4.959,0
suggestSimilar.js,path-objectives-covered,total-time,6.509,0
suggestSimilar.js,path-objectives-covered,total-time,8.105,0
suggestSimilar.js,path-objectives-covered,total-time,9.718,0
suggestSimilar.js,path-objectives-covered,total-time,11.343,0
suggestSimilar.js,path-objectives-covered,total-time,13.017,0
suggestSimilar.js,path-objectives-covered,total-time,14.599,0
suggestSimilar.js,path-objectives-covered,total-time,16.173,0
suggestSimilar.js,path-objectives-covered,total-time,17.769,0
suggestSimilar.js,path-objectives-covered,total-time,19.323,0
suggestSimilar.js,path-objectives-covered,total-time,20.929,0
suggestSimilar.js,path-objectives-covered,total-time,22.52,0
suggestSimilar.js,path-objectives-covered,total-time,24.076,0
suggestSimilar.js,path-objectives-covered,total-time,25.644,0
suggestSimilar.js,path-objectives-covered,total-time,27.155,0
suggestSimilar.js,path-objectives-covered,total-time,28.716,0
suggestSimilar.js,path-objectives-covered,total-time,30.294,0
suggestSimilar.js,path-objectives-covered,total-time,31.821,0
suggestSimilar.js,path-objectives-covered,total-time,33.397,0
suggestSimilar.js,path-objectives-covered,total-time,35.094,0
suggestSimilar.js,path-objectives-covered,total-time,36.752,0
suggestSimilar.js,path-objectives-covered,total-time,38.271,0
suggestSimilar.js,path-objectives-covered,total-time,39.905,0
suggestSimilar.js,path-objectives-covered,total-time,41.478,0
suggestSimilar.js,path-objectives-covered,total-time,43.024,0
suggestSimilar.js,path-objectives-covered,total-time,44.682,0
suggestSimilar.js,path-objectives-covered,total-time,46.277,0
suggestSimilar.js,path-objectives-covered,total-time,47.815,0
suggestSimilar.js,path-objectives-covered,total-time,50.143,0
suggestSimilar.js,path-objectives-covered,total-time,51.837,0
suggestSimilar.js,path-objectives-covered,total-time,53.536,0
suggestSimilar.js,path-objectives-covered,total-time,55.125,0
suggestSimilar.js,path-objectives-covered,total-time,57.052,0
suggestSimilar.js,path-objectives-covered,total-time,58.97,0
suggestSimilar.js,path-objectives-covered,total-time,60.047,0
suggestSimilar.js,path-objectives-covered,total-time,60.048,0
suggestSimilar.js,path-objectives-covered,iteration,0,0
suggestSimilar.js,path-objectives-covered,iteration,1,0
suggestSimilar.js,path-objectives-covered,iteration,2,0
suggestSimilar.js,path-objectives-covered,iteration,3,0
suggestSimilar.js,path-objectives-covered,iteration,4,0
suggestSimilar.js,path-objectives-covered,iteration,5,0
suggestSimilar.js,path-objectives-covered,iteration,6,0
suggestSimilar.js,path-objectives-covered,iteration,7,0
suggestSimilar.js,path-objectives-covered,iteration,8,0
suggestSimilar.js,path-objectives-covered,iteration,9,0
suggestSimilar.js,path-objectives-covered,iteration,10,0
suggestSimilar.js,path-objectives-covered,iteration,11,0
suggestSimilar.js,path-objectives-covered,iteration,12,0
suggestSimilar.js,path-objectives-covered,iteration,13,0
suggestSimilar.js,path-objectives-covered,iteration,14,0
suggestSimilar.js,path-objectives-covered,iteration,15,0
suggestSimilar.js,path-objectives-covered,iteration,16,0
suggestSimilar.js,path-objectives-covered,iteration,17,0
suggestSimilar.js,path-objectives-covered,iteration,18,0
suggestSimilar.js,path-objectives-covered,iteration,19,0
suggestSimilar.js,path-objectives-covered,iteration,20,0
suggestSimilar.js,path-objectives-covered,iteration,21,0
suggestSimilar.js,path-objectives-covered,iteration,22,0
suggestSimilar.js,path-objectives-covered,iteration,23,0
suggestSimilar.js,path-objectives-covered,iteration,24,0
suggestSimilar.js,path-objectives-covered,iteration,25,0
suggestSimilar.js,path-objectives-covered,iteration,26,0
suggestSimilar.js,path-objectives-covered,iteration,27,0
suggestSimilar.js,path-objectives-covered,iteration,28,0
suggestSimilar.js,path-objectives-covered,iteration,29,0
suggestSimilar.js,path-objectives-covered,iteration,30,0
suggestSimilar.js,path-objectives-covered,iteration,31,0
suggestSimilar.js,path-objectives-covered,iteration,32,0
suggestSimilar.js,path-objectives-covered,iteration,33,0
suggestSimilar.js,path-objectives-covered,iteration,34,0
suggestSimilar.js,path-objectives-covered,iteration,35,0
suggestSimilar.js,path-objectives-covered,iteration,36,0
suggestSimilar.js,path-objectives-covered,evaluation,50,0
suggestSimilar.js,path-objectives-covered,evaluation,101,0
suggestSimilar.js,path-objectives-covered,evaluation,152,0
suggestSimilar.js,path-objectives-covered,evaluation,203,0
suggestSimilar.js,path-objectives-covered,evaluation,254,0
suggestSimilar.js,path-objectives-covered,evaluation,305,0
suggestSimilar.js,path-objectives-covered,evaluation,356,0
suggestSimilar.js,path-objectives-covered,evaluation,407,0
suggestSimilar.js,path-objectives-covered,evaluation,458,0
suggestSimilar.js,path-objectives-covered,evaluation,509,0
suggestSimilar.js,path-objectives-covered,evaluation,560,0
suggestSimilar.js,path-objectives-covered,evaluation,611,0
suggestSimilar.js,path-objectives-covered,evaluation,662,0
suggestSimilar.js,path-objectives-covered,evaluation,713,0
suggestSimilar.js,path-objectives-covered,evaluation,764,0
suggestSimilar.js,path-objectives-covered,evaluation,815,0
suggestSimilar.js,path-objectives-covered,evaluation,866,0
suggestSimilar.js,path-objectives-covered,evaluation,917,0
suggestSimilar.js,path-objectives-covered,evaluation,968,0
suggestSimilar.js,path-objectives-covered,evaluation,1019,0
suggestSimilar.js,path-objectives-covered,evaluation,1070,0
suggestSimilar.js,path-objectives-covered,evaluation,1121,0
suggestSimilar.js,path-objectives-covered,evaluation,1172,0
suggestSimilar.js,path-objectives-covered,evaluation,1223,0
suggestSimilar.js,path-objectives-covered,evaluation,1274,0
suggestSimilar.js,path-objectives-covered,evaluation,1325,0
suggestSimilar.js,path-objectives-covered,evaluation,1376,0
suggestSimilar.js,path-objectives-covered,evaluation,1427,0
suggestSimilar.js,path-objectives-covered,evaluation,1478,0
suggestSimilar.js,path-objectives-covered,evaluation,1529,0
suggestSimilar.js,path-objectives-covered,evaluation,1580,0
suggestSimilar.js,path-objectives-covered,evaluation,1631,0
suggestSimilar.js,path-objectives-covered,evaluation,1682,0
suggestSimilar.js,path-objectives-covered,evaluation,1733,0
suggestSimilar.js,path-objectives-covered,evaluation,1784,0
suggestSimilar.js,path-objectives-covered,evaluation,1835,0
suggestSimilar.js,path-objectives-covered,evaluation,1866,0
suggestSimilar.js,branch-objectives-covered,search-time,0.001,13
suggestSimilar.js,branch-objectives-covered,search-time,1.649,13
suggestSimilar.js,branch-objectives-covered,search-time,3.268,13
suggestSimilar.js,branch-objectives-covered,search-time,4.818,13
suggestSimilar.js,branch-objectives-covered,search-time,6.414,13
suggestSimilar.js,branch-objectives-covered,search-time,8.027,13
suggestSimilar.js,branch-objectives-covered,search-time,9.652,14
suggestSimilar.js,branch-objectives-covered,search-time,11.326,14
suggestSimilar.js,branch-objectives-covered,search-time,12.908,14
suggestSimilar.js,branch-objectives-covered,search-time,14.482,14
suggestSimilar.js,branch-objectives-covered,search-time,16.078,14
suggestSimilar.js,branch-objectives-covered,search-time,17.632,14
suggestSimilar.js,branch-objectives-covered,search-time,19.238,14
suggestSimilar.js,branch-objectives-covered,search-time,20.829,14
suggestSimilar.js,branch-objectives-covered,search-time,22.385,14
suggestSimilar.js,branch-objectives-covered,search-time,23.953,14
suggestSimilar.js,branch-objectives-covered,search-time,25.464,14
suggestSimilar.js,branch-objectives-covered,search-time,27.025,14
suggestSimilar.js,branch-objectives-covered,search-time,28.603,14
suggestSimilar.js,branch-objectives-covered,search-time,30.13,14
suggestSimilar.js,branch-objectives-covered,search-time,31.706,14
suggestSimilar.js,branch-objectives-covered,search-time,33.403,14
suggestSimilar.js,branch-objectives-covered,search-time,35.061,14
suggestSimilar.js,branch-objectives-covered,search-time,36.58,14
suggestSimilar.js,branch-objectives-covered,search-time,38.214,14
suggestSimilar.js,branch-objectives-covered,search-time,39.787,14
suggestSimilar.js,branch-objectives-covered,search-time,41.333,14
suggestSimilar.js,branch-objectives-covered,search-time,42.991,14
suggestSimilar.js,branch-objectives-covered,search-time,44.586,14
suggestSimilar.js,branch-objectives-covered,search-time,46.124,14
suggestSimilar.js,branch-objectives-covered,search-time,48.452,14
suggestSimilar.js,branch-objectives-covered,search-time,50.146,14
suggestSimilar.js,branch-objectives-covered,search-time,51.845,14
suggestSimilar.js,branch-objectives-covered,search-time,53.434,14
suggestSimilar.js,branch-objectives-covered,search-time,55.361,14
suggestSimilar.js,branch-objectives-covered,search-time,57.279,14
suggestSimilar.js,branch-objectives-covered,search-time,58.356,14
suggestSimilar.js,branch-objectives-covered,search-time,58.357,14
suggestSimilar.js,branch-objectives-covered,total-time,1.692,13
suggestSimilar.js,branch-objectives-covered,total-time,3.34,13
suggestSimilar.js,branch-objectives-covered,total-time,4.959,13
suggestSimilar.js,branch-objectives-covered,total-time,6.509,13
suggestSimilar.js,branch-objectives-covered,total-time,8.105,13
suggestSimilar.js,branch-objectives-covered,total-time,9.718,13
suggestSimilar.js,branch-objectives-covered,total-time,11.343,14
suggestSimilar.js,branch-objectives-covered,total-time,13.017,14
suggestSimilar.js,branch-objectives-covered,total-time,14.599,14
suggestSimilar.js,branch-objectives-covered,total-time,16.173,14
suggestSimilar.js,branch-objectives-covered,total-time,17.769,14
suggestSimilar.js,branch-objectives-covered,total-time,19.323,14
suggestSimilar.js,branch-objectives-covered,total-time,20.929,14
suggestSimilar.js,branch-objectives-covered,total-time,22.52,14
suggestSimilar.js,branch-objectives-covered,total-time,24.076,14
suggestSimilar.js,branch-objectives-covered,total-time,25.644,14
suggestSimilar.js,branch-objectives-covered,total-time,27.155,14
suggestSimilar.js,branch-objectives-covered,total-time,28.716,14
suggestSimilar.js,branch-objectives-covered,total-time,30.294,14
suggestSimilar.js,branch-objectives-covered,total-time,31.821,14
suggestSimilar.js,branch-objectives-covered,total-time,33.397,14
suggestSimilar.js,branch-objectives-covered,total-time,35.094,14
suggestSimilar.js,branch-objectives-covered,total-time,36.752,14
suggestSimilar.js,branch-objectives-covered,total-time,38.271,14
suggestSimilar.js,branch-objectives-covered,total-time,39.905,14
suggestSimilar.js,branch-objectives-covered,total-time,41.478,14
suggestSimilar.js,branch-objectives-covered,total-time,43.024,14
suggestSimilar.js,branch-objectives-covered,total-time,44.682,14
suggestSimilar.js,branch-objectives-covered,total-time,46.277,14
suggestSimilar.js,branch-objectives-covered,total-time,47.815,14
suggestSimilar.js,branch-objectives-covered,total-time,50.143,14
suggestSimilar.js,branch-objectives-covered,total-time,51.837,14
suggestSimilar.js,branch-objectives-covered,total-time,53.536,14
suggestSimilar.js,branch-objectives-covered,total-time,55.125,14
suggestSimilar.js,branch-objectives-covered,total-time,57.052,14
suggestSimilar.js,branch-objectives-covered,total-time,58.97,14
suggestSimilar.js,branch-objectives-covered,total-time,60.047,14
suggestSimilar.js,branch-objectives-covered,total-time,60.048,14
suggestSimilar.js,branch-objectives-covered,iteration,0,13
suggestSimilar.js,branch-objectives-covered,iteration,1,13
suggestSimilar.js,branch-objectives-covered,iteration,2,13
suggestSimilar.js,branch-objectives-covered,iteration,3,13
suggestSimilar.js,branch-objectives-covered,iteration,4,13
suggestSimilar.js,branch-objectives-covered,iteration,5,13
suggestSimilar.js,branch-objectives-covered,iteration,6,14
suggestSimilar.js,branch-objectives-covered,iteration,7,14
suggestSimilar.js,branch-objectives-covered,iteration,8,14
suggestSimilar.js,branch-objectives-covered,iteration,9,14
suggestSimilar.js,branch-objectives-covered,iteration,10,14
suggestSimilar.js,branch-objectives-covered,iteration,11,14
suggestSimilar.js,branch-objectives-covered,iteration,12,14
suggestSimilar.js,branch-objectives-covered,iteration,13,14
suggestSimilar.js,branch-objectives-covered,iteration,14,14
suggestSimilar.js,branch-objectives-covered,iteration,15,14
suggestSimilar.js,branch-objectives-covered,iteration,16,14
suggestSimilar.js,branch-objectives-covered,iteration,17,14
suggestSimilar.js,branch-objectives-covered,iteration,18,14
suggestSimilar.js,branch-objectives-covered,iteration,19,14
suggestSimilar.js,branch-objectives-covered,iteration,20,14
suggestSimilar.js,branch-objectives-covered,iteration,21,14
suggestSimilar.js,branch-objectives-covered,iteration,22,14
suggestSimilar.js,branch-objectives-covered,iteration,23,14
suggestSimilar.js,branch-objectives-covered,iteration,24,14
suggestSimilar.js,branch-objectives-covered,iteration,25,14
suggestSimilar.js,branch-objectives-covered,iteration,26,14
suggestSimilar.js,branch-objectives-covered,iteration,27,14
suggestSimilar.js,branch-objectives-covered,iteration,28,14
suggestSimilar.js,branch-objectives-covered,iteration,29,14
suggestSimilar.js,branch-objectives-covered,iteration,30,14
suggestSimilar.js,branch-objectives-covered,iteration,31,14
suggestSimilar.js,branch-objectives-covered,iteration,32,14
suggestSimilar.js,branch-objectives-covered,iteration,33,14
suggestSimilar.js,branch-objectives-covered,iteration,34,14
suggestSimilar.js,branch-objectives-covered,iteration,35,14
suggestSimilar.js,branch-objectives-covered,iteration,36,14
suggestSimilar.js,branch-objectives-covered,evaluation,50,13
suggestSimilar.js,branch-objectives-covered,evaluation,101,13
suggestSimilar.js,branch-objectives-covered,evaluation,152,13
suggestSimilar.js,branch-objectives-covered,evaluation,203,13
suggestSimilar.js,branch-objectives-covered,evaluation,254,13
suggestSimilar.js,branch-objectives-covered,evaluation,305,13
suggestSimilar.js,branch-objectives-covered,evaluation,356,14
suggestSimilar.js,branch-objectives-covered,evaluation,407,14
suggestSimilar.js,branch-objectives-covered,evaluation,458,14
suggestSimilar.js,branch-objectives-covered,evaluation,509,14
suggestSimilar.js,branch-objectives-covered,evaluation,560,14
suggestSimilar.js,branch-objectives-covered,evaluation,611,14
suggestSimilar.js,branch-objectives-covered,evaluation,662,14
suggestSimilar.js,branch-objectives-covered,evaluation,713,14
suggestSimilar.js,branch-objectives-covered,evaluation,764,14
suggestSimilar.js,branch-objectives-covered,evaluation,815,14
suggestSimilar.js,branch-objectives-covered,evaluation,866,14
suggestSimilar.js,branch-objectives-covered,evaluation,917,14
suggestSimilar.js,branch-objectives-covered,evaluation,968,14
suggestSimilar.js,branch-objectives-covered,evaluation,1019,14
suggestSimilar.js,branch-objectives-covered,evaluation,1070,14
suggestSimilar.js,branch-objectives-covered,evaluation,1121,14
suggestSimilar.js,branch-objectives-covered,evaluation,1172,14
suggestSimilar.js,branch-objectives-covered,evaluation,1223,14
suggestSimilar.js,branch-objectives-covered,evaluation,1274,14
suggestSimilar.js,branch-objectives-covered,evaluation,1325,14
suggestSimilar.js,branch-objectives-covered,evaluation,1376,14
suggestSimilar.js,branch-objectives-covered,evaluation,1427,14
suggestSimilar.js,branch-objectives-covered,evaluation,1478,14
suggestSimilar.js,branch-objectives-covered,evaluation,1529,14
suggestSimilar.js,branch-objectives-covered,evaluation,1580,14
suggestSimilar.js,branch-objectives-covered,evaluation,1631,14
suggestSimilar.js,branch-objectives-covered,evaluation,1682,14
suggestSimilar.js,branch-objectives-covered,evaluation,1733,14
suggestSimilar.js,branch-objectives-covered,evaluation,1784,14
suggestSimilar.js,branch-objectives-covered,evaluation,1835,14
suggestSimilar.js,branch-objectives-covered,evaluation,1866,14
suggestSimilar.js,exception-objectives-covered,search-time,0.001,0
suggestSimilar.js,exception-objectives-covered,search-time,1.649,0
suggestSimilar.js,exception-objectives-covered,search-time,3.268,0
suggestSimilar.js,exception-objectives-covered,search-time,4.818,0
suggestSimilar.js,exception-objectives-covered,search-time,6.414,0
suggestSimilar.js,exception-objectives-covered,search-time,8.027,0
suggestSimilar.js,exception-objectives-covered,search-time,9.652,0
suggestSimilar.js,exception-objectives-covered,search-time,11.326,0
suggestSimilar.js,exception-objectives-covered,search-time,12.908,0
suggestSimilar.js,exception-objectives-covered,search-time,14.482,0
suggestSimilar.js,exception-objectives-covered,search-time,16.078,0
suggestSimilar.js,exception-objectives-covered,search-time,17.632,0
suggestSimilar.js,exception-objectives-covered,search-time,19.238,0
suggestSimilar.js,exception-objectives-covered,search-time,20.829,0
suggestSimilar.js,exception-objectives-covered,search-time,22.385,0
suggestSimilar.js,exception-objectives-covered,search-time,23.953,0
suggestSimilar.js,exception-objectives-covered,search-time,25.464,0
suggestSimilar.js,exception-objectives-covered,search-time,27.025,0
suggestSimilar.js,exception-objectives-covered,search-time,28.603,0
suggestSimilar.js,exception-objectives-covered,search-time,30.13,0
suggestSimilar.js,exception-objectives-covered,search-time,31.706,0
suggestSimilar.js,exception-objectives-covered,search-time,33.403,0
suggestSimilar.js,exception-objectives-covered,search-time,35.061,0
suggestSimilar.js,exception-objectives-covered,search-time,36.58,0
suggestSimilar.js,exception-objectives-covered,search-time,38.214,0
suggestSimilar.js,exception-objectives-covered,search-time,39.787,0
suggestSimilar.js,exception-objectives-covered,search-time,41.333,0
suggestSimilar.js,exception-objectives-covered,search-time,42.991,0
suggestSimilar.js,exception-objectives-covered,search-time,44.586,0
suggestSimilar.js,exception-objectives-covered,search-time,46.124,0
suggestSimilar.js,exception-objectives-covered,search-time,48.452,0
suggestSimilar.js,exception-objectives-covered,search-time,50.146,0
suggestSimilar.js,exception-objectives-covered,search-time,51.845,0
suggestSimilar.js,exception-objectives-covered,search-time,53.434,0
suggestSimilar.js,exception-objectives-covered,search-time,55.361,0
suggestSimilar.js,exception-objectives-covered,search-time,57.279,0
suggestSimilar.js,exception-objectives-covered,search-time,58.356,0
suggestSimilar.js,exception-objectives-covered,search-time,58.357,0
suggestSimilar.js,exception-objectives-covered,total-time,1.692,0
suggestSimilar.js,exception-objectives-covered,total-time,3.34,0
suggestSimilar.js,exception-objectives-covered,total-time,4.959,0
suggestSimilar.js,exception-objectives-covered,total-time,6.509,0
suggestSimilar.js,exception-objectives-covered,total-time,8.105,0
suggestSimilar.js,exception-objectives-covered,total-time,9.718,0
suggestSimilar.js,exception-objectives-covered,total-time,11.343,0
suggestSimilar.js,exception-objectives-covered,total-time,13.017,0
suggestSimilar.js,exception-objectives-covered,total-time,14.599,0
suggestSimilar.js,exception-objectives-covered,total-time,16.173,0
suggestSimilar.js,exception-objectives-covered,total-time,17.769,0
suggestSimilar.js,exception-objectives-covered,total-time,19.323,0
suggestSimilar.js,exception-objectives-covered,total-time,20.929,0
suggestSimilar.js,exception-objectives-covered,total-time,22.52,0
suggestSimilar.js,exception-objectives-covered,total-time,24.076,0
suggestSimilar.js,exception-objectives-covered,total-time,25.644,0
suggestSimilar.js,exception-objectives-covered,total-time,27.155,0
suggestSimilar.js,exception-objectives-covered,total-time,28.716,0
suggestSimilar.js,exception-objectives-covered,total-time,30.294,0
suggestSimilar.js,exception-objectives-covered,total-time,31.821,0
suggestSimilar.js,exception-objectives-covered,total-time,33.397,0
suggestSimilar.js,exception-objectives-covered,total-time,35.094,0
suggestSimilar.js,exception-objectives-covered,total-time,36.752,0
suggestSimilar.js,exception-objectives-covered,total-time,38.271,0
suggestSimilar.js,exception-objectives-covered,total-time,39.905,0
suggestSimilar.js,exception-objectives-covered,total-time,41.478,0
suggestSimilar.js,exception-objectives-covered,total-time,43.024,0
suggestSimilar.js,exception-objectives-covered,total-time,44.682,0
suggestSimilar.js,exception-objectives-covered,total-time,46.277,0
suggestSimilar.js,exception-objectives-covered,total-time,47.815,0
suggestSimilar.js,exception-objectives-covered,total-time,50.143,0
suggestSimilar.js,exception-objectives-covered,total-time,51.837,0
suggestSimilar.js,exception-objectives-covered,total-time,53.536,0
suggestSimilar.js,exception-objectives-covered,total-time,55.125,0
suggestSimilar.js,exception-objectives-covered,total-time,57.052,0
suggestSimilar.js,exception-objectives-covered,total-time,58.97,0
suggestSimilar.js,exception-objectives-covered,total-time,60.047,0
suggestSimilar.js,exception-objectives-covered,total-time,60.048,0
suggestSimilar.js,exception-objectives-covered,iteration,0,0
suggestSimilar.js,exception-objectives-covered,iteration,1,0
suggestSimilar.js,exception-objectives-covered,iteration,2,0
suggestSimilar.js,exception-objectives-covered,iteration,3,0
suggestSimilar.js,exception-objectives-covered,iteration,4,0
suggestSimilar.js,exception-objectives-covered,iteration,5,0
suggestSimilar.js,exception-objectives-covered,iteration,6,0
suggestSimilar.js,exception-objectives-covered,iteration,7,0
suggestSimilar.js,exception-objectives-covered,iteration,8,0
suggestSimilar.js,exception-objectives-covered,iteration,9,0
suggestSimilar.js,exception-objectives-covered,iteration,10,0
suggestSimilar.js,exception-objectives-covered,iteration,11,0
suggestSimilar.js,exception-objectives-covered,iteration,12,0
suggestSimilar.js,exception-objectives-covered,iteration,13,0
suggestSimilar.js,exception-objectives-covered,iteration,14,0
suggestSimilar.js,exception-objectives-covered,iteration,15,0
suggestSimilar.js,exception-objectives-covered,iteration,16,0
suggestSimilar.js,exception-objectives-covered,iteration,17,0
suggestSimilar.js,exception-objectives-covered,iteration,18,0
suggestSimilar.js,exception-objectives-covered,iteration,19,0
suggestSimilar.js,exception-objectives-covered,iteration,20,0
suggestSimilar.js,exception-objectives-covered,iteration,21,0
suggestSimilar.js,exception-objectives-covered,iteration,22,0
suggestSimilar.js,exception-objectives-covered,iteration,23,0
suggestSimilar.js,exception-objectives-covered,iteration,24,0
suggestSimilar.js,exception-objectives-covered,iteration,25,0
suggestSimilar.js,exception-objectives-covered,iteration,26,0
suggestSimilar.js,exception-objectives-covered,iteration,27,0
suggestSimilar.js,exception-objectives-covered,iteration,28,0
suggestSimilar.js,exception-objectives-covered,iteration,29,0
suggestSimilar.js,exception-objectives-covered,iteration,30,0
suggestSimilar.js,exception-objectives-covered,iteration,31,0
suggestSimilar.js,exception-objectives-covered,iteration,32,0
suggestSimilar.js,exception-objectives-covered,iteration,33,0
suggestSimilar.js,exception-objectives-covered,iteration,34,0
suggestSimilar.js,exception-objectives-covered,iteration,35,0
suggestSimilar.js,exception-objectives-covered,iteration,36,0
suggestSimilar.js,exception-objectives-covered,evaluation,50,0
suggestSimilar.js,exception-objectives-covered,evaluation,101,0
suggestSimilar.js,exception-objectives-covered,evaluation,152,0
suggestSimilar.js,exception-objectives-covered,evaluation,203,0
suggestSimilar.js,exception-objectives-covered,evaluation,254,0
suggestSimilar.js,exception-objectives-covered,evaluation,305,0
suggestSimilar.js,exception-objectives-covered,evaluation,356,0
suggestSimilar.js,exception-objectives-covered,evaluation,407,0
suggestSimilar.js,exception-objectives-covered,evaluation,458,0
suggestSimilar.js,exception-objectives-covered,evaluation,509,0
suggestSimilar.js,exception-objectives-covered,evaluation,560,0
suggestSimilar.js,exception-objectives-covered,evaluation,611,0
suggestSimilar.js,exception-objectives-covered,evaluation,662,0
suggestSimilar.js,exception-objectives-covered,evaluation,713,0
suggestSimilar.js,exception-objectives-covered,evaluation,764,0
suggestSimilar.js,exception-objectives-covered,evaluation,815,0
suggestSimilar.js,exception-objectives-covered,evaluation,866,0
suggestSimilar.js,exception-objectives-covered,evaluation,917,0
suggestSimilar.js,exception-objectives-covered,evaluation,968,0
suggestSimilar.js,exception-objectives-covered,evaluation,1019,0
suggestSimilar.js,exception-objectives-covered,evaluation,1070,0
suggestSimilar.js,exception-objectives-covered,evaluation,1121,0
suggestSimilar.js,exception-objectives-covered,evaluation,1172,0
suggestSimilar.js,exception-objectives-covered,evaluation,1223,0
suggestSimilar.js,exception-objectives-covered,evaluation,1274,0
suggestSimilar.js,exception-objectives-covered,evaluation,1325,0
suggestSimilar.js,exception-objectives-covered,evaluation,1376,0
suggestSimilar.js,exception-objectives-covered,evaluation,1427,0
suggestSimilar.js,exception-objectives-covered,evaluation,1478,0
suggestSimilar.js,exception-objectives-covered,evaluation,1529,0
suggestSimilar.js,exception-objectives-covered,evaluation,1580,0
suggestSimilar.js,exception-objectives-covered,evaluation,1631,0
suggestSimilar.js,exception-objectives-covered,evaluation,1682,0
suggestSimilar.js,exception-objectives-covered,evaluation,1733,0
suggestSimilar.js,exception-objectives-covered,evaluation,1784,0
suggestSimilar.js,exception-objectives-covered,evaluation,1835,0
suggestSimilar.js,exception-objectives-covered,evaluation,1866,0
suggestSimilar.js,function-objectives-covered,search-time,0.001,3
suggestSimilar.js,function-objectives-covered,search-time,1.649,3
suggestSimilar.js,function-objectives-covered,search-time,3.268,3
suggestSimilar.js,function-objectives-covered,search-time,4.818,3
suggestSimilar.js,function-objectives-covered,search-time,6.414,3
suggestSimilar.js,function-objectives-covered,search-time,8.027,3
suggestSimilar.js,function-objectives-covered,search-time,9.652,3
suggestSimilar.js,function-objectives-covered,search-time,11.326,3
suggestSimilar.js,function-objectives-covered,search-time,12.908,3
suggestSimilar.js,function-objectives-covered,search-time,14.482,3
suggestSimilar.js,function-objectives-covered,search-time,16.078,3
suggestSimilar.js,function-objectives-covered,search-time,17.632,3
suggestSimilar.js,function-objectives-covered,search-time,19.238,3
suggestSimilar.js,function-objectives-covered,search-time,20.829,3
suggestSimilar.js,function-objectives-covered,search-time,22.385,3
suggestSimilar.js,function-objectives-covered,search-time,23.953,3
suggestSimilar.js,function-objectives-covered,search-time,25.464,3
suggestSimilar.js,function-objectives-covered,search-time,27.025,3
suggestSimilar.js,function-objectives-covered,search-time,28.603,3
suggestSimilar.js,function-objectives-covered,search-time,30.13,3
suggestSimilar.js,function-objectives-covered,search-time,31.706,3
suggestSimilar.js,function-objectives-covered,search-time,33.403,3
suggestSimilar.js,function-objectives-covered,search-time,35.061,3
suggestSimilar.js,function-objectives-covered,search-time,36.58,3
suggestSimilar.js,function-objectives-covered,search-time,38.214,3
suggestSimilar.js,function-objectives-covered,search-time,39.787,3
suggestSimilar.js,function-objectives-covered,search-time,41.333,3
suggestSimilar.js,function-objectives-covered,search-time,42.991,3
suggestSimilar.js,function-objectives-covered,search-time,44.586,3
suggestSimilar.js,function-objectives-covered,search-time,46.124,3
suggestSimilar.js,function-objectives-covered,search-time,48.452,3
suggestSimilar.js,function-objectives-covered,search-time,50.146,3
suggestSimilar.js,function-objectives-covered,search-time,51.845,3
suggestSimilar.js,function-objectives-covered,search-time,53.434,3
suggestSimilar.js,function-objectives-covered,search-time,55.361,3
suggestSimilar.js,function-objectives-covered,search-time,57.279,3
suggestSimilar.js,function-objectives-covered,search-time,58.356,3
suggestSimilar.js,function-objectives-covered,search-time,58.357,3
suggestSimilar.js,function-objectives-covered,total-time,1.692,3
suggestSimilar.js,function-objectives-covered,total-time,3.34,3
suggestSimilar.js,function-objectives-covered,total-time,4.959,3
suggestSimilar.js,function-objectives-covered,total-time,6.509,3
suggestSimilar.js,function-objectives-covered,total-time,8.105,3
suggestSimilar.js,function-objectives-covered,total-time,9.718,3
suggestSimilar.js,function-objectives-covered,total-time,11.343,3
suggestSimilar.js,function-objectives-covered,total-time,13.017,3
suggestSimilar.js,function-objectives-covered,total-time,14.599,3
suggestSimilar.js,function-objectives-covered,total-time,16.173,3
suggestSimilar.js,function-objectives-covered,total-time,17.769,3
suggestSimilar.js,function-objectives-covered,total-time,19.323,3
suggestSimilar.js,function-objectives-covered,total-time,20.929,3
suggestSimilar.js,function-objectives-covered,total-time,22.52,3
suggestSimilar.js,function-objectives-covered,total-time,24.076,3
suggestSimilar.js,function-objectives-covered,total-time,25.644,3
suggestSimilar.js,function-objectives-covered,total-time,27.155,3
suggestSimilar.js,function-objectives-covered,total-time,28.716,3
suggestSimilar.js,function-objectives-covered,total-time,30.294,3
suggestSimilar.js,function-objectives-covered,total-time,31.821,3
suggestSimilar.js,function-objectives-covered,total-time,33.397,3
suggestSimilar.js,function-objectives-covered,total-time,35.094,3
suggestSimilar.js,function-objectives-covered,total-time,36.752,3
suggestSimilar.js,function-objectives-covered,total-time,38.271,3
suggestSimilar.js,function-objectives-covered,total-time,39.905,3
suggestSimilar.js,function-objectives-covered,total-time,41.478,3
suggestSimilar.js,function-objectives-covered,total-time,43.024,3
suggestSimilar.js,function-objectives-covered,total-time,44.682,3
suggestSimilar.js,function-objectives-covered,total-time,46.277,3
suggestSimilar.js,function-objectives-covered,total-time,47.815,3
suggestSimilar.js,function-objectives-covered,total-time,50.143,3
suggestSimilar.js,function-objectives-covered,total-time,51.837,3
suggestSimilar.js,function-objectives-covered,total-time,53.536,3
suggestSimilar.js,function-objectives-covered,total-time,55.125,3
suggestSimilar.js,function-objectives-covered,total-time,57.052,3
suggestSimilar.js,function-objectives-covered,total-time,58.97,3
suggestSimilar.js,function-objectives-covered,total-time,60.047,3
suggestSimilar.js,function-objectives-covered,total-time,60.048,3
suggestSimilar.js,function-objectives-covered,iteration,0,3
suggestSimilar.js,function-objectives-covered,iteration,1,3
suggestSimilar.js,function-objectives-covered,iteration,2,3
suggestSimilar.js,function-objectives-covered,iteration,3,3
suggestSimilar.js,function-objectives-covered,iteration,4,3
suggestSimilar.js,function-objectives-covered,iteration,5,3
suggestSimilar.js,function-objectives-covered,iteration,6,3
suggestSimilar.js,function-objectives-covered,iteration,7,3
suggestSimilar.js,function-objectives-covered,iteration,8,3
suggestSimilar.js,function-objectives-covered,iteration,9,3
suggestSimilar.js,function-objectives-covered,iteration,10,3
suggestSimilar.js,function-objectives-covered,iteration,11,3
suggestSimilar.js,function-objectives-covered,iteration,12,3
suggestSimilar.js,function-objectives-covered,iteration,13,3
suggestSimilar.js,function-objectives-covered,iteration,14,3
suggestSimilar.js,function-objectives-covered,iteration,15,3
suggestSimilar.js,function-objectives-covered,iteration,16,3
suggestSimilar.js,function-objectives-covered,iteration,17,3
suggestSimilar.js,function-objectives-covered,iteration,18,3
suggestSimilar.js,function-objectives-covered,iteration,19,3
suggestSimilar.js,function-objectives-covered,iteration,20,3
suggestSimilar.js,function-objectives-covered,iteration,21,3
suggestSimilar.js,function-objectives-covered,iteration,22,3
suggestSimilar.js,function-objectives-covered,iteration,23,3
suggestSimilar.js,function-objectives-covered,iteration,24,3
suggestSimilar.js,function-objectives-covered,iteration,25,3
suggestSimilar.js,function-objectives-covered,iteration,26,3
suggestSimilar.js,function-objectives-covered,iteration,27,3
suggestSimilar.js,function-objectives-covered,iteration,28,3
suggestSimilar.js,function-objectives-covered,iteration,29,3
suggestSimilar.js,function-objectives-covered,iteration,30,3
suggestSimilar.js,function-objectives-covered,iteration,31,3
suggestSimilar.js,function-objectives-covered,iteration,32,3
suggestSimilar.js,function-objectives-covered,iteration,33,3
suggestSimilar.js,function-objectives-covered,iteration,34,3
suggestSimilar.js,function-objectives-covered,iteration,35,3
suggestSimilar.js,function-objectives-covered,iteration,36,3
suggestSimilar.js,function-objectives-covered,evaluation,50,3
suggestSimilar.js,function-objectives-covered,evaluation,101,3
suggestSimilar.js,function-objectives-covered,evaluation,152,3
suggestSimilar.js,function-objectives-covered,evaluation,203,3
suggestSimilar.js,function-objectives-covered,evaluation,254,3
suggestSimilar.js,function-objectives-covered,evaluation,305,3
suggestSimilar.js,function-objectives-covered,evaluation,356,3
suggestSimilar.js,function-objectives-covered,evaluation,407,3
suggestSimilar.js,function-objectives-covered,evaluation,458,3
suggestSimilar.js,function-objectives-covered,evaluation,509,3
suggestSimilar.js,function-objectives-covered,evaluation,560,3
suggestSimilar.js,function-objectives-covered,evaluation,611,3
suggestSimilar.js,function-objectives-covered,evaluation,662,3
suggestSimilar.js,function-objectives-covered,evaluation,713,3
suggestSimilar.js,function-objectives-covered,evaluation,764,3
suggestSimilar.js,function-objectives-covered,evaluation,815,3
suggestSimilar.js,function-objectives-covered,evaluation,866,3
suggestSimilar.js,function-objectives-covered,evaluation,917,3
suggestSimilar.js,function-objectives-covered,evaluation,968,3
suggestSimilar.js,function-objectives-covered,evaluation,1019,3
suggestSimilar.js,function-objectives-covered,evaluation,1070,3
suggestSimilar.js,function-objectives-covered,evaluation,1121,3
suggestSimilar.js,function-objectives-covered,evaluation,1172,3
suggestSimilar.js,function-objectives-covered,evaluation,1223,3
suggestSimilar.js,function-objectives-covered,evaluation,1274,3
suggestSimilar.js,function-objectives-covered,evaluation,1325,3
suggestSimilar.js,function-objectives-covered,evaluation,1376,3
suggestSimilar.js,function-objectives-covered,evaluation,1427,3
suggestSimilar.js,function-objectives-covered,evaluation,1478,3
suggestSimilar.js,function-objectives-covered,evaluation,1529,3
suggestSimilar.js,function-objectives-covered,evaluation,1580,3
suggestSimilar.js,function-objectives-covered,evaluation,1631,3
suggestSimilar.js,function-objectives-covered,evaluation,1682,3
suggestSimilar.js,function-objectives-covered,evaluation,1733,3
suggestSimilar.js,function-objectives-covered,evaluation,1784,3
suggestSimilar.js,function-objectives-covered,evaluation,1835,3
suggestSimilar.js,function-objectives-covered,evaluation,1866,3
suggestSimilar.js,line-objectives-covered,search-time,0.001,0
suggestSimilar.js,line-objectives-covered,search-time,1.649,0
suggestSimilar.js,line-objectives-covered,search-time,3.268,0
suggestSimilar.js,line-objectives-covered,search-time,4.818,0
suggestSimilar.js,line-objectives-covered,search-time,6.414,0
suggestSimilar.js,line-objectives-covered,search-time,8.027,0
suggestSimilar.js,line-objectives-covered,search-time,9.652,0
suggestSimilar.js,line-objectives-covered,search-time,11.326,0
suggestSimilar.js,line-objectives-covered,search-time,12.908,0
suggestSimilar.js,line-objectives-covered,search-time,14.482,0
suggestSimilar.js,line-objectives-covered,search-time,16.078,0
suggestSimilar.js,line-objectives-covered,search-time,17.632,0
suggestSimilar.js,line-objectives-covered,search-time,19.238,0
suggestSimilar.js,line-objectives-covered,search-time,20.829,0
suggestSimilar.js,line-objectives-covered,search-time,22.385,0
suggestSimilar.js,line-objectives-covered,search-time,23.953,0
suggestSimilar.js,line-objectives-covered,search-time,25.464,0
suggestSimilar.js,line-objectives-covered,search-time,27.025,0
suggestSimilar.js,line-objectives-covered,search-time,28.603,0
suggestSimilar.js,line-objectives-covered,search-time,30.13,0
suggestSimilar.js,line-objectives-covered,search-time,31.706,0
suggestSimilar.js,line-objectives-covered,search-time,33.403,0
suggestSimilar.js,line-objectives-covered,search-time,35.061,0
suggestSimilar.js,line-objectives-covered,search-time,36.58,0
suggestSimilar.js,line-objectives-covered,search-time,38.214,0
suggestSimilar.js,line-objectives-covered,search-time,39.787,0
suggestSimilar.js,line-objectives-covered,search-time,41.333,0
suggestSimilar.js,line-objectives-covered,search-time,42.991,0
suggestSimilar.js,line-objectives-covered,search-time,44.586,0
suggestSimilar.js,line-objectives-covered,search-time,46.124,0
suggestSimilar.js,line-objectives-covered,search-time,48.452,0
suggestSimilar.js,line-objectives-covered,search-time,50.146,0
suggestSimilar.js,line-objectives-covered,search-time,51.845,0
suggestSimilar.js,line-objectives-covered,search-time,53.434,0
suggestSimilar.js,line-objectives-covered,search-time,55.361,0
suggestSimilar.js,line-objectives-covered,search-time,57.279,0
suggestSimilar.js,line-objectives-covered,search-time,58.356,0
suggestSimilar.js,line-objectives-covered,search-time,58.357,0
suggestSimilar.js,line-objectives-covered,total-time,1.692,0
suggestSimilar.js,line-objectives-covered,total-time,3.34,0
suggestSimilar.js,line-objectives-covered,total-time,4.959,0
suggestSimilar.js,line-objectives-covered,total-time,6.509,0
suggestSimilar.js,line-objectives-covered,total-time,8.105,0
suggestSimilar.js,line-objectives-covered,total-time,9.718,0
suggestSimilar.js,line-objectives-covered,total-time,11.343,0
suggestSimilar.js,line-objectives-covered,total-time,13.017,0
suggestSimilar.js,line-objectives-covered,total-time,14.599,0
suggestSimilar.js,line-objectives-covered,total-time,16.173,0
suggestSimilar.js,line-objectives-covered,total-time,17.769,0
suggestSimilar.js,line-objectives-covered,total-time,19.323,0
suggestSimilar.js,line-objectives-covered,total-time,20.929,0
suggestSimilar.js,line-objectives-covered,total-time,22.52,0
suggestSimilar.js,line-objectives-covered,total-time,24.076,0
suggestSimilar.js,line-objectives-covered,total-time,25.644,0
suggestSimilar.js,line-objectives-covered,total-time,27.155,0
suggestSimilar.js,line-objectives-covered,total-time,28.716,0
suggestSimilar.js,line-objectives-covered,total-time,30.294,0
suggestSimilar.js,line-objectives-covered,total-time,31.821,0
suggestSimilar.js,line-objectives-covered,total-time,33.397,0
suggestSimilar.js,line-objectives-covered,total-time,35.094,0
suggestSimilar.js,line-objectives-covered,total-time,36.752,0
suggestSimilar.js,line-objectives-covered,total-time,38.271,0
suggestSimilar.js,line-objectives-covered,total-time,39.905,0
suggestSimilar.js,line-objectives-covered,total-time,41.478,0
suggestSimilar.js,line-objectives-covered,total-time,43.024,0
suggestSimilar.js,line-objectives-covered,total-time,44.682,0
suggestSimilar.js,line-objectives-covered,total-time,46.277,0
suggestSimilar.js,line-objectives-covered,total-time,47.815,0
suggestSimilar.js,line-objectives-covered,total-time,50.143,0
suggestSimilar.js,line-objectives-covered,total-time,51.837,0
suggestSimilar.js,line-objectives-covered,total-time,53.536,0
suggestSimilar.js,line-objectives-covered,total-time,55.125,0
suggestSimilar.js,line-objectives-covered,total-time,57.052,0
suggestSimilar.js,line-objectives-covered,total-time,58.97,0
suggestSimilar.js,line-objectives-covered,total-time,60.047,0
suggestSimilar.js,line-objectives-covered,total-time,60.048,0
suggestSimilar.js,line-objectives-covered,iteration,0,0
suggestSimilar.js,line-objectives-covered,iteration,1,0
suggestSimilar.js,line-objectives-covered,iteration,2,0
suggestSimilar.js,line-objectives-covered,iteration,3,0
suggestSimilar.js,line-objectives-covered,iteration,4,0
suggestSimilar.js,line-objectives-covered,iteration,5,0
suggestSimilar.js,line-objectives-covered,iteration,6,0
suggestSimilar.js,line-objectives-covered,iteration,7,0
suggestSimilar.js,line-objectives-covered,iteration,8,0
suggestSimilar.js,line-objectives-covered,iteration,9,0
suggestSimilar.js,line-objectives-covered,iteration,10,0
suggestSimilar.js,line-objectives-covered,iteration,11,0
suggestSimilar.js,line-objectives-covered,iteration,12,0
suggestSimilar.js,line-objectives-covered,iteration,13,0
suggestSimilar.js,line-objectives-covered,iteration,14,0
suggestSimilar.js,line-objectives-covered,iteration,15,0
suggestSimilar.js,line-objectives-covered,iteration,16,0
suggestSimilar.js,line-objectives-covered,iteration,17,0
suggestSimilar.js,line-objectives-covered,iteration,18,0
suggestSimilar.js,line-objectives-covered,iteration,19,0
suggestSimilar.js,line-objectives-covered,iteration,20,0
suggestSimilar.js,line-objectives-covered,iteration,21,0
suggestSimilar.js,line-objectives-covered,iteration,22,0
suggestSimilar.js,line-objectives-covered,iteration,23,0
suggestSimilar.js,line-objectives-covered,iteration,24,0
suggestSimilar.js,line-objectives-covered,iteration,25,0
suggestSimilar.js,line-objectives-covered,iteration,26,0
suggestSimilar.js,line-objectives-covered,iteration,27,0
suggestSimilar.js,line-objectives-covered,iteration,28,0
suggestSimilar.js,line-objectives-covered,iteration,29,0
suggestSimilar.js,line-objectives-covered,iteration,30,0
suggestSimilar.js,line-objectives-covered,iteration,31,0
suggestSimilar.js,line-objectives-covered,iteration,32,0
suggestSimilar.js,line-objectives-covered,iteration,33,0
suggestSimilar.js,line-objectives-covered,iteration,34,0
suggestSimilar.js,line-objectives-covered,iteration,35,0
suggestSimilar.js,line-objectives-covered,iteration,36,0
suggestSimilar.js,line-objectives-covered,evaluation,50,0
suggestSimilar.js,line-objectives-covered,evaluation,101,0
suggestSimilar.js,line-objectives-covered,evaluation,152,0
suggestSimilar.js,line-objectives-covered,evaluation,203,0
suggestSimilar.js,line-objectives-covered,evaluation,254,0
suggestSimilar.js,line-objectives-covered,evaluation,305,0
suggestSimilar.js,line-objectives-covered,evaluation,356,0
suggestSimilar.js,line-objectives-covered,evaluation,407,0
suggestSimilar.js,line-objectives-covered,evaluation,458,0
suggestSimilar.js,line-objectives-covered,evaluation,509,0
suggestSimilar.js,line-objectives-covered,evaluation,560,0
suggestSimilar.js,line-objectives-covered,evaluation,611,0
suggestSimilar.js,line-objectives-covered,evaluation,662,0
suggestSimilar.js,line-objectives-covered,evaluation,713,0
suggestSimilar.js,line-objectives-covered,evaluation,764,0
suggestSimilar.js,line-objectives-covered,evaluation,815,0
suggestSimilar.js,line-objectives-covered,evaluation,866,0
suggestSimilar.js,line-objectives-covered,evaluation,917,0
suggestSimilar.js,line-objectives-covered,evaluation,968,0
suggestSimilar.js,line-objectives-covered,evaluation,1019,0
suggestSimilar.js,line-objectives-covered,evaluation,1070,0
suggestSimilar.js,line-objectives-covered,evaluation,1121,0
suggestSimilar.js,line-objectives-covered,evaluation,1172,0
suggestSimilar.js,line-objectives-covered,evaluation,1223,0
suggestSimilar.js,line-objectives-covered,evaluation,1274,0
suggestSimilar.js,line-objectives-covered,evaluation,1325,0
suggestSimilar.js,line-objectives-covered,evaluation,1376,0
suggestSimilar.js,line-objectives-covered,evaluation,1427,0
suggestSimilar.js,line-objectives-covered,evaluation,1478,0
suggestSimilar.js,line-objectives-covered,evaluation,1529,0
suggestSimilar.js,line-objectives-covered,evaluation,1580,0
suggestSimilar.js,line-objectives-covered,evaluation,1631,0
suggestSimilar.js,line-objectives-covered,evaluation,1682,0
suggestSimilar.js,line-objectives-covered,evaluation,1733,0
suggestSimilar.js,line-objectives-covered,evaluation,1784,0
suggestSimilar.js,line-objectives-covered,evaluation,1835,0
suggestSimilar.js,line-objectives-covered,evaluation,1866,0
suggestSimilar.js,implicit-branch-objectives-covered,search-time,0.001,0
suggestSimilar.js,implicit-branch-objectives-covered,search-time,1.649,0
suggestSimilar.js,implicit-branch-objectives-covered,search-time,3.268,0
suggestSimilar.js,implicit-branch-objectives-covered,search-time,4.818,0
suggestSimilar.js,implicit-branch-objectives-covered,search-time,6.414,0
suggestSimilar.js,implicit-branch-objectives-covered,search-time,8.027,0
suggestSimilar.js,implicit-branch-objectives-covered,search-time,9.652,0
suggestSimilar.js,implicit-branch-objectives-covered,search-time,11.326,0
suggestSimilar.js,implicit-branch-objectives-covered,search-time,12.908,0
suggestSimilar.js,implicit-branch-objectives-covered,search-time,14.482,0
suggestSimilar.js,implicit-branch-objectives-covered,search-time,16.078,0
suggestSimilar.js,implicit-branch-objectives-covered,search-time,17.632,0
suggestSimilar.js,implicit-branch-objectives-covered,search-time,19.238,0
suggestSimilar.js,implicit-branch-objectives-covered,search-time,20.829,0
suggestSimilar.js,implicit-branch-objectives-covered,search-time,22.385,0
suggestSimilar.js,implicit-branch-objectives-covered,search-time,23.953,0
suggestSimilar.js,implicit-branch-objectives-covered,search-time,25.464,0
suggestSimilar.js,implicit-branch-objectives-covered,search-time,27.025,0
suggestSimilar.js,implicit-branch-objectives-covered,search-time,28.603,0
suggestSimilar.js,implicit-branch-objectives-covered,search-time,30.13,0
suggestSimilar.js,implicit-branch-objectives-covered,search-time,31.706,0
suggestSimilar.js,implicit-branch-objectives-covered,search-time,33.403,0
suggestSimilar.js,implicit-branch-objectives-covered,search-time,35.061,0
suggestSimilar.js,implicit-branch-objectives-covered,search-time,36.58,0
suggestSimilar.js,implicit-branch-objectives-covered,search-time,38.214,0
suggestSimilar.js,implicit-branch-objectives-covered,search-time,39.787,0
suggestSimilar.js,implicit-branch-objectives-covered,search-time,41.333,0
suggestSimilar.js,implicit-branch-objectives-covered,search-time,42.991,0
suggestSimilar.js,implicit-branch-objectives-covered,search-time,44.586,0
suggestSimilar.js,implicit-branch-objectives-covered,search-time,46.124,0
suggestSimilar.js,implicit-branch-objectives-covered,search-time,48.452,0
suggestSimilar.js,implicit-branch-objectives-covered,search-time,50.146,0
suggestSimilar.js,implicit-branch-objectives-covered,search-time,51.845,0
suggestSimilar.js,implicit-branch-objectives-covered,search-time,53.434,0
suggestSimilar.js,implicit-branch-objectives-covered,search-time,55.361,0
suggestSimilar.js,implicit-branch-objectives-covered,search-time,57.279,0
suggestSimilar.js,implicit-branch-objectives-covered,search-time,58.356,0
suggestSimilar.js,implicit-branch-objectives-covered,search-time,58.357,0
suggestSimilar.js,implicit-branch-objectives-covered,total-time,1.692,0
suggestSimilar.js,implicit-branch-objectives-covered,total-time,3.34,0
suggestSimilar.js,implicit-branch-objectives-covered,total-time,4.959,0
suggestSimilar.js,implicit-branch-objectives-covered,total-time,6.509,0
suggestSimilar.js,implicit-branch-objectives-covered,total-time,8.105,0
suggestSimilar.js,implicit-branch-objectives-covered,total-time,9.718,0
suggestSimilar.js,implicit-branch-objectives-covered,total-time,11.343,0
suggestSimilar.js,implicit-branch-objectives-covered,total-time,13.017,0
suggestSimilar.js,implicit-branch-objectives-covered,total-time,14.599,0
suggestSimilar.js,implicit-branch-objectives-covered,total-time,16.173,0
suggestSimilar.js,implicit-branch-objectives-covered,total-time,17.769,0
suggestSimilar.js,implicit-branch-objectives-covered,total-time,19.323,0
suggestSimilar.js,implicit-branch-objectives-covered,total-time,20.929,0
suggestSimilar.js,implicit-branch-objectives-covered,total-time,22.52,0
suggestSimilar.js,implicit-branch-objectives-covered,total-time,24.076,0
suggestSimilar.js,implicit-branch-objectives-covered,total-time,25.644,0
suggestSimilar.js,implicit-branch-objectives-covered,total-time,27.155,0
suggestSimilar.js,implicit-branch-objectives-covered,total-time,28.716,0
suggestSimilar.js,implicit-branch-objectives-covered,total-time,30.294,0
suggestSimilar.js,implicit-branch-objectives-covered,total-time,31.821,0
suggestSimilar.js,implicit-branch-objectives-covered,total-time,33.397,0
suggestSimilar.js,implicit-branch-objectives-covered,total-time,35.094,0
suggestSimilar.js,implicit-branch-objectives-covered,total-time,36.752,0
suggestSimilar.js,implicit-branch-objectives-covered,total-time,38.271,0
suggestSimilar.js,implicit-branch-objectives-covered,total-time,39.905,0
suggestSimilar.js,implicit-branch-objectives-covered,total-time,41.478,0
suggestSimilar.js,implicit-branch-objectives-covered,total-time,43.024,0
suggestSimilar.js,implicit-branch-objectives-covered,total-time,44.682,0
suggestSimilar.js,implicit-branch-objectives-covered,total-time,46.277,0
suggestSimilar.js,implicit-branch-objectives-covered,total-time,47.815,0
suggestSimilar.js,implicit-branch-objectives-covered,total-time,50.143,0
suggestSimilar.js,implicit-branch-objectives-covered,total-time,51.837,0
suggestSimilar.js,implicit-branch-objectives-covered,total-time,53.536,0
suggestSimilar.js,implicit-branch-objectives-covered,total-time,55.125,0
suggestSimilar.js,implicit-branch-objectives-covered,total-time,57.052,0
suggestSimilar.js,implicit-branch-objectives-covered,total-time,58.97,0
suggestSimilar.js,implicit-branch-objectives-covered,total-time,60.047,0
suggestSimilar.js,implicit-branch-objectives-covered,total-time,60.048,0
suggestSimilar.js,implicit-branch-objectives-covered,iteration,0,0
suggestSimilar.js,implicit-branch-objectives-covered,iteration,1,0
suggestSimilar.js,implicit-branch-objectives-covered,iteration,2,0
suggestSimilar.js,implicit-branch-objectives-covered,iteration,3,0
suggestSimilar.js,implicit-branch-objectives-covered,iteration,4,0
suggestSimilar.js,implicit-branch-objectives-covered,iteration,5,0
suggestSimilar.js,implicit-branch-objectives-covered,iteration,6,0
suggestSimilar.js,implicit-branch-objectives-covered,iteration,7,0
suggestSimilar.js,implicit-branch-objectives-covered,iteration,8,0
suggestSimilar.js,implicit-branch-objectives-covered,iteration,9,0
suggestSimilar.js,implicit-branch-objectives-covered,iteration,10,0
suggestSimilar.js,implicit-branch-objectives-covered,iteration,11,0
suggestSimilar.js,implicit-branch-objectives-covered,iteration,12,0
suggestSimilar.js,implicit-branch-objectives-covered,iteration,13,0
suggestSimilar.js,implicit-branch-objectives-covered,iteration,14,0
suggestSimilar.js,implicit-branch-objectives-covered,iteration,15,0
suggestSimilar.js,implicit-branch-objectives-covered,iteration,16,0
suggestSimilar.js,implicit-branch-objectives-covered,iteration,17,0
suggestSimilar.js,implicit-branch-objectives-covered,iteration,18,0
suggestSimilar.js,implicit-branch-objectives-covered,iteration,19,0
suggestSimilar.js,implicit-branch-objectives-covered,iteration,20,0
suggestSimilar.js,implicit-branch-objectives-covered,iteration,21,0
suggestSimilar.js,implicit-branch-objectives-covered,iteration,22,0
suggestSimilar.js,implicit-branch-objectives-covered,iteration,23,0
suggestSimilar.js,implicit-branch-objectives-covered,iteration,24,0
suggestSimilar.js,implicit-branch-objectives-covered,iteration,25,0
suggestSimilar.js,implicit-branch-objectives-covered,iteration,26,0
suggestSimilar.js,implicit-branch-objectives-covered,iteration,27,0
suggestSimilar.js,implicit-branch-objectives-covered,iteration,28,0
suggestSimilar.js,implicit-branch-objectives-covered,iteration,29,0
suggestSimilar.js,implicit-branch-objectives-covered,iteration,30,0
suggestSimilar.js,implicit-branch-objectives-covered,iteration,31,0
suggestSimilar.js,implicit-branch-objectives-covered,iteration,32,0
suggestSimilar.js,implicit-branch-objectives-covered,iteration,33,0
suggestSimilar.js,implicit-branch-objectives-covered,iteration,34,0
suggestSimilar.js,implicit-branch-objectives-covered,iteration,35,0
suggestSimilar.js,implicit-branch-objectives-covered,iteration,36,0
suggestSimilar.js,implicit-branch-objectives-covered,evaluation,50,0
suggestSimilar.js,implicit-branch-objectives-covered,evaluation,101,0
suggestSimilar.js,implicit-branch-objectives-covered,evaluation,152,0
suggestSimilar.js,implicit-branch-objectives-covered,evaluation,203,0
suggestSimilar.js,implicit-branch-objectives-covered,evaluation,254,0
suggestSimilar.js,implicit-branch-objectives-covered,evaluation,305,0
suggestSimilar.js,implicit-branch-objectives-covered,evaluation,356,0
suggestSimilar.js,implicit-branch-objectives-covered,evaluation,407,0
suggestSimilar.js,implicit-branch-objectives-covered,evaluation,458,0
suggestSimilar.js,implicit-branch-objectives-covered,evaluation,509,0
suggestSimilar.js,implicit-branch-objectives-covered,evaluation,560,0
suggestSimilar.js,implicit-branch-objectives-covered,evaluation,611,0
suggestSimilar.js,implicit-branch-objectives-covered,evaluation,662,0
suggestSimilar.js,implicit-branch-objectives-covered,evaluation,713,0
suggestSimilar.js,implicit-branch-objectives-covered,evaluation,764,0
suggestSimilar.js,implicit-branch-objectives-covered,evaluation,815,0
suggestSimilar.js,implicit-branch-objectives-covered,evaluation,866,0
suggestSimilar.js,implicit-branch-objectives-covered,evaluation,917,0
suggestSimilar.js,implicit-branch-objectives-covered,evaluation,968,0
suggestSimilar.js,implicit-branch-objectives-covered,evaluation,1019,0
suggestSimilar.js,implicit-branch-objectives-covered,evaluation,1070,0
suggestSimilar.js,implicit-branch-objectives-covered,evaluation,1121,0
suggestSimilar.js,implicit-branch-objectives-covered,evaluation,1172,0
suggestSimilar.js,implicit-branch-objectives-covered,evaluation,1223,0
suggestSimilar.js,implicit-branch-objectives-covered,evaluation,1274,0
suggestSimilar.js,implicit-branch-objectives-covered,evaluation,1325,0
suggestSimilar.js,implicit-branch-objectives-covered,evaluation,1376,0
suggestSimilar.js,implicit-branch-objectives-covered,evaluation,1427,0
suggestSimilar.js,implicit-branch-objectives-covered,evaluation,1478,0
suggestSimilar.js,implicit-branch-objectives-covered,evaluation,1529,0
suggestSimilar.js,implicit-branch-objectives-covered,evaluation,1580,0
suggestSimilar.js,implicit-branch-objectives-covered,evaluation,1631,0
suggestSimilar.js,implicit-branch-objectives-covered,evaluation,1682,0
suggestSimilar.js,implicit-branch-objectives-covered,evaluation,1733,0
suggestSimilar.js,implicit-branch-objectives-covered,evaluation,1784,0
suggestSimilar.js,implicit-branch-objectives-covered,evaluation,1835,0
suggestSimilar.js,implicit-branch-objectives-covered,evaluation,1866,0
suggestSimilar.js,objectives-covered,search-time,0.001,16
suggestSimilar.js,objectives-covered,search-time,1.649,16
suggestSimilar.js,objectives-covered,search-time,3.268,16
suggestSimilar.js,objectives-covered,search-time,4.818,16
suggestSimilar.js,objectives-covered,search-time,6.414,16
suggestSimilar.js,objectives-covered,search-time,8.027,16
suggestSimilar.js,objectives-covered,search-time,9.652,17
suggestSimilar.js,objectives-covered,search-time,11.326,17
suggestSimilar.js,objectives-covered,search-time,12.908,17
suggestSimilar.js,objectives-covered,search-time,14.482,17
suggestSimilar.js,objectives-covered,search-time,16.078,17
suggestSimilar.js,objectives-covered,search-time,17.632,17
suggestSimilar.js,objectives-covered,search-time,19.238,17
suggestSimilar.js,objectives-covered,search-time,20.829,17
suggestSimilar.js,objectives-covered,search-time,22.385,17
suggestSimilar.js,objectives-covered,search-time,23.953,17
suggestSimilar.js,objectives-covered,search-time,25.464,17
suggestSimilar.js,objectives-covered,search-time,27.025,17
suggestSimilar.js,objectives-covered,search-time,28.603,17
suggestSimilar.js,objectives-covered,search-time,30.13,17
suggestSimilar.js,objectives-covered,search-time,31.706,17
suggestSimilar.js,objectives-covered,search-time,33.403,17
suggestSimilar.js,objectives-covered,search-time,35.061,17
suggestSimilar.js,objectives-covered,search-time,36.58,17
suggestSimilar.js,objectives-covered,search-time,38.214,17
suggestSimilar.js,objectives-covered,search-time,39.787,17
suggestSimilar.js,objectives-covered,search-time,41.333,17
suggestSimilar.js,objectives-covered,search-time,42.991,17
suggestSimilar.js,objectives-covered,search-time,44.586,17
suggestSimilar.js,objectives-covered,search-time,46.124,17
suggestSimilar.js,objectives-covered,search-time,48.452,17
suggestSimilar.js,objectives-covered,search-time,50.146,17
suggestSimilar.js,objectives-covered,search-time,51.845,17
suggestSimilar.js,objectives-covered,search-time,53.434,17
suggestSimilar.js,objectives-covered,search-time,55.361,17
suggestSimilar.js,objectives-covered,search-time,57.279,17
suggestSimilar.js,objectives-covered,search-time,58.356,17
suggestSimilar.js,objectives-covered,search-time,58.357,17
suggestSimilar.js,objectives-covered,total-time,1.692,16
suggestSimilar.js,objectives-covered,total-time,3.34,16
suggestSimilar.js,objectives-covered,total-time,4.959,16
suggestSimilar.js,objectives-covered,total-time,6.509,16
suggestSimilar.js,objectives-covered,total-time,8.105,16
suggestSimilar.js,objectives-covered,total-time,9.718,16
suggestSimilar.js,objectives-covered,total-time,11.343,17
suggestSimilar.js,objectives-covered,total-time,13.017,17
suggestSimilar.js,objectives-covered,total-time,14.599,17
suggestSimilar.js,objectives-covered,total-time,16.173,17
suggestSimilar.js,objectives-covered,total-time,17.769,17
suggestSimilar.js,objectives-covered,total-time,19.323,17
suggestSimilar.js,objectives-covered,total-time,20.929,17
suggestSimilar.js,objectives-covered,total-time,22.52,17
suggestSimilar.js,objectives-covered,total-time,24.076,17
suggestSimilar.js,objectives-covered,total-time,25.644,17
suggestSimilar.js,objectives-covered,total-time,27.155,17
suggestSimilar.js,objectives-covered,total-time,28.716,17
suggestSimilar.js,objectives-covered,total-time,30.294,17
suggestSimilar.js,objectives-covered,total-time,31.821,17
suggestSimilar.js,objectives-covered,total-time,33.397,17
suggestSimilar.js,objectives-covered,total-time,35.094,17
suggestSimilar.js,objectives-covered,total-time,36.752,17
suggestSimilar.js,objectives-covered,total-time,38.271,17
suggestSimilar.js,objectives-covered,total-time,39.905,17
suggestSimilar.js,objectives-covered,total-time,41.478,17
suggestSimilar.js,objectives-covered,total-time,43.024,17
suggestSimilar.js,objectives-covered,total-time,44.682,17
suggestSimilar.js,objectives-covered,total-time,46.277,17
suggestSimilar.js,objectives-covered,total-time,47.815,17
suggestSimilar.js,objectives-covered,total-time,50.143,17
suggestSimilar.js,objectives-covered,total-time,51.837,17
suggestSimilar.js,objectives-covered,total-time,53.536,17
suggestSimilar.js,objectives-covered,total-time,55.125,17
suggestSimilar.js,objectives-covered,total-time,57.052,17
suggestSimilar.js,objectives-covered,total-time,58.97,17
suggestSimilar.js,objectives-covered,total-time,60.047,17
suggestSimilar.js,objectives-covered,total-time,60.048,17
suggestSimilar.js,objectives-covered,iteration,0,16
suggestSimilar.js,objectives-covered,iteration,1,16
suggestSimilar.js,objectives-covered,iteration,2,16
suggestSimilar.js,objectives-covered,iteration,3,16
suggestSimilar.js,objectives-covered,iteration,4,16
suggestSimilar.js,objectives-covered,iteration,5,16
suggestSimilar.js,objectives-covered,iteration,6,17
suggestSimilar.js,objectives-covered,iteration,7,17
suggestSimilar.js,objectives-covered,iteration,8,17
suggestSimilar.js,objectives-covered,iteration,9,17
suggestSimilar.js,objectives-covered,iteration,10,17
suggestSimilar.js,objectives-covered,iteration,11,17
suggestSimilar.js,objectives-covered,iteration,12,17
suggestSimilar.js,objectives-covered,iteration,13,17
suggestSimilar.js,objectives-covered,iteration,14,17
suggestSimilar.js,objectives-covered,iteration,15,17
suggestSimilar.js,objectives-covered,iteration,16,17
suggestSimilar.js,objectives-covered,iteration,17,17
suggestSimilar.js,objectives-covered,iteration,18,17
suggestSimilar.js,objectives-covered,iteration,19,17
suggestSimilar.js,objectives-covered,iteration,20,17
suggestSimilar.js,objectives-covered,iteration,21,17
suggestSimilar.js,objectives-covered,iteration,22,17
suggestSimilar.js,objectives-covered,iteration,23,17
suggestSimilar.js,objectives-covered,iteration,24,17
suggestSimilar.js,objectives-covered,iteration,25,17
suggestSimilar.js,objectives-covered,iteration,26,17
suggestSimilar.js,objectives-covered,iteration,27,17
suggestSimilar.js,objectives-covered,iteration,28,17
suggestSimilar.js,objectives-covered,iteration,29,17
suggestSimilar.js,objectives-covered,iteration,30,17
suggestSimilar.js,objectives-covered,iteration,31,17
suggestSimilar.js,objectives-covered,iteration,32,17
suggestSimilar.js,objectives-covered,iteration,33,17
suggestSimilar.js,objectives-covered,iteration,34,17
suggestSimilar.js,objectives-covered,iteration,35,17
suggestSimilar.js,objectives-covered,iteration,36,17
suggestSimilar.js,objectives-covered,evaluation,50,16
suggestSimilar.js,objectives-covered,evaluation,101,16
suggestSimilar.js,objectives-covered,evaluation,152,16
suggestSimilar.js,objectives-covered,evaluation,203,16
suggestSimilar.js,objectives-covered,evaluation,254,16
suggestSimilar.js,objectives-covered,evaluation,305,16
suggestSimilar.js,objectives-covered,evaluation,356,17
suggestSimilar.js,objectives-covered,evaluation,407,17
suggestSimilar.js,objectives-covered,evaluation,458,17
suggestSimilar.js,objectives-covered,evaluation,509,17
suggestSimilar.js,objectives-covered,evaluation,560,17
suggestSimilar.js,objectives-covered,evaluation,611,17
suggestSimilar.js,objectives-covered,evaluation,662,17
suggestSimilar.js,objectives-covered,evaluation,713,17
suggestSimilar.js,objectives-covered,evaluation,764,17
suggestSimilar.js,objectives-covered,evaluation,815,17
suggestSimilar.js,objectives-covered,evaluation,866,17
suggestSimilar.js,objectives-covered,evaluation,917,17
suggestSimilar.js,objectives-covered,evaluation,968,17
suggestSimilar.js,objectives-covered,evaluation,1019,17
suggestSimilar.js,objectives-covered,evaluation,1070,17
suggestSimilar.js,objectives-covered,evaluation,1121,17
suggestSimilar.js,objectives-covered,evaluation,1172,17
suggestSimilar.js,objectives-covered,evaluation,1223,17
suggestSimilar.js,objectives-covered,evaluation,1274,17
suggestSimilar.js,objectives-covered,evaluation,1325,17
suggestSimilar.js,objectives-covered,evaluation,1376,17
suggestSimilar.js,objectives-covered,evaluation,1427,17
suggestSimilar.js,objectives-covered,evaluation,1478,17
suggestSimilar.js,objectives-covered,evaluation,1529,17
suggestSimilar.js,objectives-covered,evaluation,1580,17
suggestSimilar.js,objectives-covered,evaluation,1631,17
suggestSimilar.js,objectives-covered,evaluation,1682,17
suggestSimilar.js,objectives-covered,evaluation,1733,17
suggestSimilar.js,objectives-covered,evaluation,1784,17
suggestSimilar.js,objectives-covered,evaluation,1835,17
suggestSimilar.js,objectives-covered,evaluation,1866,17
