{"path":"/Users/dimitrist/Documents/git/syntest/syntest-javascript-benchmark/benchmark/commanderjs/lib/help.js","name":"help.js","subTargets":[{"id":"/Users/dimitrist/Documents/git/syntest/syntest-javascript-benchmark/benchmark/commanderjs/lib/help.js:14:0:::394:1:::556:11917","name":"Help","type":"class","exported":true,"default":false,"module":true},{"id":"/Users/dimitrist/Documents/git/syntest/syntest-javascript-benchmark/benchmark/commanderjs/lib/help.js:15:2:::19:3:::571:686","name":"constructor","type":"method","className":"Help","isStatic":false,"isAsync":false,"methodType":"constructor","visibility":"public"},{"id":"/Users/dimitrist/Documents/git/syntest/syntest-javascript-benchmark/benchmark/commanderjs/lib/help.js:28:2:::46:3:::877:1634","name":"visibleCommands","type":"method","className":"Help","isStatic":false,"isAsync":false,"methodType":"method","visibility":"public"},{"id":"/Users/dimitrist/Documents/git/syntest/syntest-javascript-benchmark/benchmark/commanderjs/lib/help.js:55:2:::81:3:::1819:3002","name":"visibleOptions","type":"method","className":"Help","isStatic":false,"isAsync":false,"methodType":"method","visibility":"public"},{"id":"/Users/dimitrist/Documents/git/syntest/syntest-javascript-benchmark/benchmark/commanderjs/lib/help.js:72:12:::75:7:::2624:2857","name":"getSortKey","type":"function","exported":false,"default":false,"module":false,"isAsync":false},{"id":"/Users/dimitrist/Documents/git/syntest/syntest-javascript-benchmark/benchmark/commanderjs/lib/help.js:90:2:::103:3:::3139:3629","name":"visibleArguments","type":"method","className":"Help","isStatic":false,"isAsync":false,"methodType":"method","visibility":"public"},{"id":"/Users/dimitrist/Documents/git/syntest/syntest-javascript-benchmark/benchmark/commanderjs/lib/help.js:112:2:::119:3:::3762:4127","name":"subcommandTerm","type":"method","className":"Help","isStatic":false,"isAsync":false,"methodType":"method","visibility":"public"},{"id":"/Users/dimitrist/Documents/git/syntest/syntest-javascript-benchmark/benchmark/commanderjs/lib/help.js:128:2:::130:3:::4257:4306","name":"optionTerm","type":"method","className":"Help","isStatic":false,"isAsync":false,"methodType":"method","visibility":"public"},{"id":"/Users/dimitrist/Documents/git/syntest/syntest-javascript-benchmark/benchmark/commanderjs/lib/help.js:139:2:::141:3:::4444:4500","name":"argumentTerm","type":"method","className":"Help","isStatic":false,"isAsync":false,"methodType":"method","visibility":"public"},{"id":"/Users/dimitrist/Documents/git/syntest/syntest-javascript-benchmark/benchmark/commanderjs/lib/help.js:151:2:::155:3:::4639:4829","name":"longestSubcommandTermLength","type":"method","className":"Help","isStatic":false,"isAsync":false,"methodType":"method","visibility":"public"},{"id":"/Users/dimitrist/Documents/git/syntest/syntest-javascript-benchmark/benchmark/commanderjs/lib/help.js:165:2:::169:3:::4968:5147","name":"longestOptionTermLength","type":"method","className":"Help","isStatic":false,"isAsync":false,"methodType":"method","visibility":"public"},{"id":"/Users/dimitrist/Documents/git/syntest/syntest-javascript-benchmark/benchmark/commanderjs/lib/help.js:179:2:::183:3:::5288:5477","name":"longestArgumentTermLength","type":"method","className":"Help","isStatic":false,"isAsync":false,"methodType":"method","visibility":"public"},{"id":"/Users/dimitrist/Documents/git/syntest/syntest-javascript-benchmark/benchmark/commanderjs/lib/help.js:192:2:::203:3:::5625:6008","name":"commandUsage","type":"method","className":"Help","isStatic":false,"isAsync":false,"methodType":"method","visibility":"public"},{"id":"/Users/dimitrist/Documents/git/syntest/syntest-javascript-benchmark/benchmark/commanderjs/lib/help.js:212:2:::215:3:::6121:6239","name":"commandDescription","type":"method","className":"Help","isStatic":false,"isAsync":false,"methodType":"method","visibility":"public"},{"id":"/Users/dimitrist/Documents/git/syntest/syntest-javascript-benchmark/benchmark/commanderjs/lib/help.js:224:2:::227:3:::6379:6500","name":"subcommandDescription","type":"method","className":"Help","isStatic":false,"isAsync":false,"methodType":"method","visibility":"public"},{"id":"/Users/dimitrist/Documents/git/syntest/syntest-javascript-benchmark/benchmark/commanderjs/lib/help.js:236:2:::256:3:::6636:7432","name":"optionDescription","type":"method","className":"Help","isStatic":false,"isAsync":false,"methodType":"method","visibility":"public"},{"id":"/Users/dimitrist/Documents/git/syntest/syntest-javascript-benchmark/benchmark/commanderjs/lib/help.js:265:2:::283:3:::7577:8286","name":"argumentDescription","type":"method","className":"Help","isStatic":false,"isAsync":false,"methodType":"method","visibility":"public"},{"id":"/Users/dimitrist/Documents/git/syntest/syntest-javascript-benchmark/benchmark/commanderjs/lib/help.js:293:2:::343:3:::8421:10245","name":"formatHelp","type":"method","className":"Help","isStatic":false,"isAsync":false,"methodType":"method","visibility":"public"},{"id":"/Users/dimitrist/Documents/git/syntest/syntest-javascript-benchmark/benchmark/commanderjs/lib/help.js:298:4:::304:5:::8646:8932","name":"formatItem","type":"function","exported":false,"default":false,"module":false,"isAsync":false},{"id":"/Users/dimitrist/Documents/git/syntest/syntest-javascript-benchmark/benchmark/commanderjs/lib/help.js:305:4:::307:5:::8938:9055","name":"formatList","type":"function","exported":false,"default":false,"module":false,"isAsync":false},{"id":"/Users/dimitrist/Documents/git/syntest/syntest-javascript-benchmark/benchmark/commanderjs/lib/help.js:353:2:::359:3:::10401:10614","name":"padWidth","type":"method","className":"Help","isStatic":false,"isAsync":false,"methodType":"method","visibility":"public"},{"id":"/Users/dimitrist/Documents/git/syntest/syntest-javascript-benchmark/benchmark/commanderjs/lib/help.js:373:2:::393:3:::10981:11915","name":"wrap","type":"method","className":"Help","isStatic":false,"isAsync":false,"methodType":"method","visibility":"public"},{"id":"/Users/dimitrist/Documents/git/syntest/syntest-javascript-benchmark/benchmark/commanderjs/lib/help.js:387:34:::392:5:::11723:11898","name":"anonymous","type":"function","exported":false,"default":false,"module":false,"isAsync":false}]}