namespace,seriesName,seriesTypeName,index,value
truncate.js,paths-covered,search-time,0.001,0
truncate.js,paths-covered,search-time,2.898,0
truncate.js,paths-covered,search-time,4.417,0
truncate.js,paths-covered,search-time,5.838,0
truncate.js,paths-covered,search-time,7.234,0
truncate.js,paths-covered,search-time,8.655,0
truncate.js,paths-covered,search-time,10.006,0
truncate.js,paths-covered,total-time,0.556,0
truncate.js,paths-covered,total-time,3.453,0
truncate.js,paths-covered,total-time,4.972,0
truncate.js,paths-covered,total-time,6.393,0
truncate.js,paths-covered,total-time,7.789,0
truncate.js,paths-covered,total-time,9.21,0
truncate.js,paths-covered,total-time,10.561,0
truncate.js,paths-covered,iteration,0,0
truncate.js,paths-covered,iteration,1,0
truncate.js,paths-covered,iteration,2,0
truncate.js,paths-covered,iteration,3,0
truncate.js,paths-covered,iteration,4,0
truncate.js,paths-covered,iteration,5,0
truncate.js,paths-covered,iteration,6,0
truncate.js,paths-covered,evaluation,0,0
truncate.js,paths-covered,evaluation,101,0
truncate.js,paths-covered,evaluation,152,0
truncate.js,paths-covered,evaluation,203,0
truncate.js,paths-covered,evaluation,254,0
truncate.js,paths-covered,evaluation,305,0
truncate.js,paths-covered,evaluation,353,0
truncate.js,branches-covered,search-time,0.001,0
truncate.js,branches-covered,search-time,2.898,5
truncate.js,branches-covered,search-time,4.417,5
truncate.js,branches-covered,search-time,5.838,5
truncate.js,branches-covered,search-time,7.234,5
truncate.js,branches-covered,search-time,8.655,5
truncate.js,branches-covered,search-time,10.006,5
truncate.js,branches-covered,total-time,0.556,0
truncate.js,branches-covered,total-time,3.453,5
truncate.js,branches-covered,total-time,4.972,5
truncate.js,branches-covered,total-time,6.393,5
truncate.js,branches-covered,total-time,7.789,5
truncate.js,branches-covered,total-time,9.21,5
truncate.js,branches-covered,total-time,10.561,5
truncate.js,branches-covered,iteration,0,0
truncate.js,branches-covered,iteration,1,5
truncate.js,branches-covered,iteration,2,5
truncate.js,branches-covered,iteration,3,5
truncate.js,branches-covered,iteration,4,5
truncate.js,branches-covered,iteration,5,5
truncate.js,branches-covered,iteration,6,5
truncate.js,branches-covered,evaluation,0,0
truncate.js,branches-covered,evaluation,101,5
truncate.js,branches-covered,evaluation,152,5
truncate.js,branches-covered,evaluation,203,5
truncate.js,branches-covered,evaluation,254,5
truncate.js,branches-covered,evaluation,305,5
truncate.js,branches-covered,evaluation,353,5
truncate.js,exceptions-covered,search-time,0.001,0
truncate.js,exceptions-covered,search-time,2.898,0
truncate.js,exceptions-covered,search-time,4.417,0
truncate.js,exceptions-covered,search-time,5.838,0
truncate.js,exceptions-covered,search-time,7.234,0
truncate.js,exceptions-covered,search-time,8.655,0
truncate.js,exceptions-covered,search-time,10.006,0
truncate.js,exceptions-covered,total-time,0.556,0
truncate.js,exceptions-covered,total-time,3.453,0
truncate.js,exceptions-covered,total-time,4.972,0
truncate.js,exceptions-covered,total-time,6.393,0
truncate.js,exceptions-covered,total-time,7.789,0
truncate.js,exceptions-covered,total-time,9.21,0
truncate.js,exceptions-covered,total-time,10.561,0
truncate.js,exceptions-covered,iteration,0,0
truncate.js,exceptions-covered,iteration,1,0
truncate.js,exceptions-covered,iteration,2,0
truncate.js,exceptions-covered,iteration,3,0
truncate.js,exceptions-covered,iteration,4,0
truncate.js,exceptions-covered,iteration,5,0
truncate.js,exceptions-covered,iteration,6,0
truncate.js,exceptions-covered,evaluation,0,0
truncate.js,exceptions-covered,evaluation,101,0
truncate.js,exceptions-covered,evaluation,152,0
truncate.js,exceptions-covered,evaluation,203,0
truncate.js,exceptions-covered,evaluation,254,0
truncate.js,exceptions-covered,evaluation,305,0
truncate.js,exceptions-covered,evaluation,353,0
truncate.js,functions-covered,search-time,0.001,0
truncate.js,functions-covered,search-time,2.898,1
truncate.js,functions-covered,search-time,4.417,1
truncate.js,functions-covered,search-time,5.838,1
truncate.js,functions-covered,search-time,7.234,1
truncate.js,functions-covered,search-time,8.655,1
truncate.js,functions-covered,search-time,10.006,1
truncate.js,functions-covered,total-time,0.556,0
truncate.js,functions-covered,total-time,3.453,1
truncate.js,functions-covered,total-time,4.972,1
truncate.js,functions-covered,total-time,6.393,1
truncate.js,functions-covered,total-time,7.789,1
truncate.js,functions-covered,total-time,9.21,1
truncate.js,functions-covered,total-time,10.561,1
truncate.js,functions-covered,iteration,0,0
truncate.js,functions-covered,iteration,1,1
truncate.js,functions-covered,iteration,2,1
truncate.js,functions-covered,iteration,3,1
truncate.js,functions-covered,iteration,4,1
truncate.js,functions-covered,iteration,5,1
truncate.js,functions-covered,iteration,6,1
truncate.js,functions-covered,evaluation,0,0
truncate.js,functions-covered,evaluation,101,1
truncate.js,functions-covered,evaluation,152,1
truncate.js,functions-covered,evaluation,203,1
truncate.js,functions-covered,evaluation,254,1
truncate.js,functions-covered,evaluation,305,1
truncate.js,functions-covered,evaluation,353,1
truncate.js,lines-covered,search-time,0.001,0
truncate.js,lines-covered,search-time,2.898,0
truncate.js,lines-covered,search-time,4.417,0
truncate.js,lines-covered,search-time,5.838,0
truncate.js,lines-covered,search-time,7.234,0
truncate.js,lines-covered,search-time,8.655,0
truncate.js,lines-covered,search-time,10.006,0
truncate.js,lines-covered,total-time,0.556,0
truncate.js,lines-covered,total-time,3.453,0
truncate.js,lines-covered,total-time,4.972,0
truncate.js,lines-covered,total-time,6.393,0
truncate.js,lines-covered,total-time,7.789,0
truncate.js,lines-covered,total-time,9.21,0
truncate.js,lines-covered,total-time,10.561,0
truncate.js,lines-covered,iteration,0,0
truncate.js,lines-covered,iteration,1,0
truncate.js,lines-covered,iteration,2,0
truncate.js,lines-covered,iteration,3,0
truncate.js,lines-covered,iteration,4,0
truncate.js,lines-covered,iteration,5,0
truncate.js,lines-covered,iteration,6,0
truncate.js,lines-covered,evaluation,0,0
truncate.js,lines-covered,evaluation,101,0
truncate.js,lines-covered,evaluation,152,0
truncate.js,lines-covered,evaluation,203,0
truncate.js,lines-covered,evaluation,254,0
truncate.js,lines-covered,evaluation,305,0
truncate.js,lines-covered,evaluation,353,0
truncate.js,implicit-branches-covered,search-time,0.001,0
truncate.js,implicit-branches-covered,search-time,2.898,0
truncate.js,implicit-branches-covered,search-time,4.417,0
truncate.js,implicit-branches-covered,search-time,5.838,0
truncate.js,implicit-branches-covered,search-time,7.234,0
truncate.js,implicit-branches-covered,search-time,8.655,0
truncate.js,implicit-branches-covered,search-time,10.006,0
truncate.js,implicit-branches-covered,total-time,0.556,0
truncate.js,implicit-branches-covered,total-time,3.453,0
truncate.js,implicit-branches-covered,total-time,4.972,0
truncate.js,implicit-branches-covered,total-time,6.393,0
truncate.js,implicit-branches-covered,total-time,7.789,0
truncate.js,implicit-branches-covered,total-time,9.21,0
truncate.js,implicit-branches-covered,total-time,10.561,0
truncate.js,implicit-branches-covered,iteration,0,0
truncate.js,implicit-branches-covered,iteration,1,0
truncate.js,implicit-branches-covered,iteration,2,0
truncate.js,implicit-branches-covered,iteration,3,0
truncate.js,implicit-branches-covered,iteration,4,0
truncate.js,implicit-branches-covered,iteration,5,0
truncate.js,implicit-branches-covered,iteration,6,0
truncate.js,implicit-branches-covered,evaluation,0,0
truncate.js,implicit-branches-covered,evaluation,101,0
truncate.js,implicit-branches-covered,evaluation,152,0
truncate.js,implicit-branches-covered,evaluation,203,0
truncate.js,implicit-branches-covered,evaluation,254,0
truncate.js,implicit-branches-covered,evaluation,305,0
truncate.js,implicit-branches-covered,evaluation,353,0
truncate.js,objectives-covered,search-time,0.001,0
truncate.js,objectives-covered,search-time,2.898,30
truncate.js,objectives-covered,search-time,4.417,30
truncate.js,objectives-covered,search-time,5.838,30
truncate.js,objectives-covered,search-time,7.234,30
truncate.js,objectives-covered,search-time,8.655,30
truncate.js,objectives-covered,search-time,10.006,30
truncate.js,objectives-covered,total-time,0.556,0
truncate.js,objectives-covered,total-time,3.453,30
truncate.js,objectives-covered,total-time,4.972,30
truncate.js,objectives-covered,total-time,6.393,30
truncate.js,objectives-covered,total-time,7.789,30
truncate.js,objectives-covered,total-time,9.21,30
truncate.js,objectives-covered,total-time,10.561,30
truncate.js,objectives-covered,iteration,0,0
truncate.js,objectives-covered,iteration,1,30
truncate.js,objectives-covered,iteration,2,30
truncate.js,objectives-covered,iteration,3,30
truncate.js,objectives-covered,iteration,4,30
truncate.js,objectives-covered,iteration,5,30
truncate.js,objectives-covered,iteration,6,30
truncate.js,objectives-covered,evaluation,0,0
truncate.js,objectives-covered,evaluation,101,30
truncate.js,objectives-covered,evaluation,152,30
truncate.js,objectives-covered,evaluation,203,30
truncate.js,objectives-covered,evaluation,254,30
truncate.js,objectives-covered,evaluation,305,30
truncate.js,objectives-covered,evaluation,353,30
