{"type":"File","start":0,"end":42,"loc":{"start":{"line":1,"column":0,"index":0},"end":{"line":4,"column":0,"index":42}},"errors":[],"program":{"type":"Program","start":0,"end":42,"loc":{"start":{"line":1,"column":0,"index":0},"end":{"line":4,"column":0,"index":42}},"sourceType":"module","interpreter":{"type":"InterpreterDirective","start":0,"end":19,"loc":{"start":{"line":1,"column":0,"index":0},"end":{"line":1,"column":19,"index":19}},"value":"/usr/bin/env node"},"body":[{"type":"ExpressionStatement","start":21,"end":41,"loc":{"start":{"line":3,"column":0,"index":21},"end":{"line":3,"column":20,"index":41}},"expression":{"type":"CallExpression","start":21,"end":40,"loc":{"start":{"line":3,"column":0,"index":21},"end":{"line":3,"column":19,"index":40}},"callee":{"type":"MemberExpression","start":21,"end":32,"loc":{"start":{"line":3,"column":0,"index":21},"end":{"line":3,"column":11,"index":32}},"object":{"type":"Identifier","start":21,"end":28,"loc":{"start":{"line":3,"column":0,"index":21},"end":{"line":3,"column":7,"index":28},"identifierName":"console"},"name":"console"},"computed":false,"property":{"type":"Identifier","start":29,"end":32,"loc":{"start":{"line":3,"column":8,"index":29},"end":{"line":3,"column":11,"index":32},"identifierName":"log"},"name":"log"}},"arguments":[{"type":"StringLiteral","start":33,"end":39,"loc":{"start":{"line":3,"column":12,"index":33},"end":{"line":3,"column":18,"index":39}},"extra":{"rawValue":"list","raw":"'list'"},"value":"list"}]}}],"directives":[]},"comments":[]}