{"type":"File","start":0,"end":1878,"loc":{"start":{"line":1,"column":0,"index":0},"end":{"line":55,"column":0,"index":1878}},"errors":[],"program":{"type":"Program","start":0,"end":1878,"loc":{"start":{"line":1,"column":0,"index":0},"end":{"line":55,"column":0,"index":1878}},"sourceType":"module","interpreter":{"type":"InterpreterDirective","start":0,"end":19,"loc":{"start":{"line":1,"column":0,"index":0},"end":{"line":1,"column":19,"index":19}},"value":"/usr/bin/env node","trailingComments":[{"type":"CommentLine","value":" This is used as an example in the README for:","start":21,"end":69,"loc":{"start":{"line":3,"column":0,"index":21},"end":{"line":3,"column":48,"index":69}}},{"type":"CommentLine","value":"    Custom option processing","start":70,"end":100,"loc":{"start":{"line":4,"column":0,"index":70},"end":{"line":4,"column":30,"index":100}}},{"type":"CommentLine","value":"    You may specify a function to do custom processing of option values.","start":101,"end":175,"loc":{"start":{"line":5,"column":0,"index":101},"end":{"line":5,"column":74,"index":175}}},{"type":"CommentLine","value":" const commander = require('commander'); // (normal include)","start":177,"end":239,"loc":{"start":{"line":7,"column":0,"index":177},"end":{"line":7,"column":62,"index":239}}}]},"body":[{"type":"VariableDeclaration","start":240,"end":273,"loc":{"start":{"line":8,"column":0,"index":240},"end":{"line":8,"column":33,"index":273}},"declarations":[{"type":"VariableDeclarator","start":246,"end":272,"loc":{"start":{"line":8,"column":6,"index":246},"end":{"line":8,"column":32,"index":272}},"id":{"type":"Identifier","start":246,"end":255,"loc":{"start":{"line":8,"column":6,"index":246},"end":{"line":8,"column":15,"index":255},"identifierName":"commander"},"name":"commander"},"init":{"type":"CallExpression","start":258,"end":272,"loc":{"start":{"line":8,"column":18,"index":258},"end":{"line":8,"column":32,"index":272}},"callee":{"type":"Identifier","start":258,"end":265,"loc":{"start":{"line":8,"column":18,"index":258},"end":{"line":8,"column":25,"index":265},"identifierName":"require"},"name":"require"},"arguments":[{"type":"StringLiteral","start":266,"end":271,"loc":{"start":{"line":8,"column":26,"index":266},"end":{"line":8,"column":31,"index":271}},"extra":{"rawValue":"../","raw":"'../'"},"value":"../"}]}}],"kind":"const","trailingComments":[{"type":"CommentLine","value":" include commander in git clone of commander repo","start":274,"end":325,"loc":{"start":{"line":8,"column":34,"index":274},"end":{"line":8,"column":85,"index":325}}}],"leadingComments":[{"type":"CommentLine","value":" This is used as an example in the README for:","start":21,"end":69,"loc":{"start":{"line":3,"column":0,"index":21},"end":{"line":3,"column":48,"index":69}}},{"type":"CommentLine","value":"    Custom option processing","start":70,"end":100,"loc":{"start":{"line":4,"column":0,"index":70},"end":{"line":4,"column":30,"index":100}}},{"type":"CommentLine","value":"    You may specify a function to do custom processing of option values.","start":101,"end":175,"loc":{"start":{"line":5,"column":0,"index":101},"end":{"line":5,"column":74,"index":175}}},{"type":"CommentLine","value":" const commander = require('commander'); // (normal include)","start":177,"end":239,"loc":{"start":{"line":7,"column":0,"index":177},"end":{"line":7,"column":62,"index":239}}}]},{"type":"VariableDeclaration","start":326,"end":366,"loc":{"start":{"line":9,"column":0,"index":326},"end":{"line":9,"column":40,"index":366}},"declarations":[{"type":"VariableDeclarator","start":332,"end":365,"loc":{"start":{"line":9,"column":6,"index":332},"end":{"line":9,"column":39,"index":365}},"id":{"type":"Identifier","start":332,"end":339,"loc":{"start":{"line":9,"column":6,"index":332},"end":{"line":9,"column":13,"index":339},"identifierName":"program"},"name":"program"},"init":{"type":"NewExpression","start":342,"end":365,"loc":{"start":{"line":9,"column":16,"index":342},"end":{"line":9,"column":39,"index":365}},"callee":{"type":"MemberExpression","start":346,"end":363,"loc":{"start":{"line":9,"column":20,"index":346},"end":{"line":9,"column":37,"index":363}},"object":{"type":"Identifier","start":346,"end":355,"loc":{"start":{"line":9,"column":20,"index":346},"end":{"line":9,"column":29,"index":355},"identifierName":"commander"},"name":"commander"},"computed":false,"property":{"type":"Identifier","start":356,"end":363,"loc":{"start":{"line":9,"column":30,"index":356},"end":{"line":9,"column":37,"index":363},"identifierName":"Command"},"name":"Command"}},"arguments":[]}}],"kind":"const","leadingComments":[{"type":"CommentLine","value":" include commander in git clone of commander repo","start":274,"end":325,"loc":{"start":{"line":8,"column":34,"index":274},"end":{"line":8,"column":85,"index":325}}}]},{"type":"FunctionDeclaration","start":368,"end":614,"loc":{"start":{"line":11,"column":0,"index":368},"end":{"line":18,"column":1,"index":614}},"id":{"type":"Identifier","start":377,"end":387,"loc":{"start":{"line":11,"column":9,"index":377},"end":{"line":11,"column":19,"index":387},"identifierName":"myParseInt"},"name":"myParseInt"},"generator":false,"async":false,"params":[{"type":"Identifier","start":388,"end":393,"loc":{"start":{"line":11,"column":20,"index":388},"end":{"line":11,"column":25,"index":393},"identifierName":"value"},"name":"value"},{"type":"Identifier","start":395,"end":408,"loc":{"start":{"line":11,"column":27,"index":395},"end":{"line":11,"column":40,"index":408},"identifierName":"dummyPrevious"},"name":"dummyPrevious"}],"body":{"type":"BlockStatement","start":410,"end":614,"loc":{"start":{"line":11,"column":42,"index":410},"end":{"line":18,"column":1,"index":614}},"body":[{"type":"VariableDeclaration","start":455,"end":495,"loc":{"start":{"line":13,"column":2,"index":455},"end":{"line":13,"column":42,"index":495}},"declarations":[{"type":"VariableDeclarator","start":461,"end":494,"loc":{"start":{"line":13,"column":8,"index":461},"end":{"line":13,"column":41,"index":494}},"id":{"type":"Identifier","start":461,"end":472,"loc":{"start":{"line":13,"column":8,"index":461},"end":{"line":13,"column":19,"index":472},"identifierName":"parsedValue"},"name":"parsedValue"},"init":{"type":"CallExpression","start":475,"end":494,"loc":{"start":{"line":13,"column":22,"index":475},"end":{"line":13,"column":41,"index":494}},"callee":{"type":"Identifier","start":475,"end":483,"loc":{"start":{"line":13,"column":22,"index":475},"end":{"line":13,"column":30,"index":483},"identifierName":"parseInt"},"name":"parseInt"},"arguments":[{"type":"Identifier","start":484,"end":489,"loc":{"start":{"line":13,"column":31,"index":484},"end":{"line":13,"column":36,"index":489},"identifierName":"value"},"name":"value"},{"type":"NumericLiteral","start":491,"end":493,"loc":{"start":{"line":13,"column":38,"index":491},"end":{"line":13,"column":40,"index":493}},"extra":{"rawValue":10,"raw":"10"},"value":10}]}}],"kind":"const","leadingComments":[{"type":"CommentLine","value":" parseInt takes a string and a radix","start":414,"end":452,"loc":{"start":{"line":12,"column":2,"index":414},"end":{"line":12,"column":40,"index":452}}}]},{"type":"IfStatement","start":498,"end":590,"loc":{"start":{"line":14,"column":2,"index":498},"end":{"line":16,"column":3,"index":590}},"test":{"type":"CallExpression","start":502,"end":520,"loc":{"start":{"line":14,"column":6,"index":502},"end":{"line":14,"column":24,"index":520}},"callee":{"type":"Identifier","start":502,"end":507,"loc":{"start":{"line":14,"column":6,"index":502},"end":{"line":14,"column":11,"index":507},"identifierName":"isNaN"},"name":"isNaN"},"arguments":[{"type":"Identifier","start":508,"end":519,"loc":{"start":{"line":14,"column":12,"index":508},"end":{"line":14,"column":23,"index":519},"identifierName":"parsedValue"},"name":"parsedValue"}]},"consequent":{"type":"BlockStatement","start":522,"end":590,"loc":{"start":{"line":14,"column":26,"index":522},"end":{"line":16,"column":3,"index":590}},"body":[{"type":"ThrowStatement","start":528,"end":586,"loc":{"start":{"line":15,"column":4,"index":528},"end":{"line":15,"column":62,"index":586}},"argument":{"type":"NewExpression","start":534,"end":585,"loc":{"start":{"line":15,"column":10,"index":534},"end":{"line":15,"column":61,"index":585}},"callee":{"type":"MemberExpression","start":538,"end":568,"loc":{"start":{"line":15,"column":14,"index":538},"end":{"line":15,"column":44,"index":568}},"object":{"type":"Identifier","start":538,"end":547,"loc":{"start":{"line":15,"column":14,"index":538},"end":{"line":15,"column":23,"index":547},"identifierName":"commander"},"name":"commander"},"computed":false,"property":{"type":"Identifier","start":548,"end":568,"loc":{"start":{"line":15,"column":24,"index":548},"end":{"line":15,"column":44,"index":568},"identifierName":"InvalidArgumentError"},"name":"InvalidArgumentError"}},"arguments":[{"type":"StringLiteral","start":569,"end":584,"loc":{"start":{"line":15,"column":45,"index":569},"end":{"line":15,"column":60,"index":584}},"extra":{"rawValue":"Not a number.","raw":"'Not a number.'"},"value":"Not a number."}]}}],"directives":[]},"alternate":null},{"type":"ReturnStatement","start":593,"end":612,"loc":{"start":{"line":17,"column":2,"index":593},"end":{"line":17,"column":21,"index":612}},"argument":{"type":"Identifier","start":600,"end":611,"loc":{"start":{"line":17,"column":9,"index":600},"end":{"line":17,"column":20,"index":611},"identifierName":"parsedValue"},"name":"parsedValue"}}],"directives":[]}},{"type":"FunctionDeclaration","start":616,"end":691,"loc":{"start":{"line":20,"column":0,"index":616},"end":{"line":22,"column":1,"index":691}},"id":{"type":"Identifier","start":625,"end":642,"loc":{"start":{"line":20,"column":9,"index":625},"end":{"line":20,"column":26,"index":642},"identifierName":"increaseVerbosity"},"name":"increaseVerbosity"},"generator":false,"async":false,"params":[{"type":"Identifier","start":643,"end":653,"loc":{"start":{"line":20,"column":27,"index":643},"end":{"line":20,"column":37,"index":653},"identifierName":"dummyValue"},"name":"dummyValue"},{"type":"Identifier","start":655,"end":663,"loc":{"start":{"line":20,"column":39,"index":655},"end":{"line":20,"column":47,"index":663},"identifierName":"previous"},"name":"previous"}],"body":{"type":"BlockStatement","start":665,"end":691,"loc":{"start":{"line":20,"column":49,"index":665},"end":{"line":22,"column":1,"index":691}},"body":[{"type":"ReturnStatement","start":669,"end":689,"loc":{"start":{"line":21,"column":2,"index":669},"end":{"line":21,"column":22,"index":689}},"argument":{"type":"BinaryExpression","start":676,"end":688,"loc":{"start":{"line":21,"column":9,"index":676},"end":{"line":21,"column":21,"index":688}},"left":{"type":"Identifier","start":676,"end":684,"loc":{"start":{"line":21,"column":9,"index":676},"end":{"line":21,"column":17,"index":684},"identifierName":"previous"},"name":"previous"},"operator":"+","right":{"type":"NumericLiteral","start":687,"end":688,"loc":{"start":{"line":21,"column":20,"index":687},"end":{"line":21,"column":21,"index":688}},"extra":{"rawValue":1,"raw":"1"},"value":1}}}],"directives":[]}},{"type":"FunctionDeclaration","start":693,"end":765,"loc":{"start":{"line":24,"column":0,"index":693},"end":{"line":26,"column":1,"index":765}},"id":{"type":"Identifier","start":702,"end":709,"loc":{"start":{"line":24,"column":9,"index":702},"end":{"line":24,"column":16,"index":709},"identifierName":"collect"},"name":"collect"},"generator":false,"async":false,"params":[{"type":"Identifier","start":710,"end":715,"loc":{"start":{"line":24,"column":17,"index":710},"end":{"line":24,"column":22,"index":715},"identifierName":"value"},"name":"value"},{"type":"Identifier","start":717,"end":725,"loc":{"start":{"line":24,"column":24,"index":717},"end":{"line":24,"column":32,"index":725},"identifierName":"previous"},"name":"previous"}],"body":{"type":"BlockStatement","start":727,"end":765,"loc":{"start":{"line":24,"column":34,"index":727},"end":{"line":26,"column":1,"index":765}},"body":[{"type":"ReturnStatement","start":731,"end":763,"loc":{"start":{"line":25,"column":2,"index":731},"end":{"line":25,"column":34,"index":763}},"argument":{"type":"CallExpression","start":738,"end":762,"loc":{"start":{"line":25,"column":9,"index":738},"end":{"line":25,"column":33,"index":762}},"callee":{"type":"MemberExpression","start":738,"end":753,"loc":{"start":{"line":25,"column":9,"index":738},"end":{"line":25,"column":24,"index":753}},"object":{"type":"Identifier","start":738,"end":746,"loc":{"start":{"line":25,"column":9,"index":738},"end":{"line":25,"column":17,"index":746},"identifierName":"previous"},"name":"previous"},"computed":false,"property":{"type":"Identifier","start":747,"end":753,"loc":{"start":{"line":25,"column":18,"index":747},"end":{"line":25,"column":24,"index":753},"identifierName":"concat"},"name":"concat"}},"arguments":[{"type":"ArrayExpression","start":754,"end":761,"loc":{"start":{"line":25,"column":25,"index":754},"end":{"line":25,"column":32,"index":761}},"elements":[{"type":"Identifier","start":755,"end":760,"loc":{"start":{"line":25,"column":26,"index":755},"end":{"line":25,"column":31,"index":760},"identifierName":"value"},"name":"value"}]}]}}],"directives":[]}},{"type":"FunctionDeclaration","start":767,"end":847,"loc":{"start":{"line":28,"column":0,"index":767},"end":{"line":30,"column":1,"index":847}},"id":{"type":"Identifier","start":776,"end":794,"loc":{"start":{"line":28,"column":9,"index":776},"end":{"line":28,"column":27,"index":794},"identifierName":"commaSeparatedList"},"name":"commaSeparatedList"},"generator":false,"async":false,"params":[{"type":"Identifier","start":795,"end":800,"loc":{"start":{"line":28,"column":28,"index":795},"end":{"line":28,"column":33,"index":800},"identifierName":"value"},"name":"value"},{"type":"Identifier","start":802,"end":815,"loc":{"start":{"line":28,"column":35,"index":802},"end":{"line":28,"column":48,"index":815},"identifierName":"dummyPrevious"},"name":"dummyPrevious"}],"body":{"type":"BlockStatement","start":817,"end":847,"loc":{"start":{"line":28,"column":50,"index":817},"end":{"line":30,"column":1,"index":847}},"body":[{"type":"ReturnStatement","start":821,"end":845,"loc":{"start":{"line":29,"column":2,"index":821},"end":{"line":29,"column":26,"index":845}},"argument":{"type":"CallExpression","start":828,"end":844,"loc":{"start":{"line":29,"column":9,"index":828},"end":{"line":29,"column":25,"index":844}},"callee":{"type":"MemberExpression","start":828,"end":839,"loc":{"start":{"line":29,"column":9,"index":828},"end":{"line":29,"column":20,"index":839}},"object":{"type":"Identifier","start":828,"end":833,"loc":{"start":{"line":29,"column":9,"index":828},"end":{"line":29,"column":14,"index":833},"identifierName":"value"},"name":"value"},"computed":false,"property":{"type":"Identifier","start":834,"end":839,"loc":{"start":{"line":29,"column":15,"index":834},"end":{"line":29,"column":20,"index":839},"identifierName":"split"},"name":"split"}},"arguments":[{"type":"StringLiteral","start":840,"end":843,"loc":{"start":{"line":29,"column":21,"index":840},"end":{"line":29,"column":24,"index":843}},"extra":{"rawValue":",","raw":"','"},"value":","}]}}],"directives":[]}},{"type":"ExpressionStatement","start":849,"end":1218,"loc":{"start":{"line":32,"column":0,"index":849},"end":{"line":38,"column":1,"index":1218}},"expression":{"type":"CallExpression","start":849,"end":1216,"loc":{"start":{"line":32,"column":0,"index":849},"end":{"line":37,"column":75,"index":1216}},"callee":{"type":"MemberExpression","start":849,"end":1150,"loc":{"start":{"line":32,"column":0,"index":849},"end":{"line":37,"column":9,"index":1150}},"object":{"type":"CallExpression","start":849,"end":1140,"loc":{"start":{"line":32,"column":0,"index":849},"end":{"line":36,"column":67,"index":1140}},"callee":{"type":"MemberExpression","start":849,"end":1082,"loc":{"start":{"line":32,"column":0,"index":849},"end":{"line":36,"column":9,"index":1082}},"object":{"type":"CallExpression","start":849,"end":1072,"loc":{"start":{"line":32,"column":0,"index":849},"end":{"line":35,"column":83,"index":1072}},"callee":{"type":"MemberExpression","start":849,"end":998,"loc":{"start":{"line":32,"column":0,"index":849},"end":{"line":35,"column":9,"index":998}},"object":{"type":"CallExpression","start":849,"end":988,"loc":{"start":{"line":32,"column":0,"index":849},"end":{"line":34,"column":67,"index":988}},"callee":{"type":"MemberExpression","start":849,"end":930,"loc":{"start":{"line":32,"column":0,"index":849},"end":{"line":34,"column":9,"index":930}},"object":{"type":"CallExpression","start":849,"end":920,"loc":{"start":{"line":32,"column":0,"index":849},"end":{"line":33,"column":63,"index":920}},"callee":{"type":"MemberExpression","start":849,"end":866,"loc":{"start":{"line":32,"column":0,"index":849},"end":{"line":33,"column":9,"index":866}},"object":{"type":"Identifier","start":849,"end":856,"loc":{"start":{"line":32,"column":0,"index":849},"end":{"line":32,"column":7,"index":856},"identifierName":"program"},"name":"program"},"computed":false,"property":{"type":"Identifier","start":860,"end":866,"loc":{"start":{"line":33,"column":3,"index":860},"end":{"line":33,"column":9,"index":866},"identifierName":"option"},"name":"option"}},"arguments":[{"type":"StringLiteral","start":867,"end":889,"loc":{"start":{"line":33,"column":10,"index":867},"end":{"line":33,"column":32,"index":889}},"extra":{"rawValue":"-f, --float <number>","raw":"'-f, --float <number>'"},"value":"-f, --float <number>"},{"type":"StringLiteral","start":891,"end":907,"loc":{"start":{"line":33,"column":34,"index":891},"end":{"line":33,"column":50,"index":907}},"extra":{"rawValue":"float argument","raw":"'float argument'"},"value":"float argument"},{"type":"Identifier","start":909,"end":919,"loc":{"start":{"line":33,"column":52,"index":909},"end":{"line":33,"column":62,"index":919},"identifierName":"parseFloat"},"name":"parseFloat"}]},"computed":false,"property":{"type":"Identifier","start":924,"end":930,"loc":{"start":{"line":34,"column":3,"index":924},"end":{"line":34,"column":9,"index":930},"identifierName":"option"},"name":"option"}},"arguments":[{"type":"StringLiteral","start":931,"end":955,"loc":{"start":{"line":34,"column":10,"index":931},"end":{"line":34,"column":34,"index":955}},"extra":{"rawValue":"-i, --integer <number>","raw":"'-i, --integer <number>'"},"value":"-i, --integer <number>"},{"type":"StringLiteral","start":957,"end":975,"loc":{"start":{"line":34,"column":36,"index":957},"end":{"line":34,"column":54,"index":975}},"extra":{"rawValue":"integer argument","raw":"'integer argument'"},"value":"integer argument"},{"type":"Identifier","start":977,"end":987,"loc":{"start":{"line":34,"column":56,"index":977},"end":{"line":34,"column":66,"index":987},"identifierName":"myParseInt"},"name":"myParseInt"}]},"computed":false,"property":{"type":"Identifier","start":992,"end":998,"loc":{"start":{"line":35,"column":3,"index":992},"end":{"line":35,"column":9,"index":998},"identifierName":"option"},"name":"option"}},"arguments":[{"type":"StringLiteral","start":999,"end":1014,"loc":{"start":{"line":35,"column":10,"index":999},"end":{"line":35,"column":25,"index":1014}},"extra":{"rawValue":"-v, --verbose","raw":"'-v, --verbose'"},"value":"-v, --verbose"},{"type":"StringLiteral","start":1016,"end":1049,"loc":{"start":{"line":35,"column":27,"index":1016},"end":{"line":35,"column":60,"index":1049}},"extra":{"rawValue":"verbosity that can be increased","raw":"'verbosity that can be increased'"},"value":"verbosity that can be increased"},{"type":"Identifier","start":1051,"end":1068,"loc":{"start":{"line":35,"column":62,"index":1051},"end":{"line":35,"column":79,"index":1068},"identifierName":"increaseVerbosity"},"name":"increaseVerbosity"},{"type":"NumericLiteral","start":1070,"end":1071,"loc":{"start":{"line":35,"column":81,"index":1070},"end":{"line":35,"column":82,"index":1071}},"extra":{"rawValue":0,"raw":"0"},"value":0}]},"computed":false,"property":{"type":"Identifier","start":1076,"end":1082,"loc":{"start":{"line":36,"column":3,"index":1076},"end":{"line":36,"column":9,"index":1082},"identifierName":"option"},"name":"option"}},"arguments":[{"type":"StringLiteral","start":1083,"end":1106,"loc":{"start":{"line":36,"column":10,"index":1083},"end":{"line":36,"column":33,"index":1106}},"extra":{"rawValue":"-c, --collect <value>","raw":"'-c, --collect <value>'"},"value":"-c, --collect <value>"},{"type":"StringLiteral","start":1108,"end":1126,"loc":{"start":{"line":36,"column":35,"index":1108},"end":{"line":36,"column":53,"index":1126}},"extra":{"rawValue":"repeatable value","raw":"'repeatable value'"},"value":"repeatable value"},{"type":"Identifier","start":1128,"end":1135,"loc":{"start":{"line":36,"column":55,"index":1128},"end":{"line":36,"column":62,"index":1135},"identifierName":"collect"},"name":"collect"},{"type":"ArrayExpression","start":1137,"end":1139,"loc":{"start":{"line":36,"column":64,"index":1137},"end":{"line":36,"column":66,"index":1139}},"elements":[]}]},"computed":false,"property":{"type":"Identifier","start":1144,"end":1150,"loc":{"start":{"line":37,"column":3,"index":1144},"end":{"line":37,"column":9,"index":1150},"identifierName":"option"},"name":"option"}},"arguments":[{"type":"StringLiteral","start":1151,"end":1171,"loc":{"start":{"line":37,"column":10,"index":1151},"end":{"line":37,"column":30,"index":1171}},"extra":{"rawValue":"-l, --list <items>","raw":"'-l, --list <items>'"},"value":"-l, --list <items>"},{"type":"StringLiteral","start":1173,"end":1195,"loc":{"start":{"line":37,"column":32,"index":1173},"end":{"line":37,"column":54,"index":1195}},"extra":{"rawValue":"comma separated list","raw":"'comma separated list'"},"value":"comma separated list"},{"type":"Identifier","start":1197,"end":1215,"loc":{"start":{"line":37,"column":56,"index":1197},"end":{"line":37,"column":74,"index":1215},"identifierName":"commaSeparatedList"},"name":"commaSeparatedList"}]}},{"type":"ExpressionStatement","start":1220,"end":1236,"loc":{"start":{"line":40,"column":0,"index":1220},"end":{"line":40,"column":16,"index":1236}},"expression":{"type":"CallExpression","start":1220,"end":1235,"loc":{"start":{"line":40,"column":0,"index":1220},"end":{"line":40,"column":15,"index":1235}},"callee":{"type":"MemberExpression","start":1220,"end":1233,"loc":{"start":{"line":40,"column":0,"index":1220},"end":{"line":40,"column":13,"index":1233}},"object":{"type":"Identifier","start":1220,"end":1227,"loc":{"start":{"line":40,"column":0,"index":1220},"end":{"line":40,"column":7,"index":1227},"identifierName":"program"},"name":"program"},"computed":false,"property":{"type":"Identifier","start":1228,"end":1233,"loc":{"start":{"line":40,"column":8,"index":1228},"end":{"line":40,"column":13,"index":1233},"identifierName":"parse"},"name":"parse"}},"arguments":[]}},{"type":"VariableDeclaration","start":1238,"end":1269,"loc":{"start":{"line":42,"column":0,"index":1238},"end":{"line":42,"column":31,"index":1269}},"declarations":[{"type":"VariableDeclarator","start":1244,"end":1268,"loc":{"start":{"line":42,"column":6,"index":1244},"end":{"line":42,"column":30,"index":1268}},"id":{"type":"Identifier","start":1244,"end":1251,"loc":{"start":{"line":42,"column":6,"index":1244},"end":{"line":42,"column":13,"index":1251},"identifierName":"options"},"name":"options"},"init":{"type":"CallExpression","start":1254,"end":1268,"loc":{"start":{"line":42,"column":16,"index":1254},"end":{"line":42,"column":30,"index":1268}},"callee":{"type":"MemberExpression","start":1254,"end":1266,"loc":{"start":{"line":42,"column":16,"index":1254},"end":{"line":42,"column":28,"index":1266}},"object":{"type":"Identifier","start":1254,"end":1261,"loc":{"start":{"line":42,"column":16,"index":1254},"end":{"line":42,"column":23,"index":1261},"identifierName":"program"},"name":"program"},"computed":false,"property":{"type":"Identifier","start":1262,"end":1266,"loc":{"start":{"line":42,"column":24,"index":1262},"end":{"line":42,"column":28,"index":1266},"identifierName":"opts"},"name":"opts"}},"arguments":[]}}],"kind":"const"},{"type":"IfStatement","start":1270,"end":1342,"loc":{"start":{"line":43,"column":0,"index":1270},"end":{"line":43,"column":72,"index":1342}},"test":{"type":"BinaryExpression","start":1274,"end":1301,"loc":{"start":{"line":43,"column":4,"index":1274},"end":{"line":43,"column":31,"index":1301}},"left":{"type":"MemberExpression","start":1274,"end":1287,"loc":{"start":{"line":43,"column":4,"index":1274},"end":{"line":43,"column":17,"index":1287}},"object":{"type":"Identifier","start":1274,"end":1281,"loc":{"start":{"line":43,"column":4,"index":1274},"end":{"line":43,"column":11,"index":1281},"identifierName":"options"},"name":"options"},"computed":false,"property":{"type":"Identifier","start":1282,"end":1287,"loc":{"start":{"line":43,"column":12,"index":1282},"end":{"line":43,"column":17,"index":1287},"identifierName":"float"},"name":"float"}},"operator":"!==","right":{"type":"Identifier","start":1292,"end":1301,"loc":{"start":{"line":43,"column":22,"index":1292},"end":{"line":43,"column":31,"index":1301},"identifierName":"undefined"},"name":"undefined"}},"consequent":{"type":"ExpressionStatement","start":1303,"end":1342,"loc":{"start":{"line":43,"column":33,"index":1303},"end":{"line":43,"column":72,"index":1342}},"expression":{"type":"CallExpression","start":1303,"end":1341,"loc":{"start":{"line":43,"column":33,"index":1303},"end":{"line":43,"column":71,"index":1341}},"callee":{"type":"MemberExpression","start":1303,"end":1314,"loc":{"start":{"line":43,"column":33,"index":1303},"end":{"line":43,"column":44,"index":1314}},"object":{"type":"Identifier","start":1303,"end":1310,"loc":{"start":{"line":43,"column":33,"index":1303},"end":{"line":43,"column":40,"index":1310},"identifierName":"console"},"name":"console"},"computed":false,"property":{"type":"Identifier","start":1311,"end":1314,"loc":{"start":{"line":43,"column":41,"index":1311},"end":{"line":43,"column":44,"index":1314},"identifierName":"log"},"name":"log"}},"arguments":[{"type":"TemplateLiteral","start":1315,"end":1340,"loc":{"start":{"line":43,"column":45,"index":1315},"end":{"line":43,"column":70,"index":1340}},"expressions":[{"type":"MemberExpression","start":1325,"end":1338,"loc":{"start":{"line":43,"column":55,"index":1325},"end":{"line":43,"column":68,"index":1338}},"object":{"type":"Identifier","start":1325,"end":1332,"loc":{"start":{"line":43,"column":55,"index":1325},"end":{"line":43,"column":62,"index":1332},"identifierName":"options"},"name":"options"},"computed":false,"property":{"type":"Identifier","start":1333,"end":1338,"loc":{"start":{"line":43,"column":63,"index":1333},"end":{"line":43,"column":68,"index":1338},"identifierName":"float"},"name":"float"}}],"quasis":[{"type":"TemplateElement","start":1316,"end":1323,"loc":{"start":{"line":43,"column":46,"index":1316},"end":{"line":43,"column":53,"index":1323}},"value":{"raw":"float: ","cooked":"float: "},"tail":false},{"type":"TemplateElement","start":1339,"end":1339,"loc":{"start":{"line":43,"column":69,"index":1339},"end":{"line":43,"column":69,"index":1339}},"value":{"raw":"","cooked":""},"tail":true}]}]}},"alternate":null},{"type":"IfStatement","start":1343,"end":1421,"loc":{"start":{"line":44,"column":0,"index":1343},"end":{"line":44,"column":78,"index":1421}},"test":{"type":"BinaryExpression","start":1347,"end":1376,"loc":{"start":{"line":44,"column":4,"index":1347},"end":{"line":44,"column":33,"index":1376}},"left":{"type":"MemberExpression","start":1347,"end":1362,"loc":{"start":{"line":44,"column":4,"index":1347},"end":{"line":44,"column":19,"index":1362}},"object":{"type":"Identifier","start":1347,"end":1354,"loc":{"start":{"line":44,"column":4,"index":1347},"end":{"line":44,"column":11,"index":1354},"identifierName":"options"},"name":"options"},"computed":false,"property":{"type":"Identifier","start":1355,"end":1362,"loc":{"start":{"line":44,"column":12,"index":1355},"end":{"line":44,"column":19,"index":1362},"identifierName":"integer"},"name":"integer"}},"operator":"!==","right":{"type":"Identifier","start":1367,"end":1376,"loc":{"start":{"line":44,"column":24,"index":1367},"end":{"line":44,"column":33,"index":1376},"identifierName":"undefined"},"name":"undefined"}},"consequent":{"type":"ExpressionStatement","start":1378,"end":1421,"loc":{"start":{"line":44,"column":35,"index":1378},"end":{"line":44,"column":78,"index":1421}},"expression":{"type":"CallExpression","start":1378,"end":1420,"loc":{"start":{"line":44,"column":35,"index":1378},"end":{"line":44,"column":77,"index":1420}},"callee":{"type":"MemberExpression","start":1378,"end":1389,"loc":{"start":{"line":44,"column":35,"index":1378},"end":{"line":44,"column":46,"index":1389}},"object":{"type":"Identifier","start":1378,"end":1385,"loc":{"start":{"line":44,"column":35,"index":1378},"end":{"line":44,"column":42,"index":1385},"identifierName":"console"},"name":"console"},"computed":false,"property":{"type":"Identifier","start":1386,"end":1389,"loc":{"start":{"line":44,"column":43,"index":1386},"end":{"line":44,"column":46,"index":1389},"identifierName":"log"},"name":"log"}},"arguments":[{"type":"TemplateLiteral","start":1390,"end":1419,"loc":{"start":{"line":44,"column":47,"index":1390},"end":{"line":44,"column":76,"index":1419}},"expressions":[{"type":"MemberExpression","start":1402,"end":1417,"loc":{"start":{"line":44,"column":59,"index":1402},"end":{"line":44,"column":74,"index":1417}},"object":{"type":"Identifier","start":1402,"end":1409,"loc":{"start":{"line":44,"column":59,"index":1402},"end":{"line":44,"column":66,"index":1409},"identifierName":"options"},"name":"options"},"computed":false,"property":{"type":"Identifier","start":1410,"end":1417,"loc":{"start":{"line":44,"column":67,"index":1410},"end":{"line":44,"column":74,"index":1417},"identifierName":"integer"},"name":"integer"}}],"quasis":[{"type":"TemplateElement","start":1391,"end":1400,"loc":{"start":{"line":44,"column":48,"index":1391},"end":{"line":44,"column":57,"index":1400}},"value":{"raw":"integer: ","cooked":"integer: "},"tail":false},{"type":"TemplateElement","start":1418,"end":1418,"loc":{"start":{"line":44,"column":75,"index":1418},"end":{"line":44,"column":75,"index":1418}},"value":{"raw":"","cooked":""},"tail":true}]}]}},"alternate":null},{"type":"IfStatement","start":1422,"end":1492,"loc":{"start":{"line":45,"column":0,"index":1422},"end":{"line":45,"column":70,"index":1492}},"test":{"type":"BinaryExpression","start":1426,"end":1445,"loc":{"start":{"line":45,"column":4,"index":1426},"end":{"line":45,"column":23,"index":1445}},"left":{"type":"MemberExpression","start":1426,"end":1441,"loc":{"start":{"line":45,"column":4,"index":1426},"end":{"line":45,"column":19,"index":1441}},"object":{"type":"Identifier","start":1426,"end":1433,"loc":{"start":{"line":45,"column":4,"index":1426},"end":{"line":45,"column":11,"index":1433},"identifierName":"options"},"name":"options"},"computed":false,"property":{"type":"Identifier","start":1434,"end":1441,"loc":{"start":{"line":45,"column":12,"index":1434},"end":{"line":45,"column":19,"index":1441},"identifierName":"verbose"},"name":"verbose"}},"operator":">","right":{"type":"NumericLiteral","start":1444,"end":1445,"loc":{"start":{"line":45,"column":22,"index":1444},"end":{"line":45,"column":23,"index":1445}},"extra":{"rawValue":0,"raw":"0"},"value":0}},"consequent":{"type":"ExpressionStatement","start":1447,"end":1492,"loc":{"start":{"line":45,"column":25,"index":1447},"end":{"line":45,"column":70,"index":1492}},"expression":{"type":"CallExpression","start":1447,"end":1491,"loc":{"start":{"line":45,"column":25,"index":1447},"end":{"line":45,"column":69,"index":1491}},"callee":{"type":"MemberExpression","start":1447,"end":1458,"loc":{"start":{"line":45,"column":25,"index":1447},"end":{"line":45,"column":36,"index":1458}},"object":{"type":"Identifier","start":1447,"end":1454,"loc":{"start":{"line":45,"column":25,"index":1447},"end":{"line":45,"column":32,"index":1454},"identifierName":"console"},"name":"console"},"computed":false,"property":{"type":"Identifier","start":1455,"end":1458,"loc":{"start":{"line":45,"column":33,"index":1455},"end":{"line":45,"column":36,"index":1458},"identifierName":"log"},"name":"log"}},"arguments":[{"type":"TemplateLiteral","start":1459,"end":1490,"loc":{"start":{"line":45,"column":37,"index":1459},"end":{"line":45,"column":68,"index":1490}},"expressions":[{"type":"MemberExpression","start":1473,"end":1488,"loc":{"start":{"line":45,"column":51,"index":1473},"end":{"line":45,"column":66,"index":1488}},"object":{"type":"Identifier","start":1473,"end":1480,"loc":{"start":{"line":45,"column":51,"index":1473},"end":{"line":45,"column":58,"index":1480},"identifierName":"options"},"name":"options"},"computed":false,"property":{"type":"Identifier","start":1481,"end":1488,"loc":{"start":{"line":45,"column":59,"index":1481},"end":{"line":45,"column":66,"index":1488},"identifierName":"verbose"},"name":"verbose"}}],"quasis":[{"type":"TemplateElement","start":1460,"end":1471,"loc":{"start":{"line":45,"column":38,"index":1460},"end":{"line":45,"column":49,"index":1471}},"value":{"raw":"verbosity: ","cooked":"verbosity: "},"tail":false},{"type":"TemplateElement","start":1489,"end":1489,"loc":{"start":{"line":45,"column":67,"index":1489},"end":{"line":45,"column":67,"index":1489}},"value":{"raw":"","cooked":""},"tail":true}]}]}},"alternate":null},{"type":"IfStatement","start":1493,"end":1554,"loc":{"start":{"line":46,"column":0,"index":1493},"end":{"line":46,"column":61,"index":1554}},"test":{"type":"BinaryExpression","start":1497,"end":1523,"loc":{"start":{"line":46,"column":4,"index":1497},"end":{"line":46,"column":30,"index":1523}},"left":{"type":"MemberExpression","start":1497,"end":1519,"loc":{"start":{"line":46,"column":4,"index":1497},"end":{"line":46,"column":26,"index":1519}},"object":{"type":"MemberExpression","start":1497,"end":1512,"loc":{"start":{"line":46,"column":4,"index":1497},"end":{"line":46,"column":19,"index":1512}},"object":{"type":"Identifier","start":1497,"end":1504,"loc":{"start":{"line":46,"column":4,"index":1497},"end":{"line":46,"column":11,"index":1504},"identifierName":"options"},"name":"options"},"computed":false,"property":{"type":"Identifier","start":1505,"end":1512,"loc":{"start":{"line":46,"column":12,"index":1505},"end":{"line":46,"column":19,"index":1512},"identifierName":"collect"},"name":"collect"}},"computed":false,"property":{"type":"Identifier","start":1513,"end":1519,"loc":{"start":{"line":46,"column":20,"index":1513},"end":{"line":46,"column":26,"index":1519},"identifierName":"length"},"name":"length"}},"operator":">","right":{"type":"NumericLiteral","start":1522,"end":1523,"loc":{"start":{"line":46,"column":29,"index":1522},"end":{"line":46,"column":30,"index":1523}},"extra":{"rawValue":0,"raw":"0"},"value":0}},"consequent":{"type":"ExpressionStatement","start":1525,"end":1554,"loc":{"start":{"line":46,"column":32,"index":1525},"end":{"line":46,"column":61,"index":1554}},"expression":{"type":"CallExpression","start":1525,"end":1553,"loc":{"start":{"line":46,"column":32,"index":1525},"end":{"line":46,"column":60,"index":1553}},"callee":{"type":"MemberExpression","start":1525,"end":1536,"loc":{"start":{"line":46,"column":32,"index":1525},"end":{"line":46,"column":43,"index":1536}},"object":{"type":"Identifier","start":1525,"end":1532,"loc":{"start":{"line":46,"column":32,"index":1525},"end":{"line":46,"column":39,"index":1532},"identifierName":"console"},"name":"console"},"computed":false,"property":{"type":"Identifier","start":1533,"end":1536,"loc":{"start":{"line":46,"column":40,"index":1533},"end":{"line":46,"column":43,"index":1536},"identifierName":"log"},"name":"log"}},"arguments":[{"type":"MemberExpression","start":1537,"end":1552,"loc":{"start":{"line":46,"column":44,"index":1537},"end":{"line":46,"column":59,"index":1552}},"object":{"type":"Identifier","start":1537,"end":1544,"loc":{"start":{"line":46,"column":44,"index":1537},"end":{"line":46,"column":51,"index":1544},"identifierName":"options"},"name":"options"},"computed":false,"property":{"type":"Identifier","start":1545,"end":1552,"loc":{"start":{"line":46,"column":52,"index":1545},"end":{"line":46,"column":59,"index":1552},"identifierName":"collect"},"name":"collect"}}]}},"alternate":null},{"type":"IfStatement","start":1555,"end":1613,"loc":{"start":{"line":47,"column":0,"index":1555},"end":{"line":47,"column":58,"index":1613}},"test":{"type":"BinaryExpression","start":1559,"end":1585,"loc":{"start":{"line":47,"column":4,"index":1559},"end":{"line":47,"column":30,"index":1585}},"left":{"type":"MemberExpression","start":1559,"end":1571,"loc":{"start":{"line":47,"column":4,"index":1559},"end":{"line":47,"column":16,"index":1571}},"object":{"type":"Identifier","start":1559,"end":1566,"loc":{"start":{"line":47,"column":4,"index":1559},"end":{"line":47,"column":11,"index":1566},"identifierName":"options"},"name":"options"},"computed":false,"property":{"type":"Identifier","start":1567,"end":1571,"loc":{"start":{"line":47,"column":12,"index":1567},"end":{"line":47,"column":16,"index":1571},"identifierName":"list"},"name":"list"}},"operator":"!==","right":{"type":"Identifier","start":1576,"end":1585,"loc":{"start":{"line":47,"column":21,"index":1576},"end":{"line":47,"column":30,"index":1585},"identifierName":"undefined"},"name":"undefined"}},"consequent":{"type":"ExpressionStatement","start":1587,"end":1613,"loc":{"start":{"line":47,"column":32,"index":1587},"end":{"line":47,"column":58,"index":1613}},"expression":{"type":"CallExpression","start":1587,"end":1612,"loc":{"start":{"line":47,"column":32,"index":1587},"end":{"line":47,"column":57,"index":1612}},"callee":{"type":"MemberExpression","start":1587,"end":1598,"loc":{"start":{"line":47,"column":32,"index":1587},"end":{"line":47,"column":43,"index":1598}},"object":{"type":"Identifier","start":1587,"end":1594,"loc":{"start":{"line":47,"column":32,"index":1587},"end":{"line":47,"column":39,"index":1594},"identifierName":"console"},"name":"console"},"computed":false,"property":{"type":"Identifier","start":1595,"end":1598,"loc":{"start":{"line":47,"column":40,"index":1595},"end":{"line":47,"column":43,"index":1598},"identifierName":"log"},"name":"log"}},"arguments":[{"type":"MemberExpression","start":1599,"end":1611,"loc":{"start":{"line":47,"column":44,"index":1599},"end":{"line":47,"column":56,"index":1611}},"object":{"type":"Identifier","start":1599,"end":1606,"loc":{"start":{"line":47,"column":44,"index":1599},"end":{"line":47,"column":51,"index":1606},"identifierName":"options"},"name":"options"},"computed":false,"property":{"type":"Identifier","start":1607,"end":1611,"loc":{"start":{"line":47,"column":52,"index":1607},"end":{"line":47,"column":56,"index":1611},"identifierName":"list"},"name":"list"}}]}},"alternate":null,"trailingComments":[{"type":"CommentLine","value":" Try the following:","start":1615,"end":1636,"loc":{"start":{"line":49,"column":0,"index":1615},"end":{"line":49,"column":21,"index":1636}}},{"type":"CommentLine","value":"    node options-custom-processing -f 1e2","start":1637,"end":1680,"loc":{"start":{"line":50,"column":0,"index":1637},"end":{"line":50,"column":43,"index":1680}}},{"type":"CommentLine","value":"    node options-custom-processing --integer 2","start":1681,"end":1729,"loc":{"start":{"line":51,"column":0,"index":1681},"end":{"line":51,"column":48,"index":1729}}},{"type":"CommentLine","value":"    node options-custom-processing -v -v -v","start":1730,"end":1775,"loc":{"start":{"line":52,"column":0,"index":1730},"end":{"line":52,"column":45,"index":1775}}},{"type":"CommentLine","value":"    node options-custom-processing -c a -c b -c c","start":1776,"end":1827,"loc":{"start":{"line":53,"column":0,"index":1776},"end":{"line":53,"column":51,"index":1827}}},{"type":"CommentLine","value":"    node options-custom-processing --list x,y,z","start":1828,"end":1877,"loc":{"start":{"line":54,"column":0,"index":1828},"end":{"line":54,"column":49,"index":1877}}}]}],"directives":[]},"comments":[{"type":"CommentLine","value":" This is used as an example in the README for:","start":21,"end":69,"loc":{"start":{"line":3,"column":0,"index":21},"end":{"line":3,"column":48,"index":69}}},{"type":"CommentLine","value":"    Custom option processing","start":70,"end":100,"loc":{"start":{"line":4,"column":0,"index":70},"end":{"line":4,"column":30,"index":100}}},{"type":"CommentLine","value":"    You may specify a function to do custom processing of option values.","start":101,"end":175,"loc":{"start":{"line":5,"column":0,"index":101},"end":{"line":5,"column":74,"index":175}}},{"type":"CommentLine","value":" const commander = require('commander'); // (normal include)","start":177,"end":239,"loc":{"start":{"line":7,"column":0,"index":177},"end":{"line":7,"column":62,"index":239}}},{"type":"CommentLine","value":" include commander in git clone of commander repo","start":274,"end":325,"loc":{"start":{"line":8,"column":34,"index":274},"end":{"line":8,"column":85,"index":325}}},{"type":"CommentLine","value":" parseInt takes a string and a radix","start":414,"end":452,"loc":{"start":{"line":12,"column":2,"index":414},"end":{"line":12,"column":40,"index":452}}},{"type":"CommentLine","value":" Try the following:","start":1615,"end":1636,"loc":{"start":{"line":49,"column":0,"index":1615},"end":{"line":49,"column":21,"index":1636}}},{"type":"CommentLine","value":"    node options-custom-processing -f 1e2","start":1637,"end":1680,"loc":{"start":{"line":50,"column":0,"index":1637},"end":{"line":50,"column":43,"index":1680}}},{"type":"CommentLine","value":"    node options-custom-processing --integer 2","start":1681,"end":1729,"loc":{"start":{"line":51,"column":0,"index":1681},"end":{"line":51,"column":48,"index":1729}}},{"type":"CommentLine","value":"    node options-custom-processing -v -v -v","start":1730,"end":1775,"loc":{"start":{"line":52,"column":0,"index":1730},"end":{"line":52,"column":45,"index":1775}}},{"type":"CommentLine","value":"    node options-custom-processing -c a -c b -c c","start":1776,"end":1827,"loc":{"start":{"line":53,"column":0,"index":1776},"end":{"line":53,"column":51,"index":1827}}},{"type":"CommentLine","value":"    node options-custom-processing --list x,y,z","start":1828,"end":1877,"loc":{"start":{"line":54,"column":0,"index":1828},"end":{"line":54,"column":49,"index":1877}}}]}