{"type":"File","start":0,"end":1240,"loc":{"start":{"line":1,"column":0,"index":0},"end":{"line":46,"column":0,"index":1240}},"errors":[],"program":{"type":"Program","start":0,"end":1240,"loc":{"start":{"line":1,"column":0,"index":0},"end":{"line":46,"column":0,"index":1240}},"sourceType":"module","interpreter":null,"body":[{"type":"ClassDeclaration","start":56,"end":674,"loc":{"start":{"line":7,"column":0,"index":56},"end":{"line":24,"column":1,"index":674}},"id":{"type":"Identifier","start":62,"end":76,"loc":{"start":{"line":7,"column":6,"index":62},"end":{"line":7,"column":20,"index":76},"identifierName":"CommanderError"},"name":"CommanderError"},"superClass":{"type":"Identifier","start":85,"end":90,"loc":{"start":{"line":7,"column":29,"index":85},"end":{"line":7,"column":34,"index":90},"identifierName":"Error"},"name":"Error"},"body":{"type":"ClassBody","start":91,"end":674,"loc":{"start":{"line":7,"column":35,"index":91},"end":{"line":24,"column":1,"index":674}},"body":[{"type":"ClassMethod","start":385,"end":672,"loc":{"start":{"line":15,"column":2,"index":385},"end":{"line":23,"column":3,"index":672}},"static":false,"key":{"type":"Identifier","start":385,"end":396,"loc":{"start":{"line":15,"column":2,"index":385},"end":{"line":15,"column":13,"index":396},"identifierName":"constructor"},"name":"constructor"},"computed":false,"kind":"constructor","id":null,"generator":false,"async":false,"params":[{"type":"Identifier","start":397,"end":405,"loc":{"start":{"line":15,"column":14,"index":397},"end":{"line":15,"column":22,"index":405},"identifierName":"exitCode"},"name":"exitCode"},{"type":"Identifier","start":407,"end":411,"loc":{"start":{"line":15,"column":24,"index":407},"end":{"line":15,"column":28,"index":411},"identifierName":"code"},"name":"code"},{"type":"Identifier","start":413,"end":420,"loc":{"start":{"line":15,"column":30,"index":413},"end":{"line":15,"column":37,"index":420},"identifierName":"message"},"name":"message"}],"body":{"type":"BlockStatement","start":422,"end":672,"loc":{"start":{"line":15,"column":39,"index":422},"end":{"line":23,"column":3,"index":672}},"body":[{"type":"ExpressionStatement","start":428,"end":443,"loc":{"start":{"line":16,"column":4,"index":428},"end":{"line":16,"column":19,"index":443}},"expression":{"type":"CallExpression","start":428,"end":442,"loc":{"start":{"line":16,"column":4,"index":428},"end":{"line":16,"column":18,"index":442}},"callee":{"type":"Super","start":428,"end":433,"loc":{"start":{"line":16,"column":4,"index":428},"end":{"line":16,"column":9,"index":433}}},"arguments":[{"type":"Identifier","start":434,"end":441,"loc":{"start":{"line":16,"column":10,"index":434},"end":{"line":16,"column":17,"index":441},"identifierName":"message"},"name":"message"}]},"trailingComments":[{"type":"CommentLine","value":" properly capture stack trace in Node.js","start":448,"end":490,"loc":{"start":{"line":17,"column":4,"index":448},"end":{"line":17,"column":46,"index":490}}}]},{"type":"ExpressionStatement","start":495,"end":543,"loc":{"start":{"line":18,"column":4,"index":495},"end":{"line":18,"column":52,"index":543}},"expression":{"type":"CallExpression","start":495,"end":542,"loc":{"start":{"line":18,"column":4,"index":495},"end":{"line":18,"column":51,"index":542}},"callee":{"type":"MemberExpression","start":495,"end":518,"loc":{"start":{"line":18,"column":4,"index":495},"end":{"line":18,"column":27,"index":518}},"object":{"type":"Identifier","start":495,"end":500,"loc":{"start":{"line":18,"column":4,"index":495},"end":{"line":18,"column":9,"index":500},"identifierName":"Error"},"name":"Error"},"computed":false,"property":{"type":"Identifier","start":501,"end":518,"loc":{"start":{"line":18,"column":10,"index":501},"end":{"line":18,"column":27,"index":518},"identifierName":"captureStackTrace"},"name":"captureStackTrace"}},"arguments":[{"type":"ThisExpression","start":519,"end":523,"loc":{"start":{"line":18,"column":28,"index":519},"end":{"line":18,"column":32,"index":523}}},{"type":"MemberExpression","start":525,"end":541,"loc":{"start":{"line":18,"column":34,"index":525},"end":{"line":18,"column":50,"index":541}},"object":{"type":"ThisExpression","start":525,"end":529,"loc":{"start":{"line":18,"column":34,"index":525},"end":{"line":18,"column":38,"index":529}}},"computed":false,"property":{"type":"Identifier","start":530,"end":541,"loc":{"start":{"line":18,"column":39,"index":530},"end":{"line":18,"column":50,"index":541},"identifierName":"constructor"},"name":"constructor"}}]},"leadingComments":[{"type":"CommentLine","value":" properly capture stack trace in Node.js","start":448,"end":490,"loc":{"start":{"line":17,"column":4,"index":448},"end":{"line":17,"column":46,"index":490}}}]},{"type":"ExpressionStatement","start":548,"end":582,"loc":{"start":{"line":19,"column":4,"index":548},"end":{"line":19,"column":38,"index":582}},"expression":{"type":"AssignmentExpression","start":548,"end":581,"loc":{"start":{"line":19,"column":4,"index":548},"end":{"line":19,"column":37,"index":581}},"operator":"=","left":{"type":"MemberExpression","start":548,"end":557,"loc":{"start":{"line":19,"column":4,"index":548},"end":{"line":19,"column":13,"index":557}},"object":{"type":"ThisExpression","start":548,"end":552,"loc":{"start":{"line":19,"column":4,"index":548},"end":{"line":19,"column":8,"index":552}}},"computed":false,"property":{"type":"Identifier","start":553,"end":557,"loc":{"start":{"line":19,"column":9,"index":553},"end":{"line":19,"column":13,"index":557},"identifierName":"name"},"name":"name"}},"right":{"type":"MemberExpression","start":560,"end":581,"loc":{"start":{"line":19,"column":16,"index":560},"end":{"line":19,"column":37,"index":581}},"object":{"type":"MemberExpression","start":560,"end":576,"loc":{"start":{"line":19,"column":16,"index":560},"end":{"line":19,"column":32,"index":576}},"object":{"type":"ThisExpression","start":560,"end":564,"loc":{"start":{"line":19,"column":16,"index":560},"end":{"line":19,"column":20,"index":564}}},"computed":false,"property":{"type":"Identifier","start":565,"end":576,"loc":{"start":{"line":19,"column":21,"index":565},"end":{"line":19,"column":32,"index":576},"identifierName":"constructor"},"name":"constructor"}},"computed":false,"property":{"type":"Identifier","start":577,"end":581,"loc":{"start":{"line":19,"column":33,"index":577},"end":{"line":19,"column":37,"index":581},"identifierName":"name"},"name":"name"}}}},{"type":"ExpressionStatement","start":587,"end":604,"loc":{"start":{"line":20,"column":4,"index":587},"end":{"line":20,"column":21,"index":604}},"expression":{"type":"AssignmentExpression","start":587,"end":603,"loc":{"start":{"line":20,"column":4,"index":587},"end":{"line":20,"column":20,"index":603}},"operator":"=","left":{"type":"MemberExpression","start":587,"end":596,"loc":{"start":{"line":20,"column":4,"index":587},"end":{"line":20,"column":13,"index":596}},"object":{"type":"ThisExpression","start":587,"end":591,"loc":{"start":{"line":20,"column":4,"index":587},"end":{"line":20,"column":8,"index":591}}},"computed":false,"property":{"type":"Identifier","start":592,"end":596,"loc":{"start":{"line":20,"column":9,"index":592},"end":{"line":20,"column":13,"index":596},"identifierName":"code"},"name":"code"}},"right":{"type":"Identifier","start":599,"end":603,"loc":{"start":{"line":20,"column":16,"index":599},"end":{"line":20,"column":20,"index":603},"identifierName":"code"},"name":"code"}}},{"type":"ExpressionStatement","start":609,"end":634,"loc":{"start":{"line":21,"column":4,"index":609},"end":{"line":21,"column":29,"index":634}},"expression":{"type":"AssignmentExpression","start":609,"end":633,"loc":{"start":{"line":21,"column":4,"index":609},"end":{"line":21,"column":28,"index":633}},"operator":"=","left":{"type":"MemberExpression","start":609,"end":622,"loc":{"start":{"line":21,"column":4,"index":609},"end":{"line":21,"column":17,"index":622}},"object":{"type":"ThisExpression","start":609,"end":613,"loc":{"start":{"line":21,"column":4,"index":609},"end":{"line":21,"column":8,"index":613}}},"computed":false,"property":{"type":"Identifier","start":614,"end":622,"loc":{"start":{"line":21,"column":9,"index":614},"end":{"line":21,"column":17,"index":622},"identifierName":"exitCode"},"name":"exitCode"}},"right":{"type":"Identifier","start":625,"end":633,"loc":{"start":{"line":21,"column":20,"index":625},"end":{"line":21,"column":28,"index":633},"identifierName":"exitCode"},"name":"exitCode"}}},{"type":"ExpressionStatement","start":639,"end":668,"loc":{"start":{"line":22,"column":4,"index":639},"end":{"line":22,"column":33,"index":668}},"expression":{"type":"AssignmentExpression","start":639,"end":667,"loc":{"start":{"line":22,"column":4,"index":639},"end":{"line":22,"column":32,"index":667}},"operator":"=","left":{"type":"MemberExpression","start":639,"end":655,"loc":{"start":{"line":22,"column":4,"index":639},"end":{"line":22,"column":20,"index":655}},"object":{"type":"ThisExpression","start":639,"end":643,"loc":{"start":{"line":22,"column":4,"index":639},"end":{"line":22,"column":8,"index":643}}},"computed":false,"property":{"type":"Identifier","start":644,"end":655,"loc":{"start":{"line":22,"column":9,"index":644},"end":{"line":22,"column":20,"index":655},"identifierName":"nestedError"},"name":"nestedError"}},"right":{"type":"Identifier","start":658,"end":667,"loc":{"start":{"line":22,"column":23,"index":658},"end":{"line":22,"column":32,"index":667},"identifierName":"undefined"},"name":"undefined"}}}],"directives":[]},"leadingComments":[{"type":"CommentBlock","value":"*\n   * Constructs the CommanderError class\n   * @param {number} exitCode suggested exit code which could be used with process.exit\n   * @param {string} code an id string representing the error\n   * @param {string} message human-readable description of the error\n   * @constructor\n   ","start":95,"end":382,"loc":{"start":{"line":8,"column":2,"index":95},"end":{"line":14,"column":5,"index":382}}}]}]},"trailingComments":[{"type":"CommentBlock","value":"*\n * InvalidArgumentError class\n * @class\n ","start":676,"end":723,"loc":{"start":{"line":26,"column":0,"index":676},"end":{"line":29,"column":3,"index":723}}}],"leadingComments":[{"type":"CommentLine","value":" @ts-check","start":0,"end":12,"loc":{"start":{"line":1,"column":0,"index":0},"end":{"line":1,"column":12,"index":12}}},{"type":"CommentBlock","value":"*\n * CommanderError class\n * @class\n ","start":14,"end":55,"loc":{"start":{"line":3,"column":0,"index":14},"end":{"line":6,"column":3,"index":55}}}]},{"type":"ClassDeclaration","start":724,"end":1144,"loc":{"start":{"line":30,"column":0,"index":724},"end":{"line":42,"column":1,"index":1144}},"id":{"type":"Identifier","start":730,"end":750,"loc":{"start":{"line":30,"column":6,"index":730},"end":{"line":30,"column":26,"index":750},"identifierName":"InvalidArgumentError"},"name":"InvalidArgumentError"},"superClass":{"type":"Identifier","start":759,"end":773,"loc":{"start":{"line":30,"column":35,"index":759},"end":{"line":30,"column":49,"index":773},"identifierName":"CommanderError"},"name":"CommanderError"},"body":{"type":"ClassBody","start":774,"end":1144,"loc":{"start":{"line":30,"column":50,"index":774},"end":{"line":42,"column":1,"index":1144}},"body":[{"type":"ClassMethod","start":925,"end":1142,"loc":{"start":{"line":36,"column":2,"index":925},"end":{"line":41,"column":3,"index":1142}},"static":false,"key":{"type":"Identifier","start":925,"end":936,"loc":{"start":{"line":36,"column":2,"index":925},"end":{"line":36,"column":13,"index":936},"identifierName":"constructor"},"name":"constructor"},"computed":false,"kind":"constructor","id":null,"generator":false,"async":false,"params":[{"type":"Identifier","start":937,"end":944,"loc":{"start":{"line":36,"column":14,"index":937},"end":{"line":36,"column":21,"index":944},"identifierName":"message"},"name":"message"}],"body":{"type":"BlockStatement","start":946,"end":1142,"loc":{"start":{"line":36,"column":23,"index":946},"end":{"line":41,"column":3,"index":1142}},"body":[{"type":"ExpressionStatement","start":952,"end":999,"loc":{"start":{"line":37,"column":4,"index":952},"end":{"line":37,"column":51,"index":999}},"expression":{"type":"CallExpression","start":952,"end":998,"loc":{"start":{"line":37,"column":4,"index":952},"end":{"line":37,"column":50,"index":998}},"callee":{"type":"Super","start":952,"end":957,"loc":{"start":{"line":37,"column":4,"index":952},"end":{"line":37,"column":9,"index":957}}},"arguments":[{"type":"NumericLiteral","start":958,"end":959,"loc":{"start":{"line":37,"column":10,"index":958},"end":{"line":37,"column":11,"index":959}},"extra":{"rawValue":1,"raw":"1"},"value":1},{"type":"StringLiteral","start":961,"end":988,"loc":{"start":{"line":37,"column":13,"index":961},"end":{"line":37,"column":40,"index":988}},"extra":{"rawValue":"commander.invalidArgument","raw":"'commander.invalidArgument'"},"value":"commander.invalidArgument"},{"type":"Identifier","start":990,"end":997,"loc":{"start":{"line":37,"column":42,"index":990},"end":{"line":37,"column":49,"index":997},"identifierName":"message"},"name":"message"}]},"trailingComments":[{"type":"CommentLine","value":" properly capture stack trace in Node.js","start":1004,"end":1046,"loc":{"start":{"line":38,"column":4,"index":1004},"end":{"line":38,"column":46,"index":1046}}}]},{"type":"ExpressionStatement","start":1051,"end":1099,"loc":{"start":{"line":39,"column":4,"index":1051},"end":{"line":39,"column":52,"index":1099}},"expression":{"type":"CallExpression","start":1051,"end":1098,"loc":{"start":{"line":39,"column":4,"index":1051},"end":{"line":39,"column":51,"index":1098}},"callee":{"type":"MemberExpression","start":1051,"end":1074,"loc":{"start":{"line":39,"column":4,"index":1051},"end":{"line":39,"column":27,"index":1074}},"object":{"type":"Identifier","start":1051,"end":1056,"loc":{"start":{"line":39,"column":4,"index":1051},"end":{"line":39,"column":9,"index":1056},"identifierName":"Error"},"name":"Error"},"computed":false,"property":{"type":"Identifier","start":1057,"end":1074,"loc":{"start":{"line":39,"column":10,"index":1057},"end":{"line":39,"column":27,"index":1074},"identifierName":"captureStackTrace"},"name":"captureStackTrace"}},"arguments":[{"type":"ThisExpression","start":1075,"end":1079,"loc":{"start":{"line":39,"column":28,"index":1075},"end":{"line":39,"column":32,"index":1079}}},{"type":"MemberExpression","start":1081,"end":1097,"loc":{"start":{"line":39,"column":34,"index":1081},"end":{"line":39,"column":50,"index":1097}},"object":{"type":"ThisExpression","start":1081,"end":1085,"loc":{"start":{"line":39,"column":34,"index":1081},"end":{"line":39,"column":38,"index":1085}}},"computed":false,"property":{"type":"Identifier","start":1086,"end":1097,"loc":{"start":{"line":39,"column":39,"index":1086},"end":{"line":39,"column":50,"index":1097},"identifierName":"constructor"},"name":"constructor"}}]},"leadingComments":[{"type":"CommentLine","value":" properly capture stack trace in Node.js","start":1004,"end":1046,"loc":{"start":{"line":38,"column":4,"index":1004},"end":{"line":38,"column":46,"index":1046}}}]},{"type":"ExpressionStatement","start":1104,"end":1138,"loc":{"start":{"line":40,"column":4,"index":1104},"end":{"line":40,"column":38,"index":1138}},"expression":{"type":"AssignmentExpression","start":1104,"end":1137,"loc":{"start":{"line":40,"column":4,"index":1104},"end":{"line":40,"column":37,"index":1137}},"operator":"=","left":{"type":"MemberExpression","start":1104,"end":1113,"loc":{"start":{"line":40,"column":4,"index":1104},"end":{"line":40,"column":13,"index":1113}},"object":{"type":"ThisExpression","start":1104,"end":1108,"loc":{"start":{"line":40,"column":4,"index":1104},"end":{"line":40,"column":8,"index":1108}}},"computed":false,"property":{"type":"Identifier","start":1109,"end":1113,"loc":{"start":{"line":40,"column":9,"index":1109},"end":{"line":40,"column":13,"index":1113},"identifierName":"name"},"name":"name"}},"right":{"type":"MemberExpression","start":1116,"end":1137,"loc":{"start":{"line":40,"column":16,"index":1116},"end":{"line":40,"column":37,"index":1137}},"object":{"type":"MemberExpression","start":1116,"end":1132,"loc":{"start":{"line":40,"column":16,"index":1116},"end":{"line":40,"column":32,"index":1132}},"object":{"type":"ThisExpression","start":1116,"end":1120,"loc":{"start":{"line":40,"column":16,"index":1116},"end":{"line":40,"column":20,"index":1120}}},"computed":false,"property":{"type":"Identifier","start":1121,"end":1132,"loc":{"start":{"line":40,"column":21,"index":1121},"end":{"line":40,"column":32,"index":1132},"identifierName":"constructor"},"name":"constructor"}},"computed":false,"property":{"type":"Identifier","start":1133,"end":1137,"loc":{"start":{"line":40,"column":33,"index":1133},"end":{"line":40,"column":37,"index":1137},"identifierName":"name"},"name":"name"}}}}],"directives":[]},"leadingComments":[{"type":"CommentBlock","value":"*\n   * Constructs the InvalidArgumentError class\n   * @param {string} [message] explanation of why argument is invalid\n   * @constructor\n   ","start":778,"end":922,"loc":{"start":{"line":31,"column":2,"index":778},"end":{"line":35,"column":5,"index":922}}}]}]},"leadingComments":[{"type":"CommentBlock","value":"*\n * InvalidArgumentError class\n * @class\n ","start":676,"end":723,"loc":{"start":{"line":26,"column":0,"index":676},"end":{"line":29,"column":3,"index":723}}}]},{"type":"ExpressionStatement","start":1146,"end":1186,"loc":{"start":{"line":44,"column":0,"index":1146},"end":{"line":44,"column":40,"index":1186}},"expression":{"type":"AssignmentExpression","start":1146,"end":1185,"loc":{"start":{"line":44,"column":0,"index":1146},"end":{"line":44,"column":39,"index":1185}},"operator":"=","left":{"type":"MemberExpression","start":1146,"end":1168,"loc":{"start":{"line":44,"column":0,"index":1146},"end":{"line":44,"column":22,"index":1168}},"object":{"type":"Identifier","start":1146,"end":1153,"loc":{"start":{"line":44,"column":0,"index":1146},"end":{"line":44,"column":7,"index":1153},"identifierName":"exports"},"name":"exports"},"computed":false,"property":{"type":"Identifier","start":1154,"end":1168,"loc":{"start":{"line":44,"column":8,"index":1154},"end":{"line":44,"column":22,"index":1168},"identifierName":"CommanderError"},"name":"CommanderError"}},"right":{"type":"Identifier","start":1171,"end":1185,"loc":{"start":{"line":44,"column":25,"index":1171},"end":{"line":44,"column":39,"index":1185},"identifierName":"CommanderError"},"name":"CommanderError"}}},{"type":"ExpressionStatement","start":1187,"end":1239,"loc":{"start":{"line":45,"column":0,"index":1187},"end":{"line":45,"column":52,"index":1239}},"expression":{"type":"AssignmentExpression","start":1187,"end":1238,"loc":{"start":{"line":45,"column":0,"index":1187},"end":{"line":45,"column":51,"index":1238}},"operator":"=","left":{"type":"MemberExpression","start":1187,"end":1215,"loc":{"start":{"line":45,"column":0,"index":1187},"end":{"line":45,"column":28,"index":1215}},"object":{"type":"Identifier","start":1187,"end":1194,"loc":{"start":{"line":45,"column":0,"index":1187},"end":{"line":45,"column":7,"index":1194},"identifierName":"exports"},"name":"exports"},"computed":false,"property":{"type":"Identifier","start":1195,"end":1215,"loc":{"start":{"line":45,"column":8,"index":1195},"end":{"line":45,"column":28,"index":1215},"identifierName":"InvalidArgumentError"},"name":"InvalidArgumentError"}},"right":{"type":"Identifier","start":1218,"end":1238,"loc":{"start":{"line":45,"column":31,"index":1218},"end":{"line":45,"column":51,"index":1238},"identifierName":"InvalidArgumentError"},"name":"InvalidArgumentError"}}}],"directives":[]},"comments":[{"type":"CommentLine","value":" @ts-check","start":0,"end":12,"loc":{"start":{"line":1,"column":0,"index":0},"end":{"line":1,"column":12,"index":12}}},{"type":"CommentBlock","value":"*\n * CommanderError class\n * @class\n ","start":14,"end":55,"loc":{"start":{"line":3,"column":0,"index":14},"end":{"line":6,"column":3,"index":55}}},{"type":"CommentBlock","value":"*\n   * Constructs the CommanderError class\n   * @param {number} exitCode suggested exit code which could be used with process.exit\n   * @param {string} code an id string representing the error\n   * @param {string} message human-readable description of the error\n   * @constructor\n   ","start":95,"end":382,"loc":{"start":{"line":8,"column":2,"index":95},"end":{"line":14,"column":5,"index":382}}},{"type":"CommentLine","value":" properly capture stack trace in Node.js","start":448,"end":490,"loc":{"start":{"line":17,"column":4,"index":448},"end":{"line":17,"column":46,"index":490}}},{"type":"CommentBlock","value":"*\n * InvalidArgumentError class\n * @class\n ","start":676,"end":723,"loc":{"start":{"line":26,"column":0,"index":676},"end":{"line":29,"column":3,"index":723}}},{"type":"CommentBlock","value":"*\n   * Constructs the InvalidArgumentError class\n   * @param {string} [message] explanation of why argument is invalid\n   * @constructor\n   ","start":778,"end":922,"loc":{"start":{"line":31,"column":2,"index":778},"end":{"line":35,"column":5,"index":922}}},{"type":"CommentLine","value":" properly capture stack trace in Node.js","start":1004,"end":1046,"loc":{"start":{"line":38,"column":4,"index":1004},"end":{"line":38,"column":46,"index":1046}}}]}