{"type":"File","start":0,"end":1551,"loc":{"start":{"line":1,"column":0,"index":0},"end":{"line":71,"column":0,"index":1551}},"errors":[],"program":{"type":"Program","start":0,"end":1551,"loc":{"start":{"line":1,"column":0,"index":0},"end":{"line":71,"column":0,"index":1551}},"sourceType":"module","interpreter":null,"body":[{"type":"VariableDeclaration","start":0,"end":324,"loc":{"start":{"line":1,"column":0,"index":0},"end":{"line":14,"column":2,"index":324}},"declarations":[{"type":"VariableDeclarator","start":6,"end":323,"loc":{"start":{"line":1,"column":6,"index":6},"end":{"line":14,"column":1,"index":323}},"id":{"type":"Identifier","start":6,"end":24,"loc":{"start":{"line":1,"column":6,"index":6},"end":{"line":1,"column":24,"index":24},"identifierName":"javascriptSettings"},"name":"javascriptSettings"},"init":{"type":"ObjectExpression","start":27,"end":323,"loc":{"start":{"line":1,"column":27,"index":27},"end":{"line":14,"column":1,"index":323}},"properties":[{"type":"ObjectProperty","start":31,"end":55,"loc":{"start":{"line":2,"column":2,"index":31},"end":{"line":2,"column":26,"index":55}},"method":false,"key":{"type":"Identifier","start":31,"end":36,"loc":{"start":{"line":2,"column":2,"index":31},"end":{"line":2,"column":7,"index":36},"identifierName":"files"},"name":"files"},"computed":false,"shorthand":false,"value":{"type":"ArrayExpression","start":38,"end":55,"loc":{"start":{"line":2,"column":9,"index":38},"end":{"line":2,"column":26,"index":55}},"elements":[{"type":"StringLiteral","start":39,"end":45,"loc":{"start":{"line":2,"column":10,"index":39},"end":{"line":2,"column":16,"index":45}},"extra":{"rawValue":"*.js","raw":"'*.js'"},"value":"*.js"},{"type":"StringLiteral","start":47,"end":54,"loc":{"start":{"line":2,"column":18,"index":47},"end":{"line":2,"column":25,"index":54}},"extra":{"rawValue":"*.mjs","raw":"'*.mjs'"},"value":"*.mjs"}]}},{"type":"ObjectProperty","start":59,"end":119,"loc":{"start":{"line":3,"column":2,"index":59},"end":{"line":6,"column":3,"index":119}},"method":false,"key":{"type":"Identifier","start":59,"end":66,"loc":{"start":{"line":3,"column":2,"index":59},"end":{"line":3,"column":9,"index":66},"identifierName":"extends"},"name":"extends"},"computed":false,"shorthand":false,"value":{"type":"ArrayExpression","start":68,"end":119,"loc":{"start":{"line":3,"column":11,"index":68},"end":{"line":6,"column":3,"index":119}},"elements":[{"type":"StringLiteral","start":74,"end":84,"loc":{"start":{"line":4,"column":4,"index":74},"end":{"line":4,"column":14,"index":84}},"extra":{"rawValue":"standard","raw":"'standard'"},"value":"standard"},{"type":"StringLiteral","start":90,"end":115,"loc":{"start":{"line":5,"column":4,"index":90},"end":{"line":5,"column":29,"index":115}},"extra":{"rawValue":"plugin:jest/recommended","raw":"'plugin:jest/recommended'"},"value":"plugin:jest/recommended"}]}},{"type":"ObjectProperty","start":123,"end":321,"loc":{"start":{"line":7,"column":2,"index":123},"end":{"line":13,"column":3,"index":321}},"method":false,"key":{"type":"Identifier","start":123,"end":128,"loc":{"start":{"line":7,"column":2,"index":123},"end":{"line":7,"column":7,"index":128},"identifierName":"rules"},"name":"rules"},"computed":false,"shorthand":false,"value":{"type":"ObjectExpression","start":130,"end":321,"loc":{"start":{"line":7,"column":9,"index":130},"end":{"line":13,"column":3,"index":321}},"properties":[{"type":"ObjectProperty","start":136,"end":187,"loc":{"start":{"line":8,"column":4,"index":136},"end":{"line":8,"column":55,"index":187}},"method":false,"key":{"type":"StringLiteral","start":136,"end":152,"loc":{"start":{"line":8,"column":4,"index":136},"end":{"line":8,"column":20,"index":152}},"extra":{"rawValue":"no-else-return","raw":"'no-else-return'"},"value":"no-else-return"},"computed":false,"shorthand":false,"value":{"type":"ArrayExpression","start":154,"end":187,"loc":{"start":{"line":8,"column":22,"index":154},"end":{"line":8,"column":55,"index":187}},"elements":[{"type":"StringLiteral","start":155,"end":162,"loc":{"start":{"line":8,"column":23,"index":155},"end":{"line":8,"column":30,"index":162}},"extra":{"rawValue":"error","raw":"'error'"},"value":"error"},{"type":"ObjectExpression","start":164,"end":186,"loc":{"start":{"line":8,"column":32,"index":164},"end":{"line":8,"column":54,"index":186}},"properties":[{"type":"ObjectProperty","start":166,"end":184,"loc":{"start":{"line":8,"column":34,"index":166},"end":{"line":8,"column":52,"index":184}},"method":false,"key":{"type":"Identifier","start":166,"end":177,"loc":{"start":{"line":8,"column":34,"index":166},"end":{"line":8,"column":45,"index":177},"identifierName":"allowElseIf"},"name":"allowElseIf"},"computed":false,"shorthand":false,"value":{"type":"BooleanLiteral","start":179,"end":184,"loc":{"start":{"line":8,"column":47,"index":179},"end":{"line":8,"column":52,"index":184}},"value":false}}]}]}},{"type":"ObjectProperty","start":193,"end":209,"loc":{"start":{"line":9,"column":4,"index":193},"end":{"line":9,"column":20,"index":209}},"method":false,"key":{"type":"StringLiteral","start":193,"end":201,"loc":{"start":{"line":9,"column":4,"index":193},"end":{"line":9,"column":12,"index":201}},"extra":{"rawValue":"no-var","raw":"'no-var'"},"value":"no-var"},"computed":false,"shorthand":false,"value":{"type":"StringLiteral","start":203,"end":209,"loc":{"start":{"line":9,"column":14,"index":203},"end":{"line":9,"column":20,"index":209}},"extra":{"rawValue":"warn","raw":"'warn'"},"value":"warn"}},{"type":"ObjectProperty","start":215,"end":231,"loc":{"start":{"line":10,"column":4,"index":215},"end":{"line":10,"column":20,"index":231}},"method":false,"key":{"type":"StringLiteral","start":215,"end":224,"loc":{"start":{"line":10,"column":4,"index":215},"end":{"line":10,"column":13,"index":224}},"extra":{"rawValue":"one-var","raw":"'one-var'"},"value":"one-var"},"computed":false,"shorthand":false,"value":{"type":"StringLiteral","start":226,"end":231,"loc":{"start":{"line":10,"column":15,"index":226},"end":{"line":10,"column":20,"index":231}},"extra":{"rawValue":"off","raw":"'off'"},"value":"off"}},{"type":"ObjectProperty","start":237,"end":286,"loc":{"start":{"line":11,"column":4,"index":237},"end":{"line":11,"column":53,"index":286}},"method":false,"key":{"type":"StringLiteral","start":237,"end":266,"loc":{"start":{"line":11,"column":4,"index":237},"end":{"line":11,"column":33,"index":266}},"extra":{"rawValue":"space-before-function-paren","raw":"'space-before-function-paren'"},"value":"space-before-function-paren"},"computed":false,"shorthand":false,"value":{"type":"ArrayExpression","start":268,"end":286,"loc":{"start":{"line":11,"column":35,"index":268},"end":{"line":11,"column":53,"index":286}},"elements":[{"type":"StringLiteral","start":269,"end":276,"loc":{"start":{"line":11,"column":36,"index":269},"end":{"line":11,"column":43,"index":276}},"extra":{"rawValue":"error","raw":"'error'"},"value":"error"},{"type":"StringLiteral","start":278,"end":285,"loc":{"start":{"line":11,"column":45,"index":278},"end":{"line":11,"column":52,"index":285}},"extra":{"rawValue":"never","raw":"'never'"},"value":"never"}]}},{"type":"ObjectProperty","start":292,"end":317,"loc":{"start":{"line":12,"column":4,"index":292},"end":{"line":12,"column":29,"index":317}},"method":false,"key":{"type":"Identifier","start":292,"end":296,"loc":{"start":{"line":12,"column":4,"index":292},"end":{"line":12,"column":8,"index":296},"identifierName":"semi"},"name":"semi"},"computed":false,"shorthand":false,"value":{"type":"ArrayExpression","start":298,"end":317,"loc":{"start":{"line":12,"column":10,"index":298},"end":{"line":12,"column":29,"index":317}},"elements":[{"type":"StringLiteral","start":299,"end":306,"loc":{"start":{"line":12,"column":11,"index":299},"end":{"line":12,"column":18,"index":306}},"extra":{"rawValue":"error","raw":"'error'"},"value":"error"},{"type":"StringLiteral","start":308,"end":316,"loc":{"start":{"line":12,"column":20,"index":308},"end":{"line":12,"column":28,"index":316}},"extra":{"rawValue":"always","raw":"'always'"},"value":"always"}]}}]}}]}}],"kind":"const"},{"type":"VariableDeclaration","start":326,"end":1300,"loc":{"start":{"line":16,"column":0,"index":326},"end":{"line":53,"column":2,"index":1300}},"declarations":[{"type":"VariableDeclarator","start":332,"end":1299,"loc":{"start":{"line":16,"column":6,"index":332},"end":{"line":53,"column":1,"index":1299}},"id":{"type":"Identifier","start":332,"end":350,"loc":{"start":{"line":16,"column":6,"index":332},"end":{"line":16,"column":24,"index":350},"identifierName":"typescriptSettings"},"name":"typescriptSettings"},"init":{"type":"ObjectExpression","start":353,"end":1299,"loc":{"start":{"line":16,"column":27,"index":353},"end":{"line":53,"column":1,"index":1299}},"properties":[{"type":"ObjectProperty","start":357,"end":372,"loc":{"start":{"line":17,"column":2,"index":357},"end":{"line":17,"column":17,"index":372}},"method":false,"key":{"type":"Identifier","start":357,"end":362,"loc":{"start":{"line":17,"column":2,"index":357},"end":{"line":17,"column":7,"index":362},"identifierName":"files"},"name":"files"},"computed":false,"shorthand":false,"value":{"type":"ArrayExpression","start":364,"end":372,"loc":{"start":{"line":17,"column":9,"index":364},"end":{"line":17,"column":17,"index":372}},"elements":[{"type":"StringLiteral","start":365,"end":371,"loc":{"start":{"line":17,"column":10,"index":365},"end":{"line":17,"column":16,"index":371}},"extra":{"rawValue":"*.ts","raw":"'*.ts'"},"value":"*.ts"}]}},{"type":"ObjectProperty","start":376,"end":427,"loc":{"start":{"line":18,"column":2,"index":376},"end":{"line":20,"column":3,"index":427}},"method":false,"key":{"type":"Identifier","start":376,"end":389,"loc":{"start":{"line":18,"column":2,"index":376},"end":{"line":18,"column":15,"index":389},"identifierName":"parserOptions"},"name":"parserOptions"},"computed":false,"shorthand":false,"value":{"type":"ObjectExpression","start":391,"end":427,"loc":{"start":{"line":18,"column":17,"index":391},"end":{"line":20,"column":3,"index":427}},"properties":[{"type":"ObjectProperty","start":397,"end":423,"loc":{"start":{"line":19,"column":4,"index":397},"end":{"line":19,"column":30,"index":423}},"method":false,"key":{"type":"Identifier","start":397,"end":404,"loc":{"start":{"line":19,"column":4,"index":397},"end":{"line":19,"column":11,"index":404},"identifierName":"project"},"name":"project"},"computed":false,"shorthand":false,"value":{"type":"StringLiteral","start":406,"end":423,"loc":{"start":{"line":19,"column":13,"index":406},"end":{"line":19,"column":30,"index":423}},"extra":{"rawValue":"./tsconfig.json","raw":"'./tsconfig.json'"},"value":"./tsconfig.json"}}]}},{"type":"ObjectProperty","start":431,"end":470,"loc":{"start":{"line":21,"column":2,"index":431},"end":{"line":23,"column":3,"index":470}},"method":false,"key":{"type":"Identifier","start":431,"end":438,"loc":{"start":{"line":21,"column":2,"index":431},"end":{"line":21,"column":9,"index":438},"identifierName":"plugins"},"name":"plugins"},"computed":false,"shorthand":false,"value":{"type":"ArrayExpression","start":440,"end":470,"loc":{"start":{"line":21,"column":11,"index":440},"end":{"line":23,"column":3,"index":470}},"elements":[{"type":"StringLiteral","start":446,"end":466,"loc":{"start":{"line":22,"column":4,"index":446},"end":{"line":22,"column":24,"index":466}},"extra":{"rawValue":"@typescript-eslint","raw":"'@typescript-eslint'"},"value":"@typescript-eslint"}]}},{"type":"ObjectProperty","start":474,"end":610,"loc":{"start":{"line":24,"column":2,"index":474},"end":{"line":28,"column":3,"index":610}},"method":false,"key":{"type":"Identifier","start":474,"end":481,"loc":{"start":{"line":24,"column":2,"index":474},"end":{"line":24,"column":9,"index":481},"identifierName":"extends"},"name":"extends"},"computed":false,"shorthand":false,"value":{"type":"ArrayExpression","start":483,"end":610,"loc":{"start":{"line":24,"column":11,"index":483},"end":{"line":28,"column":3,"index":610}},"elements":[{"type":"StringLiteral","start":489,"end":509,"loc":{"start":{"line":25,"column":4,"index":489},"end":{"line":25,"column":24,"index":509}},"extra":{"rawValue":"eslint:recommended","raw":"'eslint:recommended'"},"value":"eslint:recommended"},{"type":"StringLiteral","start":515,"end":561,"loc":{"start":{"line":26,"column":4,"index":515},"end":{"line":26,"column":50,"index":561}},"extra":{"rawValue":"plugin:@typescript-eslint/eslint-recommended","raw":"'plugin:@typescript-eslint/eslint-recommended'"},"value":"plugin:@typescript-eslint/eslint-recommended"},{"type":"StringLiteral","start":567,"end":606,"loc":{"start":{"line":27,"column":4,"index":567},"end":{"line":27,"column":43,"index":606}},"extra":{"rawValue":"plugin:@typescript-eslint/recommended","raw":"'plugin:@typescript-eslint/recommended'"},"value":"plugin:@typescript-eslint/recommended"}]}},{"type":"ObjectProperty","start":614,"end":1297,"loc":{"start":{"line":29,"column":2,"index":614},"end":{"line":52,"column":3,"index":1297}},"method":false,"key":{"type":"Identifier","start":614,"end":619,"loc":{"start":{"line":29,"column":2,"index":614},"end":{"line":29,"column":7,"index":619},"identifierName":"rules"},"name":"rules"},"computed":false,"shorthand":false,"value":{"type":"ObjectExpression","start":621,"end":1297,"loc":{"start":{"line":29,"column":9,"index":621},"end":{"line":52,"column":3,"index":1297}},"properties":[{"type":"ObjectProperty","start":627,"end":678,"loc":{"start":{"line":30,"column":4,"index":627},"end":{"line":30,"column":55,"index":678}},"method":false,"key":{"type":"StringLiteral","start":627,"end":643,"loc":{"start":{"line":30,"column":4,"index":627},"end":{"line":30,"column":20,"index":643}},"extra":{"rawValue":"no-else-return","raw":"'no-else-return'"},"value":"no-else-return"},"computed":false,"shorthand":false,"value":{"type":"ArrayExpression","start":645,"end":678,"loc":{"start":{"line":30,"column":22,"index":645},"end":{"line":30,"column":55,"index":678}},"elements":[{"type":"StringLiteral","start":646,"end":653,"loc":{"start":{"line":30,"column":23,"index":646},"end":{"line":30,"column":30,"index":653}},"extra":{"rawValue":"error","raw":"'error'"},"value":"error"},{"type":"ObjectExpression","start":655,"end":677,"loc":{"start":{"line":30,"column":32,"index":655},"end":{"line":30,"column":54,"index":677}},"properties":[{"type":"ObjectProperty","start":657,"end":675,"loc":{"start":{"line":30,"column":34,"index":657},"end":{"line":30,"column":52,"index":675}},"method":false,"key":{"type":"Identifier","start":657,"end":668,"loc":{"start":{"line":30,"column":34,"index":657},"end":{"line":30,"column":45,"index":668},"identifierName":"allowElseIf"},"name":"allowElseIf"},"computed":false,"shorthand":false,"value":{"type":"BooleanLiteral","start":670,"end":675,"loc":{"start":{"line":30,"column":47,"index":670},"end":{"line":30,"column":52,"index":675}},"value":false}}]}]}},{"type":"ObjectProperty","start":684,"end":700,"loc":{"start":{"line":31,"column":4,"index":684},"end":{"line":31,"column":20,"index":700}},"method":false,"key":{"type":"StringLiteral","start":684,"end":692,"loc":{"start":{"line":31,"column":4,"index":684},"end":{"line":31,"column":12,"index":692}},"extra":{"rawValue":"no-var","raw":"'no-var'"},"value":"no-var"},"computed":false,"shorthand":false,"value":{"type":"StringLiteral","start":694,"end":700,"loc":{"start":{"line":31,"column":14,"index":694},"end":{"line":31,"column":20,"index":700}},"extra":{"rawValue":"warn","raw":"'warn'"},"value":"warn"}},{"type":"ObjectProperty","start":706,"end":722,"loc":{"start":{"line":32,"column":4,"index":706},"end":{"line":32,"column":20,"index":722}},"method":false,"key":{"type":"StringLiteral","start":706,"end":715,"loc":{"start":{"line":32,"column":4,"index":706},"end":{"line":32,"column":13,"index":715}},"extra":{"rawValue":"one-var","raw":"'one-var'"},"value":"one-var"},"computed":false,"shorthand":false,"value":{"type":"StringLiteral","start":717,"end":722,"loc":{"start":{"line":32,"column":15,"index":717},"end":{"line":32,"column":20,"index":722}},"extra":{"rawValue":"off","raw":"'off'"},"value":"off"}},{"type":"ObjectProperty","start":728,"end":777,"loc":{"start":{"line":33,"column":4,"index":728},"end":{"line":33,"column":53,"index":777}},"method":false,"key":{"type":"StringLiteral","start":728,"end":757,"loc":{"start":{"line":33,"column":4,"index":728},"end":{"line":33,"column":33,"index":757}},"extra":{"rawValue":"space-before-function-paren","raw":"'space-before-function-paren'"},"value":"space-before-function-paren"},"computed":false,"shorthand":false,"value":{"type":"ArrayExpression","start":759,"end":777,"loc":{"start":{"line":33,"column":35,"index":759},"end":{"line":33,"column":53,"index":777}},"elements":[{"type":"StringLiteral","start":760,"end":767,"loc":{"start":{"line":33,"column":36,"index":760},"end":{"line":33,"column":43,"index":767}},"extra":{"rawValue":"error","raw":"'error'"},"value":"error"},{"type":"StringLiteral","start":769,"end":776,"loc":{"start":{"line":33,"column":45,"index":769},"end":{"line":33,"column":52,"index":776}},"extra":{"rawValue":"never","raw":"'never'"},"value":"never"}]}},{"type":"ObjectProperty","start":783,"end":794,"loc":{"start":{"line":34,"column":4,"index":783},"end":{"line":34,"column":15,"index":794}},"method":false,"key":{"type":"Identifier","start":783,"end":787,"loc":{"start":{"line":34,"column":4,"index":783},"end":{"line":34,"column":8,"index":787},"identifierName":"semi"},"name":"semi"},"computed":false,"shorthand":false,"value":{"type":"StringLiteral","start":789,"end":794,"loc":{"start":{"line":34,"column":10,"index":789},"end":{"line":34,"column":15,"index":794}},"extra":{"rawValue":"off","raw":"'off'"},"value":"off"}},{"type":"ObjectProperty","start":800,"end":846,"loc":{"start":{"line":35,"column":4,"index":800},"end":{"line":35,"column":50,"index":846}},"method":false,"key":{"type":"StringLiteral","start":800,"end":825,"loc":{"start":{"line":35,"column":4,"index":800},"end":{"line":35,"column":29,"index":825}},"extra":{"rawValue":"@typescript-eslint/semi","raw":"'@typescript-eslint/semi'"},"value":"@typescript-eslint/semi"},"computed":false,"shorthand":false,"value":{"type":"ArrayExpression","start":827,"end":846,"loc":{"start":{"line":35,"column":31,"index":827},"end":{"line":35,"column":50,"index":846}},"elements":[{"type":"StringLiteral","start":828,"end":835,"loc":{"start":{"line":35,"column":32,"index":828},"end":{"line":35,"column":39,"index":835}},"extra":{"rawValue":"error","raw":"'error'"},"value":"error"},{"type":"StringLiteral","start":837,"end":845,"loc":{"start":{"line":35,"column":41,"index":837},"end":{"line":35,"column":49,"index":845}},"extra":{"rawValue":"always","raw":"'always'"},"value":"always"}]}},{"type":"ObjectProperty","start":852,"end":1114,"loc":{"start":{"line":36,"column":4,"index":852},"end":{"line":48,"column":5,"index":1114}},"method":false,"key":{"type":"StringLiteral","start":852,"end":895,"loc":{"start":{"line":36,"column":4,"index":852},"end":{"line":36,"column":47,"index":895}},"extra":{"rawValue":"@typescript-eslint/member-delimiter-style","raw":"'@typescript-eslint/member-delimiter-style'"},"value":"@typescript-eslint/member-delimiter-style"},"computed":false,"shorthand":false,"value":{"type":"ArrayExpression","start":897,"end":1114,"loc":{"start":{"line":36,"column":49,"index":897},"end":{"line":48,"column":5,"index":1114}},"elements":[{"type":"StringLiteral","start":905,"end":912,"loc":{"start":{"line":37,"column":6,"index":905},"end":{"line":37,"column":13,"index":912}},"extra":{"rawValue":"error","raw":"'error'"},"value":"error"},{"type":"ObjectExpression","start":920,"end":1108,"loc":{"start":{"line":38,"column":6,"index":920},"end":{"line":47,"column":7,"index":1108}},"properties":[{"type":"ObjectProperty","start":930,"end":1009,"loc":{"start":{"line":39,"column":8,"index":930},"end":{"line":42,"column":9,"index":1009}},"method":false,"key":{"type":"Identifier","start":930,"end":939,"loc":{"start":{"line":39,"column":8,"index":930},"end":{"line":39,"column":17,"index":939},"identifierName":"multiline"},"name":"multiline"},"computed":false,"shorthand":false,"value":{"type":"ObjectExpression","start":941,"end":1009,"loc":{"start":{"line":39,"column":19,"index":941},"end":{"line":42,"column":9,"index":1009}},"properties":[{"type":"ObjectProperty","start":953,"end":970,"loc":{"start":{"line":40,"column":10,"index":953},"end":{"line":40,"column":27,"index":970}},"method":false,"key":{"type":"Identifier","start":953,"end":962,"loc":{"start":{"line":40,"column":10,"index":953},"end":{"line":40,"column":19,"index":962},"identifierName":"delimiter"},"name":"delimiter"},"computed":false,"shorthand":false,"value":{"type":"StringLiteral","start":964,"end":970,"loc":{"start":{"line":40,"column":21,"index":964},"end":{"line":40,"column":27,"index":970}},"extra":{"rawValue":"semi","raw":"'semi'"},"value":"semi"}},{"type":"ObjectProperty","start":982,"end":999,"loc":{"start":{"line":41,"column":10,"index":982},"end":{"line":41,"column":27,"index":999}},"method":false,"key":{"type":"Identifier","start":982,"end":993,"loc":{"start":{"line":41,"column":10,"index":982},"end":{"line":41,"column":21,"index":993},"identifierName":"requireLast"},"name":"requireLast"},"computed":false,"shorthand":false,"value":{"type":"BooleanLiteral","start":995,"end":999,"loc":{"start":{"line":41,"column":23,"index":995},"end":{"line":41,"column":27,"index":999}},"value":true}}]}},{"type":"ObjectProperty","start":1019,"end":1100,"loc":{"start":{"line":43,"column":8,"index":1019},"end":{"line":46,"column":9,"index":1100}},"method":false,"key":{"type":"Identifier","start":1019,"end":1029,"loc":{"start":{"line":43,"column":8,"index":1019},"end":{"line":43,"column":18,"index":1029},"identifierName":"singleline"},"name":"singleline"},"computed":false,"shorthand":false,"value":{"type":"ObjectExpression","start":1031,"end":1100,"loc":{"start":{"line":43,"column":20,"index":1031},"end":{"line":46,"column":9,"index":1100}},"properties":[{"type":"ObjectProperty","start":1043,"end":1060,"loc":{"start":{"line":44,"column":10,"index":1043},"end":{"line":44,"column":27,"index":1060}},"method":false,"key":{"type":"Identifier","start":1043,"end":1052,"loc":{"start":{"line":44,"column":10,"index":1043},"end":{"line":44,"column":19,"index":1052},"identifierName":"delimiter"},"name":"delimiter"},"computed":false,"shorthand":false,"value":{"type":"StringLiteral","start":1054,"end":1060,"loc":{"start":{"line":44,"column":21,"index":1054},"end":{"line":44,"column":27,"index":1060}},"extra":{"rawValue":"semi","raw":"'semi'"},"value":"semi"}},{"type":"ObjectProperty","start":1072,"end":1090,"loc":{"start":{"line":45,"column":10,"index":1072},"end":{"line":45,"column":28,"index":1090}},"method":false,"key":{"type":"Identifier","start":1072,"end":1083,"loc":{"start":{"line":45,"column":10,"index":1072},"end":{"line":45,"column":21,"index":1083},"identifierName":"requireLast"},"name":"requireLast"},"computed":false,"shorthand":false,"value":{"type":"BooleanLiteral","start":1085,"end":1090,"loc":{"start":{"line":45,"column":23,"index":1085},"end":{"line":45,"column":28,"index":1090}},"value":false}}]}}]}]}},{"type":"ObjectProperty","start":1231,"end":1258,"loc":{"start":{"line":50,"column":4,"index":1231},"end":{"line":50,"column":31,"index":1258}},"method":false,"key":{"type":"Identifier","start":1231,"end":1237,"loc":{"start":{"line":50,"column":4,"index":1231},"end":{"line":50,"column":10,"index":1237},"identifierName":"quotes"},"name":"quotes"},"computed":false,"shorthand":false,"value":{"type":"ArrayExpression","start":1239,"end":1258,"loc":{"start":{"line":50,"column":12,"index":1239},"end":{"line":50,"column":31,"index":1258}},"elements":[{"type":"StringLiteral","start":1240,"end":1247,"loc":{"start":{"line":50,"column":13,"index":1240},"end":{"line":50,"column":20,"index":1247}},"extra":{"rawValue":"error","raw":"'error'"},"value":"error"},{"type":"StringLiteral","start":1249,"end":1257,"loc":{"start":{"line":50,"column":22,"index":1249},"end":{"line":50,"column":30,"index":1257}},"extra":{"rawValue":"single","raw":"'single'"},"value":"single"}]},"leadingComments":[{"type":"CommentLine","value":" Add some \"standard\" rules by hand, as eslint-config-standard-with-typescript painful to keep up to date","start":1120,"end":1226,"loc":{"start":{"line":49,"column":4,"index":1120},"end":{"line":49,"column":110,"index":1226}}}]},{"type":"ObjectProperty","start":1264,"end":1293,"loc":{"start":{"line":51,"column":4,"index":1264},"end":{"line":51,"column":33,"index":1293}},"method":false,"key":{"type":"StringLiteral","start":1264,"end":1284,"loc":{"start":{"line":51,"column":4,"index":1264},"end":{"line":51,"column":24,"index":1284}},"extra":{"rawValue":"no-trailing-spaces","raw":"'no-trailing-spaces'"},"value":"no-trailing-spaces"},"computed":false,"shorthand":false,"value":{"type":"StringLiteral","start":1286,"end":1293,"loc":{"start":{"line":51,"column":26,"index":1286},"end":{"line":51,"column":33,"index":1293}},"extra":{"rawValue":"error","raw":"'error'"},"value":"error"}}]}}]}}],"kind":"const"},{"type":"ExpressionStatement","start":1302,"end":1550,"loc":{"start":{"line":55,"column":0,"index":1302},"end":{"line":70,"column":2,"index":1550}},"expression":{"type":"AssignmentExpression","start":1302,"end":1549,"loc":{"start":{"line":55,"column":0,"index":1302},"end":{"line":70,"column":1,"index":1549}},"operator":"=","left":{"type":"MemberExpression","start":1302,"end":1316,"loc":{"start":{"line":55,"column":0,"index":1302},"end":{"line":55,"column":14,"index":1316}},"object":{"type":"Identifier","start":1302,"end":1308,"loc":{"start":{"line":55,"column":0,"index":1302},"end":{"line":55,"column":6,"index":1308},"identifierName":"module"},"name":"module"},"computed":false,"property":{"type":"Identifier","start":1309,"end":1316,"loc":{"start":{"line":55,"column":7,"index":1309},"end":{"line":55,"column":14,"index":1316},"identifierName":"exports"},"name":"exports"}},"right":{"type":"ObjectExpression","start":1319,"end":1549,"loc":{"start":{"line":55,"column":17,"index":1319},"end":{"line":70,"column":1,"index":1549}},"properties":[{"type":"ObjectProperty","start":1323,"end":1340,"loc":{"start":{"line":56,"column":2,"index":1323},"end":{"line":56,"column":19,"index":1340}},"method":false,"key":{"type":"Identifier","start":1323,"end":1330,"loc":{"start":{"line":56,"column":2,"index":1323},"end":{"line":56,"column":9,"index":1330},"identifierName":"plugins"},"name":"plugins"},"computed":false,"shorthand":false,"value":{"type":"ArrayExpression","start":1332,"end":1340,"loc":{"start":{"line":56,"column":11,"index":1332},"end":{"line":56,"column":19,"index":1340}},"elements":[{"type":"StringLiteral","start":1333,"end":1339,"loc":{"start":{"line":56,"column":12,"index":1333},"end":{"line":56,"column":18,"index":1339}},"extra":{"rawValue":"jest","raw":"'jest'"},"value":"jest"}]}},{"type":"ObjectProperty","start":1344,"end":1383,"loc":{"start":{"line":57,"column":2,"index":1344},"end":{"line":59,"column":3,"index":1383}},"method":false,"key":{"type":"Identifier","start":1344,"end":1357,"loc":{"start":{"line":57,"column":2,"index":1344},"end":{"line":57,"column":15,"index":1357},"identifierName":"parserOptions"},"name":"parserOptions"},"computed":false,"shorthand":false,"value":{"type":"ObjectExpression","start":1359,"end":1383,"loc":{"start":{"line":57,"column":17,"index":1359},"end":{"line":59,"column":3,"index":1383}},"properties":[{"type":"ObjectProperty","start":1365,"end":1379,"loc":{"start":{"line":58,"column":4,"index":1365},"end":{"line":58,"column":18,"index":1379}},"method":false,"key":{"type":"Identifier","start":1365,"end":1376,"loc":{"start":{"line":58,"column":4,"index":1365},"end":{"line":58,"column":15,"index":1376},"identifierName":"ecmaVersion"},"name":"ecmaVersion"},"computed":false,"shorthand":false,"value":{"type":"NumericLiteral","start":1378,"end":1379,"loc":{"start":{"line":58,"column":17,"index":1378},"end":{"line":58,"column":18,"index":1379}},"extra":{"rawValue":8,"raw":"8"},"value":8}}]}},{"type":"ObjectProperty","start":1387,"end":1547,"loc":{"start":{"line":60,"column":2,"index":1387},"end":{"line":69,"column":3,"index":1547}},"method":false,"key":{"type":"Identifier","start":1387,"end":1396,"loc":{"start":{"line":60,"column":2,"index":1387},"end":{"line":60,"column":11,"index":1396},"identifierName":"overrides"},"name":"overrides"},"computed":false,"shorthand":false,"value":{"type":"ArrayExpression","start":1398,"end":1547,"loc":{"start":{"line":60,"column":13,"index":1398},"end":{"line":69,"column":3,"index":1547}},"elements":[{"type":"Identifier","start":1404,"end":1422,"loc":{"start":{"line":61,"column":4,"index":1404},"end":{"line":61,"column":22,"index":1422},"identifierName":"javascriptSettings"},"name":"javascriptSettings"},{"type":"Identifier","start":1428,"end":1446,"loc":{"start":{"line":62,"column":4,"index":1428},"end":{"line":62,"column":22,"index":1446},"identifierName":"typescriptSettings"},"name":"typescriptSettings"},{"type":"ObjectExpression","start":1452,"end":1543,"loc":{"start":{"line":63,"column":4,"index":1452},"end":{"line":68,"column":5,"index":1543}},"properties":[{"type":"ObjectProperty","start":1460,"end":1476,"loc":{"start":{"line":64,"column":6,"index":1460},"end":{"line":64,"column":22,"index":1476}},"method":false,"key":{"type":"Identifier","start":1460,"end":1465,"loc":{"start":{"line":64,"column":6,"index":1460},"end":{"line":64,"column":11,"index":1465},"identifierName":"files"},"name":"files"},"computed":false,"shorthand":false,"value":{"type":"ArrayExpression","start":1467,"end":1476,"loc":{"start":{"line":64,"column":13,"index":1467},"end":{"line":64,"column":22,"index":1476}},"elements":[{"type":"StringLiteral","start":1468,"end":1475,"loc":{"start":{"line":64,"column":14,"index":1468},"end":{"line":64,"column":21,"index":1475}},"extra":{"rawValue":"*.mjs","raw":"'*.mjs'"},"value":"*.mjs"}]}},{"type":"ObjectProperty","start":1484,"end":1537,"loc":{"start":{"line":65,"column":6,"index":1484},"end":{"line":67,"column":7,"index":1537}},"method":false,"key":{"type":"Identifier","start":1484,"end":1497,"loc":{"start":{"line":65,"column":6,"index":1484},"end":{"line":65,"column":19,"index":1497},"identifierName":"parserOptions"},"name":"parserOptions"},"computed":false,"shorthand":false,"value":{"type":"ObjectExpression","start":1499,"end":1537,"loc":{"start":{"line":65,"column":21,"index":1499},"end":{"line":67,"column":7,"index":1537}},"properties":[{"type":"ObjectProperty","start":1509,"end":1529,"loc":{"start":{"line":66,"column":8,"index":1509},"end":{"line":66,"column":28,"index":1529}},"method":false,"key":{"type":"Identifier","start":1509,"end":1519,"loc":{"start":{"line":66,"column":8,"index":1509},"end":{"line":66,"column":18,"index":1519},"identifierName":"sourceType"},"name":"sourceType"},"computed":false,"shorthand":false,"value":{"type":"StringLiteral","start":1521,"end":1529,"loc":{"start":{"line":66,"column":20,"index":1521},"end":{"line":66,"column":28,"index":1529}},"extra":{"rawValue":"module","raw":"'module'"},"value":"module"}}]}}]}]}}]}}}],"directives":[]},"comments":[{"type":"CommentLine","value":" Add some \"standard\" rules by hand, as eslint-config-standard-with-typescript painful to keep up to date","start":1120,"end":1226,"loc":{"start":{"line":49,"column":4,"index":1120},"end":{"line":49,"column":110,"index":1226}}}]}