{"type":"File","start":0,"end":754,"loc":{"start":{"line":1,"column":0,"index":0},"end":{"line":21,"column":0,"index":754}},"errors":[],"program":{"type":"Program","start":0,"end":754,"loc":{"start":{"line":1,"column":0,"index":0},"end":{"line":21,"column":0,"index":754}},"sourceType":"module","interpreter":{"type":"InterpreterDirective","start":0,"end":19,"loc":{"start":{"line":1,"column":0,"index":0},"end":{"line":1,"column":19,"index":19}},"value":"/usr/bin/env node","trailingComments":[{"type":"CommentLine","value":" This is used as an example in the README for:","start":21,"end":69,"loc":{"start":{"line":3,"column":0,"index":21},"end":{"line":3,"column":48,"index":69}}},{"type":"CommentLine","value":"    Required option","start":70,"end":91,"loc":{"start":{"line":4,"column":0,"index":70},"end":{"line":4,"column":21,"index":91}}},{"type":"CommentLine","value":"    You may specify a required (mandatory) option using `.requiredOption`.","start":92,"end":168,"loc":{"start":{"line":5,"column":0,"index":92},"end":{"line":5,"column":76,"index":168}}},{"type":"CommentLine","value":"    The option must be specified on the command line, or by having a default value.","start":169,"end":254,"loc":{"start":{"line":6,"column":0,"index":169},"end":{"line":6,"column":85,"index":254}}},{"type":"CommentLine","value":"","start":255,"end":257,"loc":{"start":{"line":7,"column":0,"index":255},"end":{"line":7,"column":2,"index":257}}},{"type":"CommentLine","value":" Example output pretending command called pizza (or try directly with `node options-required.js`)","start":258,"end":357,"loc":{"start":{"line":8,"column":0,"index":258},"end":{"line":8,"column":99,"index":357}}},{"type":"CommentLine","value":"","start":358,"end":360,"loc":{"start":{"line":9,"column":0,"index":358},"end":{"line":9,"column":2,"index":360}}},{"type":"CommentLine","value":" $ pizza","start":361,"end":371,"loc":{"start":{"line":10,"column":0,"index":361},"end":{"line":10,"column":10,"index":371}}},{"type":"CommentLine","value":" error: required option '-c, --cheese <identifierDescription>' not specified","start":372,"end":450,"loc":{"start":{"line":11,"column":0,"index":372},"end":{"line":11,"column":78,"index":450}}},{"type":"CommentLine","value":" const commander = require('commander'); // (normal include)","start":452,"end":514,"loc":{"start":{"line":13,"column":0,"index":452},"end":{"line":13,"column":62,"index":514}}}]},"body":[{"type":"VariableDeclaration","start":515,"end":548,"loc":{"start":{"line":14,"column":0,"index":515},"end":{"line":14,"column":33,"index":548}},"declarations":[{"type":"VariableDeclarator","start":521,"end":547,"loc":{"start":{"line":14,"column":6,"index":521},"end":{"line":14,"column":32,"index":547}},"id":{"type":"Identifier","start":521,"end":530,"loc":{"start":{"line":14,"column":6,"index":521},"end":{"line":14,"column":15,"index":530},"identifierName":"commander"},"name":"commander"},"init":{"type":"CallExpression","start":533,"end":547,"loc":{"start":{"line":14,"column":18,"index":533},"end":{"line":14,"column":32,"index":547}},"callee":{"type":"Identifier","start":533,"end":540,"loc":{"start":{"line":14,"column":18,"index":533},"end":{"line":14,"column":25,"index":540},"identifierName":"require"},"name":"require"},"arguments":[{"type":"StringLiteral","start":541,"end":546,"loc":{"start":{"line":14,"column":26,"index":541},"end":{"line":14,"column":31,"index":546}},"extra":{"rawValue":"../","raw":"'../'"},"value":"../"}]}}],"kind":"const","trailingComments":[{"type":"CommentLine","value":" include commander in git clone of commander repo","start":549,"end":600,"loc":{"start":{"line":14,"column":34,"index":549},"end":{"line":14,"column":85,"index":600}}}],"leadingComments":[{"type":"CommentLine","value":" This is used as an example in the README for:","start":21,"end":69,"loc":{"start":{"line":3,"column":0,"index":21},"end":{"line":3,"column":48,"index":69}}},{"type":"CommentLine","value":"    Required option","start":70,"end":91,"loc":{"start":{"line":4,"column":0,"index":70},"end":{"line":4,"column":21,"index":91}}},{"type":"CommentLine","value":"    You may specify a required (mandatory) option using `.requiredOption`.","start":92,"end":168,"loc":{"start":{"line":5,"column":0,"index":92},"end":{"line":5,"column":76,"index":168}}},{"type":"CommentLine","value":"    The option must be specified on the command line, or by having a default value.","start":169,"end":254,"loc":{"start":{"line":6,"column":0,"index":169},"end":{"line":6,"column":85,"index":254}}},{"type":"CommentLine","value":"","start":255,"end":257,"loc":{"start":{"line":7,"column":0,"index":255},"end":{"line":7,"column":2,"index":257}}},{"type":"CommentLine","value":" Example output pretending command called pizza (or try directly with `node options-required.js`)","start":258,"end":357,"loc":{"start":{"line":8,"column":0,"index":258},"end":{"line":8,"column":99,"index":357}}},{"type":"CommentLine","value":"","start":358,"end":360,"loc":{"start":{"line":9,"column":0,"index":358},"end":{"line":9,"column":2,"index":360}}},{"type":"CommentLine","value":" $ pizza","start":361,"end":371,"loc":{"start":{"line":10,"column":0,"index":361},"end":{"line":10,"column":10,"index":371}}},{"type":"CommentLine","value":" error: required option '-c, --cheese <identifierDescription>' not specified","start":372,"end":450,"loc":{"start":{"line":11,"column":0,"index":372},"end":{"line":11,"column":78,"index":450}}},{"type":"CommentLine","value":" const commander = require('commander'); // (normal include)","start":452,"end":514,"loc":{"start":{"line":13,"column":0,"index":452},"end":{"line":13,"column":62,"index":514}}}]},{"type":"VariableDeclaration","start":601,"end":641,"loc":{"start":{"line":15,"column":0,"index":601},"end":{"line":15,"column":40,"index":641}},"declarations":[{"type":"VariableDeclarator","start":607,"end":640,"loc":{"start":{"line":15,"column":6,"index":607},"end":{"line":15,"column":39,"index":640}},"id":{"type":"Identifier","start":607,"end":614,"loc":{"start":{"line":15,"column":6,"index":607},"end":{"line":15,"column":13,"index":614},"identifierName":"program"},"name":"program"},"init":{"type":"NewExpression","start":617,"end":640,"loc":{"start":{"line":15,"column":16,"index":617},"end":{"line":15,"column":39,"index":640}},"callee":{"type":"MemberExpression","start":621,"end":638,"loc":{"start":{"line":15,"column":20,"index":621},"end":{"line":15,"column":37,"index":638}},"object":{"type":"Identifier","start":621,"end":630,"loc":{"start":{"line":15,"column":20,"index":621},"end":{"line":15,"column":29,"index":630},"identifierName":"commander"},"name":"commander"},"computed":false,"property":{"type":"Identifier","start":631,"end":638,"loc":{"start":{"line":15,"column":30,"index":631},"end":{"line":15,"column":37,"index":638},"identifierName":"Command"},"name":"Command"}},"arguments":[]}}],"kind":"const","leadingComments":[{"type":"CommentLine","value":" include commander in git clone of commander repo","start":549,"end":600,"loc":{"start":{"line":14,"column":34,"index":549},"end":{"line":14,"column":85,"index":600}}}]},{"type":"ExpressionStatement","start":643,"end":735,"loc":{"start":{"line":17,"column":0,"index":643},"end":{"line":18,"column":84,"index":735}},"expression":{"type":"CallExpression","start":643,"end":734,"loc":{"start":{"line":17,"column":0,"index":643},"end":{"line":18,"column":83,"index":734}},"callee":{"type":"MemberExpression","start":643,"end":668,"loc":{"start":{"line":17,"column":0,"index":643},"end":{"line":18,"column":17,"index":668}},"object":{"type":"Identifier","start":643,"end":650,"loc":{"start":{"line":17,"column":0,"index":643},"end":{"line":17,"column":7,"index":650},"identifierName":"program"},"name":"program"},"computed":false,"property":{"type":"Identifier","start":654,"end":668,"loc":{"start":{"line":18,"column":3,"index":654},"end":{"line":18,"column":17,"index":668},"identifierName":"requiredOption"},"name":"requiredOption"}},"arguments":[{"type":"StringLiteral","start":669,"end":707,"loc":{"start":{"line":18,"column":18,"index":669},"end":{"line":18,"column":56,"index":707}},"extra":{"rawValue":"-c, --cheese <identifierDescription>","raw":"'-c, --cheese <identifierDescription>'"},"value":"-c, --cheese <identifierDescription>"},{"type":"StringLiteral","start":709,"end":733,"loc":{"start":{"line":18,"column":58,"index":709},"end":{"line":18,"column":82,"index":733}},"extra":{"rawValue":"pizza must have cheese","raw":"'pizza must have cheese'"},"value":"pizza must have cheese"}]}},{"type":"ExpressionStatement","start":737,"end":753,"loc":{"start":{"line":20,"column":0,"index":737},"end":{"line":20,"column":16,"index":753}},"expression":{"type":"CallExpression","start":737,"end":752,"loc":{"start":{"line":20,"column":0,"index":737},"end":{"line":20,"column":15,"index":752}},"callee":{"type":"MemberExpression","start":737,"end":750,"loc":{"start":{"line":20,"column":0,"index":737},"end":{"line":20,"column":13,"index":750}},"object":{"type":"Identifier","start":737,"end":744,"loc":{"start":{"line":20,"column":0,"index":737},"end":{"line":20,"column":7,"index":744},"identifierName":"program"},"name":"program"},"computed":false,"property":{"type":"Identifier","start":745,"end":750,"loc":{"start":{"line":20,"column":8,"index":745},"end":{"line":20,"column":13,"index":750},"identifierName":"parse"},"name":"parse"}},"arguments":[]}}],"directives":[]},"comments":[{"type":"CommentLine","value":" This is used as an example in the README for:","start":21,"end":69,"loc":{"start":{"line":3,"column":0,"index":21},"end":{"line":3,"column":48,"index":69}}},{"type":"CommentLine","value":"    Required option","start":70,"end":91,"loc":{"start":{"line":4,"column":0,"index":70},"end":{"line":4,"column":21,"index":91}}},{"type":"CommentLine","value":"    You may specify a required (mandatory) option using `.requiredOption`.","start":92,"end":168,"loc":{"start":{"line":5,"column":0,"index":92},"end":{"line":5,"column":76,"index":168}}},{"type":"CommentLine","value":"    The option must be specified on the command line, or by having a default value.","start":169,"end":254,"loc":{"start":{"line":6,"column":0,"index":169},"end":{"line":6,"column":85,"index":254}}},{"type":"CommentLine","value":"","start":255,"end":257,"loc":{"start":{"line":7,"column":0,"index":255},"end":{"line":7,"column":2,"index":257}}},{"type":"CommentLine","value":" Example output pretending command called pizza (or try directly with `node options-required.js`)","start":258,"end":357,"loc":{"start":{"line":8,"column":0,"index":258},"end":{"line":8,"column":99,"index":357}}},{"type":"CommentLine","value":"","start":358,"end":360,"loc":{"start":{"line":9,"column":0,"index":358},"end":{"line":9,"column":2,"index":360}}},{"type":"CommentLine","value":" $ pizza","start":361,"end":371,"loc":{"start":{"line":10,"column":0,"index":361},"end":{"line":10,"column":10,"index":371}}},{"type":"CommentLine","value":" error: required option '-c, --cheese <identifierDescription>' not specified","start":372,"end":450,"loc":{"start":{"line":11,"column":0,"index":372},"end":{"line":11,"column":78,"index":450}}},{"type":"CommentLine","value":" const commander = require('commander'); // (normal include)","start":452,"end":514,"loc":{"start":{"line":13,"column":0,"index":452},"end":{"line":13,"column":62,"index":514}}},{"type":"CommentLine","value":" include commander in git clone of commander repo","start":549,"end":600,"loc":{"start":{"line":14,"column":34,"index":549},"end":{"line":14,"column":85,"index":600}}}]}