{"type":"File","start":0,"end":925,"loc":{"start":{"line":1,"column":0,"index":0},"end":{"line":25,"column":0,"index":925}},"errors":[],"program":{"type":"Program","start":0,"end":925,"loc":{"start":{"line":1,"column":0,"index":0},"end":{"line":25,"column":0,"index":925}},"sourceType":"module","interpreter":{"type":"InterpreterDirective","start":0,"end":19,"loc":{"start":{"line":1,"column":0,"index":0},"end":{"line":1,"column":19,"index":19}},"value":"/usr/bin/env node","trailingComments":[{"type":"CommentLine","value":" This is used as an example in the README for:","start":21,"end":69,"loc":{"start":{"line":3,"column":0,"index":21},"end":{"line":3,"column":48,"index":69}}},{"type":"CommentLine","value":"    Other option types, flag|value","start":70,"end":106,"loc":{"start":{"line":4,"column":0,"index":70},"end":{"line":4,"column":36,"index":106}}},{"type":"CommentLine","value":"    You can specify an option which functions as a flag but may also take a value (declared using square brackets).","start":107,"end":224,"loc":{"start":{"line":5,"column":0,"index":107},"end":{"line":5,"column":117,"index":224}}},{"type":"CommentLine","value":" const commander = require('commander'); // (normal include)","start":226,"end":288,"loc":{"start":{"line":7,"column":0,"index":226},"end":{"line":7,"column":62,"index":288}}}]},"body":[{"type":"VariableDeclaration","start":289,"end":322,"loc":{"start":{"line":8,"column":0,"index":289},"end":{"line":8,"column":33,"index":322}},"declarations":[{"type":"VariableDeclarator","start":295,"end":321,"loc":{"start":{"line":8,"column":6,"index":295},"end":{"line":8,"column":32,"index":321}},"id":{"type":"Identifier","start":295,"end":304,"loc":{"start":{"line":8,"column":6,"index":295},"end":{"line":8,"column":15,"index":304},"identifierName":"commander"},"name":"commander"},"init":{"type":"CallExpression","start":307,"end":321,"loc":{"start":{"line":8,"column":18,"index":307},"end":{"line":8,"column":32,"index":321}},"callee":{"type":"Identifier","start":307,"end":314,"loc":{"start":{"line":8,"column":18,"index":307},"end":{"line":8,"column":25,"index":314},"identifierName":"require"},"name":"require"},"arguments":[{"type":"StringLiteral","start":315,"end":320,"loc":{"start":{"line":8,"column":26,"index":315},"end":{"line":8,"column":31,"index":320}},"extra":{"rawValue":"../","raw":"'../'"},"value":"../"}]}}],"kind":"const","trailingComments":[{"type":"CommentLine","value":" include commander in git clone of commander repo","start":323,"end":374,"loc":{"start":{"line":8,"column":34,"index":323},"end":{"line":8,"column":85,"index":374}}}],"leadingComments":[{"type":"CommentLine","value":" This is used as an example in the README for:","start":21,"end":69,"loc":{"start":{"line":3,"column":0,"index":21},"end":{"line":3,"column":48,"index":69}}},{"type":"CommentLine","value":"    Other option types, flag|value","start":70,"end":106,"loc":{"start":{"line":4,"column":0,"index":70},"end":{"line":4,"column":36,"index":106}}},{"type":"CommentLine","value":"    You can specify an option which functions as a flag but may also take a value (declared using square brackets).","start":107,"end":224,"loc":{"start":{"line":5,"column":0,"index":107},"end":{"line":5,"column":117,"index":224}}},{"type":"CommentLine","value":" const commander = require('commander'); // (normal include)","start":226,"end":288,"loc":{"start":{"line":7,"column":0,"index":226},"end":{"line":7,"column":62,"index":288}}}]},{"type":"VariableDeclaration","start":375,"end":415,"loc":{"start":{"line":9,"column":0,"index":375},"end":{"line":9,"column":40,"index":415}},"declarations":[{"type":"VariableDeclarator","start":381,"end":414,"loc":{"start":{"line":9,"column":6,"index":381},"end":{"line":9,"column":39,"index":414}},"id":{"type":"Identifier","start":381,"end":388,"loc":{"start":{"line":9,"column":6,"index":381},"end":{"line":9,"column":13,"index":388},"identifierName":"program"},"name":"program"},"init":{"type":"NewExpression","start":391,"end":414,"loc":{"start":{"line":9,"column":16,"index":391},"end":{"line":9,"column":39,"index":414}},"callee":{"type":"MemberExpression","start":395,"end":412,"loc":{"start":{"line":9,"column":20,"index":395},"end":{"line":9,"column":37,"index":412}},"object":{"type":"Identifier","start":395,"end":404,"loc":{"start":{"line":9,"column":20,"index":395},"end":{"line":9,"column":29,"index":404},"identifierName":"commander"},"name":"commander"},"computed":false,"property":{"type":"Identifier","start":405,"end":412,"loc":{"start":{"line":9,"column":30,"index":405},"end":{"line":9,"column":37,"index":412},"identifierName":"Command"},"name":"Command"}},"arguments":[]}}],"kind":"const","leadingComments":[{"type":"CommentLine","value":" include commander in git clone of commander repo","start":323,"end":374,"loc":{"start":{"line":8,"column":34,"index":323},"end":{"line":8,"column":85,"index":374}}}]},{"type":"ExpressionStatement","start":417,"end":525,"loc":{"start":{"line":11,"column":0,"index":417},"end":{"line":12,"column":100,"index":525}},"expression":{"type":"CallExpression","start":417,"end":524,"loc":{"start":{"line":11,"column":0,"index":417},"end":{"line":12,"column":99,"index":524}},"callee":{"type":"MemberExpression","start":417,"end":434,"loc":{"start":{"line":11,"column":0,"index":417},"end":{"line":12,"column":9,"index":434}},"object":{"type":"Identifier","start":417,"end":424,"loc":{"start":{"line":11,"column":0,"index":417},"end":{"line":11,"column":7,"index":424},"identifierName":"program"},"name":"program"},"computed":false,"property":{"type":"Identifier","start":428,"end":434,"loc":{"start":{"line":12,"column":3,"index":428},"end":{"line":12,"column":9,"index":434},"identifierName":"option"},"name":"option"}},"arguments":[{"type":"StringLiteral","start":435,"end":473,"loc":{"start":{"line":12,"column":10,"index":435},"end":{"line":12,"column":48,"index":473}},"extra":{"rawValue":"-c, --cheese [identifierDescription]","raw":"'-c, --cheese [identifierDescription]'"},"value":"-c, --cheese [identifierDescription]"},{"type":"StringLiteral","start":475,"end":523,"loc":{"start":{"line":12,"column":50,"index":475},"end":{"line":12,"column":98,"index":523}},"extra":{"rawValue":"Add cheese with optional identifierDescription","raw":"'Add cheese with optional identifierDescription'"},"value":"Add cheese with optional identifierDescription"}]}},{"type":"ExpressionStatement","start":527,"end":555,"loc":{"start":{"line":14,"column":0,"index":527},"end":{"line":14,"column":28,"index":555}},"expression":{"type":"CallExpression","start":527,"end":554,"loc":{"start":{"line":14,"column":0,"index":527},"end":{"line":14,"column":27,"index":554}},"callee":{"type":"MemberExpression","start":527,"end":540,"loc":{"start":{"line":14,"column":0,"index":527},"end":{"line":14,"column":13,"index":540}},"object":{"type":"Identifier","start":527,"end":534,"loc":{"start":{"line":14,"column":0,"index":527},"end":{"line":14,"column":7,"index":534},"identifierName":"program"},"name":"program"},"computed":false,"property":{"type":"Identifier","start":535,"end":540,"loc":{"start":{"line":14,"column":8,"index":535},"end":{"line":14,"column":13,"index":540},"identifierName":"parse"},"name":"parse"}},"arguments":[{"type":"MemberExpression","start":541,"end":553,"loc":{"start":{"line":14,"column":14,"index":541},"end":{"line":14,"column":26,"index":553}},"object":{"type":"Identifier","start":541,"end":548,"loc":{"start":{"line":14,"column":14,"index":541},"end":{"line":14,"column":21,"index":548},"identifierName":"process"},"name":"process"},"computed":false,"property":{"type":"Identifier","start":549,"end":553,"loc":{"start":{"line":14,"column":22,"index":549},"end":{"line":14,"column":26,"index":553},"identifierName":"argv"},"name":"argv"}}]}},{"type":"VariableDeclaration","start":557,"end":588,"loc":{"start":{"line":16,"column":0,"index":557},"end":{"line":16,"column":31,"index":588}},"declarations":[{"type":"VariableDeclarator","start":563,"end":587,"loc":{"start":{"line":16,"column":6,"index":563},"end":{"line":16,"column":30,"index":587}},"id":{"type":"Identifier","start":563,"end":570,"loc":{"start":{"line":16,"column":6,"index":563},"end":{"line":16,"column":13,"index":570},"identifierName":"options"},"name":"options"},"init":{"type":"CallExpression","start":573,"end":587,"loc":{"start":{"line":16,"column":16,"index":573},"end":{"line":16,"column":30,"index":587}},"callee":{"type":"MemberExpression","start":573,"end":585,"loc":{"start":{"line":16,"column":16,"index":573},"end":{"line":16,"column":28,"index":585}},"object":{"type":"Identifier","start":573,"end":580,"loc":{"start":{"line":16,"column":16,"index":573},"end":{"line":16,"column":23,"index":580},"identifierName":"program"},"name":"program"},"computed":false,"property":{"type":"Identifier","start":581,"end":585,"loc":{"start":{"line":16,"column":24,"index":581},"end":{"line":16,"column":28,"index":585},"identifierName":"opts"},"name":"opts"}},"arguments":[]}}],"kind":"const"},{"type":"IfStatement","start":589,"end":764,"loc":{"start":{"line":17,"column":0,"index":589},"end":{"line":19,"column":54,"index":764}},"test":{"type":"BinaryExpression","start":593,"end":621,"loc":{"start":{"line":17,"column":4,"index":593},"end":{"line":17,"column":32,"index":621}},"left":{"type":"MemberExpression","start":593,"end":607,"loc":{"start":{"line":17,"column":4,"index":593},"end":{"line":17,"column":18,"index":607}},"object":{"type":"Identifier","start":593,"end":600,"loc":{"start":{"line":17,"column":4,"index":593},"end":{"line":17,"column":11,"index":600},"identifierName":"options"},"name":"options"},"computed":false,"property":{"type":"Identifier","start":601,"end":607,"loc":{"start":{"line":17,"column":12,"index":601},"end":{"line":17,"column":18,"index":607},"identifierName":"cheese"},"name":"cheese"}},"operator":"===","right":{"type":"Identifier","start":612,"end":621,"loc":{"start":{"line":17,"column":23,"index":612},"end":{"line":17,"column":32,"index":621},"identifierName":"undefined"},"name":"undefined"}},"consequent":{"type":"ExpressionStatement","start":623,"end":648,"loc":{"start":{"line":17,"column":34,"index":623},"end":{"line":17,"column":59,"index":648}},"expression":{"type":"CallExpression","start":623,"end":647,"loc":{"start":{"line":17,"column":34,"index":623},"end":{"line":17,"column":58,"index":647}},"callee":{"type":"MemberExpression","start":623,"end":634,"loc":{"start":{"line":17,"column":34,"index":623},"end":{"line":17,"column":45,"index":634}},"object":{"type":"Identifier","start":623,"end":630,"loc":{"start":{"line":17,"column":34,"index":623},"end":{"line":17,"column":41,"index":630},"identifierName":"console"},"name":"console"},"computed":false,"property":{"type":"Identifier","start":631,"end":634,"loc":{"start":{"line":17,"column":42,"index":631},"end":{"line":17,"column":45,"index":634},"identifierName":"log"},"name":"log"}},"arguments":[{"type":"StringLiteral","start":635,"end":646,"loc":{"start":{"line":17,"column":46,"index":635},"end":{"line":17,"column":57,"index":646}},"extra":{"rawValue":"no cheese","raw":"'no cheese'"},"value":"no cheese"}]}},"alternate":{"type":"IfStatement","start":654,"end":764,"loc":{"start":{"line":18,"column":5,"index":654},"end":{"line":19,"column":54,"index":764}},"test":{"type":"BinaryExpression","start":658,"end":681,"loc":{"start":{"line":18,"column":9,"index":658},"end":{"line":18,"column":32,"index":681}},"left":{"type":"MemberExpression","start":658,"end":672,"loc":{"start":{"line":18,"column":9,"index":658},"end":{"line":18,"column":23,"index":672}},"object":{"type":"Identifier","start":658,"end":665,"loc":{"start":{"line":18,"column":9,"index":658},"end":{"line":18,"column":16,"index":665},"identifierName":"options"},"name":"options"},"computed":false,"property":{"type":"Identifier","start":666,"end":672,"loc":{"start":{"line":18,"column":17,"index":666},"end":{"line":18,"column":23,"index":672},"identifierName":"cheese"},"name":"cheese"}},"operator":"===","right":{"type":"BooleanLiteral","start":677,"end":681,"loc":{"start":{"line":18,"column":28,"index":677},"end":{"line":18,"column":32,"index":681}},"value":true}},"consequent":{"type":"ExpressionStatement","start":683,"end":709,"loc":{"start":{"line":18,"column":34,"index":683},"end":{"line":18,"column":60,"index":709}},"expression":{"type":"CallExpression","start":683,"end":708,"loc":{"start":{"line":18,"column":34,"index":683},"end":{"line":18,"column":59,"index":708}},"callee":{"type":"MemberExpression","start":683,"end":694,"loc":{"start":{"line":18,"column":34,"index":683},"end":{"line":18,"column":45,"index":694}},"object":{"type":"Identifier","start":683,"end":690,"loc":{"start":{"line":18,"column":34,"index":683},"end":{"line":18,"column":41,"index":690},"identifierName":"console"},"name":"console"},"computed":false,"property":{"type":"Identifier","start":691,"end":694,"loc":{"start":{"line":18,"column":42,"index":691},"end":{"line":18,"column":45,"index":694},"identifierName":"log"},"name":"log"}},"arguments":[{"type":"StringLiteral","start":695,"end":707,"loc":{"start":{"line":18,"column":46,"index":695},"end":{"line":18,"column":58,"index":707}},"extra":{"rawValue":"add cheese","raw":"'add cheese'"},"value":"add cheese"}]}},"alternate":{"type":"ExpressionStatement","start":715,"end":764,"loc":{"start":{"line":19,"column":5,"index":715},"end":{"line":19,"column":54,"index":764}},"expression":{"type":"CallExpression","start":715,"end":763,"loc":{"start":{"line":19,"column":5,"index":715},"end":{"line":19,"column":53,"index":763}},"callee":{"type":"MemberExpression","start":715,"end":726,"loc":{"start":{"line":19,"column":5,"index":715},"end":{"line":19,"column":16,"index":726}},"object":{"type":"Identifier","start":715,"end":722,"loc":{"start":{"line":19,"column":5,"index":715},"end":{"line":19,"column":12,"index":722},"identifierName":"console"},"name":"console"},"computed":false,"property":{"type":"Identifier","start":723,"end":726,"loc":{"start":{"line":19,"column":13,"index":723},"end":{"line":19,"column":16,"index":726},"identifierName":"log"},"name":"log"}},"arguments":[{"type":"TemplateLiteral","start":727,"end":762,"loc":{"start":{"line":19,"column":17,"index":727},"end":{"line":19,"column":52,"index":762}},"expressions":[{"type":"MemberExpression","start":746,"end":760,"loc":{"start":{"line":19,"column":36,"index":746},"end":{"line":19,"column":50,"index":760}},"object":{"type":"Identifier","start":746,"end":753,"loc":{"start":{"line":19,"column":36,"index":746},"end":{"line":19,"column":43,"index":753},"identifierName":"options"},"name":"options"},"computed":false,"property":{"type":"Identifier","start":754,"end":760,"loc":{"start":{"line":19,"column":44,"index":754},"end":{"line":19,"column":50,"index":760},"identifierName":"cheese"},"name":"cheese"}}],"quasis":[{"type":"TemplateElement","start":728,"end":744,"loc":{"start":{"line":19,"column":18,"index":728},"end":{"line":19,"column":34,"index":744}},"value":{"raw":"add cheese type ","cooked":"add cheese type "},"tail":false},{"type":"TemplateElement","start":761,"end":761,"loc":{"start":{"line":19,"column":51,"index":761},"end":{"line":19,"column":51,"index":761}},"value":{"raw":"","cooked":""},"tail":true}]}]}}},"trailingComments":[{"type":"CommentLine","value":" Try the following:","start":766,"end":787,"loc":{"start":{"line":21,"column":0,"index":766},"end":{"line":21,"column":21,"index":787}}},{"type":"CommentLine","value":"    node options-boolean-or-value","start":788,"end":823,"loc":{"start":{"line":22,"column":0,"index":788},"end":{"line":22,"column":35,"index":823}}},{"type":"CommentLine","value":"    node options-boolean-or-value --cheese","start":824,"end":868,"loc":{"start":{"line":23,"column":0,"index":824},"end":{"line":23,"column":44,"index":868}}},{"type":"CommentLine","value":"    node options-boolean-or-value --cheese mozzarella","start":869,"end":924,"loc":{"start":{"line":24,"column":0,"index":869},"end":{"line":24,"column":55,"index":924}}}]}],"directives":[]},"comments":[{"type":"CommentLine","value":" This is used as an example in the README for:","start":21,"end":69,"loc":{"start":{"line":3,"column":0,"index":21},"end":{"line":3,"column":48,"index":69}}},{"type":"CommentLine","value":"    Other option types, flag|value","start":70,"end":106,"loc":{"start":{"line":4,"column":0,"index":70},"end":{"line":4,"column":36,"index":106}}},{"type":"CommentLine","value":"    You can specify an option which functions as a flag but may also take a value (declared using square brackets).","start":107,"end":224,"loc":{"start":{"line":5,"column":0,"index":107},"end":{"line":5,"column":117,"index":224}}},{"type":"CommentLine","value":" const commander = require('commander'); // (normal include)","start":226,"end":288,"loc":{"start":{"line":7,"column":0,"index":226},"end":{"line":7,"column":62,"index":288}}},{"type":"CommentLine","value":" include commander in git clone of commander repo","start":323,"end":374,"loc":{"start":{"line":8,"column":34,"index":323},"end":{"line":8,"column":85,"index":374}}},{"type":"CommentLine","value":" Try the following:","start":766,"end":787,"loc":{"start":{"line":21,"column":0,"index":766},"end":{"line":21,"column":21,"index":787}}},{"type":"CommentLine","value":"    node options-boolean-or-value","start":788,"end":823,"loc":{"start":{"line":22,"column":0,"index":788},"end":{"line":22,"column":35,"index":823}}},{"type":"CommentLine","value":"    node options-boolean-or-value --cheese","start":824,"end":868,"loc":{"start":{"line":23,"column":0,"index":824},"end":{"line":23,"column":44,"index":868}}},{"type":"CommentLine","value":"    node options-boolean-or-value --cheese mozzarella","start":869,"end":924,"loc":{"start":{"line":24,"column":0,"index":869},"end":{"line":24,"column":55,"index":924}}}]}