{"type":"File","start":0,"end":878,"loc":{"start":{"line":1,"column":0,"index":0},"end":{"line":24,"column":0,"index":878}},"errors":[],"program":{"type":"Program","start":0,"end":878,"loc":{"start":{"line":1,"column":0,"index":0},"end":{"line":24,"column":0,"index":878}},"sourceType":"module","interpreter":{"type":"InterpreterDirective","start":0,"end":19,"loc":{"start":{"line":1,"column":0,"index":0},"end":{"line":1,"column":19,"index":19}},"value":"/usr/bin/env node","trailingComments":[{"type":"CommentLine","value":" This is used as an example in the README for extra option features.","start":21,"end":91,"loc":{"start":{"line":3,"column":0,"index":21},"end":{"line":3,"column":70,"index":91}}},{"type":"CommentLine","value":" See also options-env.js for more extensive env examples.","start":92,"end":151,"loc":{"start":{"line":4,"column":0,"index":92},"end":{"line":4,"column":59,"index":151}}},{"type":"CommentLine","value":" const { Command, Option } = require('commander'); // (normal include)","start":153,"end":225,"loc":{"start":{"line":6,"column":0,"index":153},"end":{"line":6,"column":72,"index":225}}}]},"body":[{"type":"VariableDeclaration","start":226,"end":269,"loc":{"start":{"line":7,"column":0,"index":226},"end":{"line":7,"column":43,"index":269}},"declarations":[{"type":"VariableDeclarator","start":232,"end":268,"loc":{"start":{"line":7,"column":6,"index":232},"end":{"line":7,"column":42,"index":268}},"id":{"type":"ObjectPattern","start":232,"end":251,"loc":{"start":{"line":7,"column":6,"index":232},"end":{"line":7,"column":25,"index":251}},"properties":[{"type":"ObjectProperty","start":234,"end":241,"loc":{"start":{"line":7,"column":8,"index":234},"end":{"line":7,"column":15,"index":241}},"key":{"type":"Identifier","start":234,"end":241,"loc":{"start":{"line":7,"column":8,"index":234},"end":{"line":7,"column":15,"index":241},"identifierName":"Command"},"name":"Command"},"computed":false,"method":false,"shorthand":true,"value":{"type":"Identifier","start":234,"end":241,"loc":{"start":{"line":7,"column":8,"index":234},"end":{"line":7,"column":15,"index":241},"identifierName":"Command"},"name":"Command"},"extra":{"shorthand":true}},{"type":"ObjectProperty","start":243,"end":249,"loc":{"start":{"line":7,"column":17,"index":243},"end":{"line":7,"column":23,"index":249}},"key":{"type":"Identifier","start":243,"end":249,"loc":{"start":{"line":7,"column":17,"index":243},"end":{"line":7,"column":23,"index":249},"identifierName":"Option"},"name":"Option"},"computed":false,"method":false,"shorthand":true,"value":{"type":"Identifier","start":243,"end":249,"loc":{"start":{"line":7,"column":17,"index":243},"end":{"line":7,"column":23,"index":249},"identifierName":"Option"},"name":"Option"},"extra":{"shorthand":true}}]},"init":{"type":"CallExpression","start":254,"end":268,"loc":{"start":{"line":7,"column":28,"index":254},"end":{"line":7,"column":42,"index":268}},"callee":{"type":"Identifier","start":254,"end":261,"loc":{"start":{"line":7,"column":28,"index":254},"end":{"line":7,"column":35,"index":261},"identifierName":"require"},"name":"require"},"arguments":[{"type":"StringLiteral","start":262,"end":267,"loc":{"start":{"line":7,"column":36,"index":262},"end":{"line":7,"column":41,"index":267}},"extra":{"rawValue":"../","raw":"'../'"},"value":"../"}]}}],"kind":"const","trailingComments":[{"type":"CommentLine","value":" include commander in git clone of commander repo","start":270,"end":321,"loc":{"start":{"line":7,"column":44,"index":270},"end":{"line":7,"column":95,"index":321}}}],"leadingComments":[{"type":"CommentLine","value":" This is used as an example in the README for extra option features.","start":21,"end":91,"loc":{"start":{"line":3,"column":0,"index":21},"end":{"line":3,"column":70,"index":91}}},{"type":"CommentLine","value":" See also options-env.js for more extensive env examples.","start":92,"end":151,"loc":{"start":{"line":4,"column":0,"index":92},"end":{"line":4,"column":59,"index":151}}},{"type":"CommentLine","value":" const { Command, Option } = require('commander'); // (normal include)","start":153,"end":225,"loc":{"start":{"line":6,"column":0,"index":153},"end":{"line":6,"column":72,"index":225}}}]},{"type":"VariableDeclaration","start":322,"end":352,"loc":{"start":{"line":8,"column":0,"index":322},"end":{"line":8,"column":30,"index":352}},"declarations":[{"type":"VariableDeclarator","start":328,"end":351,"loc":{"start":{"line":8,"column":6,"index":328},"end":{"line":8,"column":29,"index":351}},"id":{"type":"Identifier","start":328,"end":335,"loc":{"start":{"line":8,"column":6,"index":328},"end":{"line":8,"column":13,"index":335},"identifierName":"program"},"name":"program"},"init":{"type":"NewExpression","start":338,"end":351,"loc":{"start":{"line":8,"column":16,"index":338},"end":{"line":8,"column":29,"index":351}},"callee":{"type":"Identifier","start":342,"end":349,"loc":{"start":{"line":8,"column":20,"index":342},"end":{"line":8,"column":27,"index":349},"identifierName":"Command"},"name":"Command"},"arguments":[]}}],"kind":"const","leadingComments":[{"type":"CommentLine","value":" include commander in git clone of commander repo","start":270,"end":321,"loc":{"start":{"line":7,"column":44,"index":270},"end":{"line":7,"column":95,"index":321}}}]},{"type":"ExpressionStatement","start":354,"end":690,"loc":{"start":{"line":10,"column":0,"index":354},"end":{"line":14,"column":75,"index":690}},"expression":{"type":"CallExpression","start":354,"end":689,"loc":{"start":{"line":10,"column":0,"index":354},"end":{"line":14,"column":74,"index":689}},"callee":{"type":"MemberExpression","start":354,"end":627,"loc":{"start":{"line":10,"column":0,"index":354},"end":{"line":14,"column":12,"index":627}},"object":{"type":"CallExpression","start":354,"end":614,"loc":{"start":{"line":10,"column":0,"index":354},"end":{"line":13,"column":102,"index":614}},"callee":{"type":"MemberExpression","start":354,"end":524,"loc":{"start":{"line":10,"column":0,"index":354},"end":{"line":13,"column":12,"index":524}},"object":{"type":"CallExpression","start":354,"end":511,"loc":{"start":{"line":10,"column":0,"index":354},"end":{"line":12,"column":97,"index":511}},"callee":{"type":"MemberExpression","start":354,"end":426,"loc":{"start":{"line":10,"column":0,"index":354},"end":{"line":12,"column":12,"index":426}},"object":{"type":"CallExpression","start":354,"end":413,"loc":{"start":{"line":10,"column":0,"index":354},"end":{"line":11,"column":51,"index":413}},"callee":{"type":"MemberExpression","start":354,"end":374,"loc":{"start":{"line":10,"column":0,"index":354},"end":{"line":11,"column":12,"index":374}},"object":{"type":"Identifier","start":354,"end":361,"loc":{"start":{"line":10,"column":0,"index":354},"end":{"line":10,"column":7,"index":361},"identifierName":"program"},"name":"program"},"computed":false,"property":{"type":"Identifier","start":365,"end":374,"loc":{"start":{"line":11,"column":3,"index":365},"end":{"line":11,"column":12,"index":374},"identifierName":"addOption"},"name":"addOption"}},"arguments":[{"type":"CallExpression","start":375,"end":412,"loc":{"start":{"line":11,"column":13,"index":375},"end":{"line":11,"column":50,"index":412}},"callee":{"type":"MemberExpression","start":375,"end":410,"loc":{"start":{"line":11,"column":13,"index":375},"end":{"line":11,"column":48,"index":410}},"object":{"type":"NewExpression","start":375,"end":401,"loc":{"start":{"line":11,"column":13,"index":375},"end":{"line":11,"column":39,"index":401}},"callee":{"type":"Identifier","start":379,"end":385,"loc":{"start":{"line":11,"column":17,"index":379},"end":{"line":11,"column":23,"index":385},"identifierName":"Option"},"name":"Option"},"arguments":[{"type":"StringLiteral","start":386,"end":400,"loc":{"start":{"line":11,"column":24,"index":386},"end":{"line":11,"column":38,"index":400}},"extra":{"rawValue":"-s, --secret","raw":"'-s, --secret'"},"value":"-s, --secret"}]},"computed":false,"property":{"type":"Identifier","start":402,"end":410,"loc":{"start":{"line":11,"column":40,"index":402},"end":{"line":11,"column":48,"index":410},"identifierName":"hideHelp"},"name":"hideHelp"}},"arguments":[]}]},"computed":false,"property":{"type":"Identifier","start":417,"end":426,"loc":{"start":{"line":12,"column":3,"index":417},"end":{"line":12,"column":12,"index":426},"identifierName":"addOption"},"name":"addOption"}},"arguments":[{"type":"CallExpression","start":427,"end":510,"loc":{"start":{"line":12,"column":13,"index":427},"end":{"line":12,"column":96,"index":510}},"callee":{"type":"MemberExpression","start":427,"end":492,"loc":{"start":{"line":12,"column":13,"index":427},"end":{"line":12,"column":78,"index":492}},"object":{"type":"NewExpression","start":427,"end":484,"loc":{"start":{"line":12,"column":13,"index":427},"end":{"line":12,"column":70,"index":484}},"callee":{"type":"Identifier","start":431,"end":437,"loc":{"start":{"line":12,"column":17,"index":431},"end":{"line":12,"column":23,"index":437},"identifierName":"Option"},"name":"Option"},"arguments":[{"type":"StringLiteral","start":438,"end":461,"loc":{"start":{"line":12,"column":24,"index":438},"end":{"line":12,"column":47,"index":461}},"extra":{"rawValue":"-t, --timeout <delay>","raw":"'-t, --timeout <delay>'"},"value":"-t, --timeout <delay>"},{"type":"StringLiteral","start":463,"end":483,"loc":{"start":{"line":12,"column":49,"index":463},"end":{"line":12,"column":69,"index":483}},"extra":{"rawValue":"timeout in seconds","raw":"'timeout in seconds'"},"value":"timeout in seconds"}]},"computed":false,"property":{"type":"Identifier","start":485,"end":492,"loc":{"start":{"line":12,"column":71,"index":485},"end":{"line":12,"column":78,"index":492},"identifierName":"default"},"name":"default"}},"arguments":[{"type":"NumericLiteral","start":493,"end":495,"loc":{"start":{"line":12,"column":79,"index":493},"end":{"line":12,"column":81,"index":495}},"extra":{"rawValue":60,"raw":"60"},"value":60},{"type":"StringLiteral","start":497,"end":509,"loc":{"start":{"line":12,"column":83,"index":497},"end":{"line":12,"column":95,"index":509}},"extra":{"rawValue":"one minute","raw":"'one minute'"},"value":"one minute"}]}]},"computed":false,"property":{"type":"Identifier","start":515,"end":524,"loc":{"start":{"line":13,"column":3,"index":515},"end":{"line":13,"column":12,"index":524},"identifierName":"addOption"},"name":"addOption"}},"arguments":[{"type":"CallExpression","start":525,"end":613,"loc":{"start":{"line":13,"column":13,"index":525},"end":{"line":13,"column":101,"index":613}},"callee":{"type":"MemberExpression","start":525,"end":583,"loc":{"start":{"line":13,"column":13,"index":525},"end":{"line":13,"column":71,"index":583}},"object":{"type":"NewExpression","start":525,"end":575,"loc":{"start":{"line":13,"column":13,"index":525},"end":{"line":13,"column":63,"index":575}},"callee":{"type":"Identifier","start":529,"end":535,"loc":{"start":{"line":13,"column":17,"index":529},"end":{"line":13,"column":23,"index":535},"identifierName":"Option"},"name":"Option"},"arguments":[{"type":"StringLiteral","start":536,"end":556,"loc":{"start":{"line":13,"column":24,"index":536},"end":{"line":13,"column":44,"index":556}},"extra":{"rawValue":"-d, --drink <size>","raw":"'-d, --drink <size>'"},"value":"-d, --drink <size>"},{"type":"StringLiteral","start":558,"end":574,"loc":{"start":{"line":13,"column":46,"index":558},"end":{"line":13,"column":62,"index":574}},"extra":{"rawValue":"drink cup size","raw":"'drink cup size'"},"value":"drink cup size"}]},"computed":false,"property":{"type":"Identifier","start":576,"end":583,"loc":{"start":{"line":13,"column":64,"index":576},"end":{"line":13,"column":71,"index":583},"identifierName":"choices"},"name":"choices"}},"arguments":[{"type":"ArrayExpression","start":584,"end":612,"loc":{"start":{"line":13,"column":72,"index":584},"end":{"line":13,"column":100,"index":612}},"elements":[{"type":"StringLiteral","start":585,"end":592,"loc":{"start":{"line":13,"column":73,"index":585},"end":{"line":13,"column":80,"index":592}},"extra":{"rawValue":"small","raw":"'small'"},"value":"small"},{"type":"StringLiteral","start":594,"end":602,"loc":{"start":{"line":13,"column":82,"index":594},"end":{"line":13,"column":90,"index":602}},"extra":{"rawValue":"medium","raw":"'medium'"},"value":"medium"},{"type":"StringLiteral","start":604,"end":611,"loc":{"start":{"line":13,"column":92,"index":604},"end":{"line":13,"column":99,"index":611}},"extra":{"rawValue":"large","raw":"'large'"},"value":"large"}]}]}]},"computed":false,"property":{"type":"Identifier","start":618,"end":627,"loc":{"start":{"line":14,"column":3,"index":618},"end":{"line":14,"column":12,"index":627},"identifierName":"addOption"},"name":"addOption"}},"arguments":[{"type":"CallExpression","start":628,"end":688,"loc":{"start":{"line":14,"column":13,"index":628},"end":{"line":14,"column":73,"index":688}},"callee":{"type":"MemberExpression","start":628,"end":680,"loc":{"start":{"line":14,"column":13,"index":628},"end":{"line":14,"column":65,"index":680}},"object":{"type":"NewExpression","start":628,"end":676,"loc":{"start":{"line":14,"column":13,"index":628},"end":{"line":14,"column":61,"index":676}},"callee":{"type":"Identifier","start":632,"end":638,"loc":{"start":{"line":14,"column":17,"index":632},"end":{"line":14,"column":23,"index":638},"identifierName":"Option"},"name":"Option"},"arguments":[{"type":"StringLiteral","start":639,"end":660,"loc":{"start":{"line":14,"column":24,"index":639},"end":{"line":14,"column":45,"index":660}},"extra":{"rawValue":"-p, --port <number>","raw":"'-p, --port <number>'"},"value":"-p, --port <number>"},{"type":"StringLiteral","start":662,"end":675,"loc":{"start":{"line":14,"column":47,"index":662},"end":{"line":14,"column":60,"index":675}},"extra":{"rawValue":"port number","raw":"'port number'"},"value":"port number"}]},"computed":false,"property":{"type":"Identifier","start":677,"end":680,"loc":{"start":{"line":14,"column":62,"index":677},"end":{"line":14,"column":65,"index":680},"identifierName":"env"},"name":"env"}},"arguments":[{"type":"StringLiteral","start":681,"end":687,"loc":{"start":{"line":14,"column":66,"index":681},"end":{"line":14,"column":72,"index":687}},"extra":{"rawValue":"PORT","raw":"'PORT'"},"value":"PORT"}]}]}},{"type":"ExpressionStatement","start":692,"end":708,"loc":{"start":{"line":16,"column":0,"index":692},"end":{"line":16,"column":16,"index":708}},"expression":{"type":"CallExpression","start":692,"end":707,"loc":{"start":{"line":16,"column":0,"index":692},"end":{"line":16,"column":15,"index":707}},"callee":{"type":"MemberExpression","start":692,"end":705,"loc":{"start":{"line":16,"column":0,"index":692},"end":{"line":16,"column":13,"index":705}},"object":{"type":"Identifier","start":692,"end":699,"loc":{"start":{"line":16,"column":0,"index":692},"end":{"line":16,"column":7,"index":699},"identifierName":"program"},"name":"program"},"computed":false,"property":{"type":"Identifier","start":700,"end":705,"loc":{"start":{"line":16,"column":8,"index":700},"end":{"line":16,"column":13,"index":705},"identifierName":"parse"},"name":"parse"}},"arguments":[]}},{"type":"ExpressionStatement","start":710,"end":751,"loc":{"start":{"line":18,"column":0,"index":710},"end":{"line":18,"column":41,"index":751}},"expression":{"type":"CallExpression","start":710,"end":750,"loc":{"start":{"line":18,"column":0,"index":710},"end":{"line":18,"column":40,"index":750}},"callee":{"type":"MemberExpression","start":710,"end":721,"loc":{"start":{"line":18,"column":0,"index":710},"end":{"line":18,"column":11,"index":721}},"object":{"type":"Identifier","start":710,"end":717,"loc":{"start":{"line":18,"column":0,"index":710},"end":{"line":18,"column":7,"index":717},"identifierName":"console"},"name":"console"},"computed":false,"property":{"type":"Identifier","start":718,"end":721,"loc":{"start":{"line":18,"column":8,"index":718},"end":{"line":18,"column":11,"index":721},"identifierName":"log"},"name":"log"}},"arguments":[{"type":"StringLiteral","start":722,"end":733,"loc":{"start":{"line":18,"column":12,"index":722},"end":{"line":18,"column":23,"index":733}},"extra":{"rawValue":"Options: ","raw":"'Options: '"},"value":"Options: "},{"type":"CallExpression","start":735,"end":749,"loc":{"start":{"line":18,"column":25,"index":735},"end":{"line":18,"column":39,"index":749}},"callee":{"type":"MemberExpression","start":735,"end":747,"loc":{"start":{"line":18,"column":25,"index":735},"end":{"line":18,"column":37,"index":747}},"object":{"type":"Identifier","start":735,"end":742,"loc":{"start":{"line":18,"column":25,"index":735},"end":{"line":18,"column":32,"index":742},"identifierName":"program"},"name":"program"},"computed":false,"property":{"type":"Identifier","start":743,"end":747,"loc":{"start":{"line":18,"column":33,"index":743},"end":{"line":18,"column":37,"index":747},"identifierName":"opts"},"name":"opts"}},"arguments":[]}]},"trailingComments":[{"type":"CommentLine","value":" Try the following:","start":753,"end":774,"loc":{"start":{"line":20,"column":0,"index":753},"end":{"line":20,"column":21,"index":774}}},{"type":"CommentLine","value":" node options-extra.js --help","start":775,"end":806,"loc":{"start":{"line":21,"column":0,"index":775},"end":{"line":21,"column":31,"index":806}}},{"type":"CommentLine","value":" node options-extra.js --drink huge","start":807,"end":844,"loc":{"start":{"line":22,"column":0,"index":807},"end":{"line":22,"column":37,"index":844}}},{"type":"CommentLine","value":" PORT=80 node options-extra.js","start":845,"end":877,"loc":{"start":{"line":23,"column":0,"index":845},"end":{"line":23,"column":32,"index":877}}}]}],"directives":[]},"comments":[{"type":"CommentLine","value":" This is used as an example in the README for extra option features.","start":21,"end":91,"loc":{"start":{"line":3,"column":0,"index":21},"end":{"line":3,"column":70,"index":91}}},{"type":"CommentLine","value":" See also options-env.js for more extensive env examples.","start":92,"end":151,"loc":{"start":{"line":4,"column":0,"index":92},"end":{"line":4,"column":59,"index":151}}},{"type":"CommentLine","value":" const { Command, Option } = require('commander'); // (normal include)","start":153,"end":225,"loc":{"start":{"line":6,"column":0,"index":153},"end":{"line":6,"column":72,"index":225}}},{"type":"CommentLine","value":" include commander in git clone of commander repo","start":270,"end":321,"loc":{"start":{"line":7,"column":44,"index":270},"end":{"line":7,"column":95,"index":321}}},{"type":"CommentLine","value":" Try the following:","start":753,"end":774,"loc":{"start":{"line":20,"column":0,"index":753},"end":{"line":20,"column":21,"index":774}}},{"type":"CommentLine","value":" node options-extra.js --help","start":775,"end":806,"loc":{"start":{"line":21,"column":0,"index":775},"end":{"line":21,"column":31,"index":806}}},{"type":"CommentLine","value":" node options-extra.js --drink huge","start":807,"end":844,"loc":{"start":{"line":22,"column":0,"index":807},"end":{"line":22,"column":37,"index":844}}},{"type":"CommentLine","value":" PORT=80 node options-extra.js","start":845,"end":877,"loc":{"start":{"line":23,"column":0,"index":845},"end":{"line":23,"column":32,"index":877}}}]}