{"type":"File","start":0,"end":817,"loc":{"start":{"line":1,"column":0,"index":0},"end":{"line":24,"column":0,"index":817}},"errors":[],"program":{"type":"Program","start":0,"end":817,"loc":{"start":{"line":1,"column":0,"index":0},"end":{"line":24,"column":0,"index":817}},"sourceType":"module","interpreter":{"type":"InterpreterDirective","start":0,"end":19,"loc":{"start":{"line":1,"column":0,"index":0},"end":{"line":1,"column":19,"index":19}},"value":"/usr/bin/env node","trailingComments":[{"type":"CommentLine","value":" This is used as an example in the README for extra argument features.","start":21,"end":93,"loc":{"start":{"line":3,"column":0,"index":21},"end":{"line":3,"column":72,"index":93}}},{"type":"CommentLine","value":" const commander = require('commander'); // (normal include)","start":95,"end":157,"loc":{"start":{"line":5,"column":0,"index":95},"end":{"line":5,"column":62,"index":157}}}]},"body":[{"type":"VariableDeclaration","start":158,"end":191,"loc":{"start":{"line":6,"column":0,"index":158},"end":{"line":6,"column":33,"index":191}},"declarations":[{"type":"VariableDeclarator","start":164,"end":190,"loc":{"start":{"line":6,"column":6,"index":164},"end":{"line":6,"column":32,"index":190}},"id":{"type":"Identifier","start":164,"end":173,"loc":{"start":{"line":6,"column":6,"index":164},"end":{"line":6,"column":15,"index":173},"identifierName":"commander"},"name":"commander"},"init":{"type":"CallExpression","start":176,"end":190,"loc":{"start":{"line":6,"column":18,"index":176},"end":{"line":6,"column":32,"index":190}},"callee":{"type":"Identifier","start":176,"end":183,"loc":{"start":{"line":6,"column":18,"index":176},"end":{"line":6,"column":25,"index":183},"identifierName":"require"},"name":"require"},"arguments":[{"type":"StringLiteral","start":184,"end":189,"loc":{"start":{"line":6,"column":26,"index":184},"end":{"line":6,"column":31,"index":189}},"extra":{"rawValue":"../","raw":"'../'"},"value":"../"}]}}],"kind":"const","trailingComments":[{"type":"CommentLine","value":" include commander in git clone of commander repo","start":192,"end":243,"loc":{"start":{"line":6,"column":34,"index":192},"end":{"line":6,"column":85,"index":243}}}],"leadingComments":[{"type":"CommentLine","value":" This is used as an example in the README for extra argument features.","start":21,"end":93,"loc":{"start":{"line":3,"column":0,"index":21},"end":{"line":3,"column":72,"index":93}}},{"type":"CommentLine","value":" const commander = require('commander'); // (normal include)","start":95,"end":157,"loc":{"start":{"line":5,"column":0,"index":95},"end":{"line":5,"column":62,"index":157}}}]},{"type":"VariableDeclaration","start":244,"end":284,"loc":{"start":{"line":7,"column":0,"index":244},"end":{"line":7,"column":40,"index":284}},"declarations":[{"type":"VariableDeclarator","start":250,"end":283,"loc":{"start":{"line":7,"column":6,"index":250},"end":{"line":7,"column":39,"index":283}},"id":{"type":"Identifier","start":250,"end":257,"loc":{"start":{"line":7,"column":6,"index":250},"end":{"line":7,"column":13,"index":257},"identifierName":"program"},"name":"program"},"init":{"type":"NewExpression","start":260,"end":283,"loc":{"start":{"line":7,"column":16,"index":260},"end":{"line":7,"column":39,"index":283}},"callee":{"type":"MemberExpression","start":264,"end":281,"loc":{"start":{"line":7,"column":20,"index":264},"end":{"line":7,"column":37,"index":281}},"object":{"type":"Identifier","start":264,"end":273,"loc":{"start":{"line":7,"column":20,"index":264},"end":{"line":7,"column":29,"index":273},"identifierName":"commander"},"name":"commander"},"computed":false,"property":{"type":"Identifier","start":274,"end":281,"loc":{"start":{"line":7,"column":30,"index":274},"end":{"line":7,"column":37,"index":281},"identifierName":"Command"},"name":"Command"}},"arguments":[]}}],"kind":"const","leadingComments":[{"type":"CommentLine","value":" include commander in git clone of commander repo","start":192,"end":243,"loc":{"start":{"line":6,"column":34,"index":192},"end":{"line":6,"column":85,"index":243}}}]},{"type":"ExpressionStatement","start":286,"end":635,"loc":{"start":{"line":9,"column":0,"index":286},"end":{"line":15,"column":5,"index":635}},"expression":{"type":"CallExpression","start":286,"end":634,"loc":{"start":{"line":9,"column":0,"index":286},"end":{"line":15,"column":4,"index":634}},"callee":{"type":"MemberExpression","start":286,"end":514,"loc":{"start":{"line":9,"column":0,"index":286},"end":{"line":12,"column":9,"index":514}},"object":{"type":"CallExpression","start":286,"end":504,"loc":{"start":{"line":9,"column":0,"index":286},"end":{"line":11,"column":99,"index":504}},"callee":{"type":"MemberExpression","start":286,"end":419,"loc":{"start":{"line":9,"column":0,"index":286},"end":{"line":11,"column":14,"index":419}},"object":{"type":"CallExpression","start":286,"end":404,"loc":{"start":{"line":9,"column":0,"index":286},"end":{"line":10,"column":110,"index":404}},"callee":{"type":"MemberExpression","start":286,"end":308,"loc":{"start":{"line":9,"column":0,"index":286},"end":{"line":10,"column":14,"index":308}},"object":{"type":"Identifier","start":286,"end":293,"loc":{"start":{"line":9,"column":0,"index":286},"end":{"line":9,"column":7,"index":293},"identifierName":"program"},"name":"program"},"computed":false,"property":{"type":"Identifier","start":297,"end":308,"loc":{"start":{"line":10,"column":3,"index":297},"end":{"line":10,"column":14,"index":308},"identifierName":"addArgument"},"name":"addArgument"}},"arguments":[{"type":"CallExpression","start":309,"end":403,"loc":{"start":{"line":10,"column":15,"index":309},"end":{"line":10,"column":109,"index":403}},"callee":{"type":"MemberExpression","start":309,"end":373,"loc":{"start":{"line":10,"column":15,"index":309},"end":{"line":10,"column":79,"index":373}},"object":{"type":"NewExpression","start":309,"end":365,"loc":{"start":{"line":10,"column":15,"index":309},"end":{"line":10,"column":71,"index":365}},"callee":{"type":"MemberExpression","start":313,"end":331,"loc":{"start":{"line":10,"column":19,"index":313},"end":{"line":10,"column":37,"index":331}},"object":{"type":"Identifier","start":313,"end":322,"loc":{"start":{"line":10,"column":19,"index":313},"end":{"line":10,"column":28,"index":322},"identifierName":"commander"},"name":"commander"},"computed":false,"property":{"type":"Identifier","start":323,"end":331,"loc":{"start":{"line":10,"column":29,"index":323},"end":{"line":10,"column":37,"index":331},"identifierName":"Argument"},"name":"Argument"}},"arguments":[{"type":"StringLiteral","start":332,"end":346,"loc":{"start":{"line":10,"column":38,"index":332},"end":{"line":10,"column":52,"index":346}},"extra":{"rawValue":"<drink-size>","raw":"'<drink-size>'"},"value":"<drink-size>"},{"type":"StringLiteral","start":348,"end":364,"loc":{"start":{"line":10,"column":54,"index":348},"end":{"line":10,"column":70,"index":364}},"extra":{"rawValue":"drink cup size","raw":"'drink cup size'"},"value":"drink cup size"}]},"computed":false,"property":{"type":"Identifier","start":366,"end":373,"loc":{"start":{"line":10,"column":72,"index":366},"end":{"line":10,"column":79,"index":373},"identifierName":"choices"},"name":"choices"}},"arguments":[{"type":"ArrayExpression","start":374,"end":402,"loc":{"start":{"line":10,"column":80,"index":374},"end":{"line":10,"column":108,"index":402}},"elements":[{"type":"StringLiteral","start":375,"end":382,"loc":{"start":{"line":10,"column":81,"index":375},"end":{"line":10,"column":88,"index":382}},"extra":{"rawValue":"small","raw":"'small'"},"value":"small"},{"type":"StringLiteral","start":384,"end":392,"loc":{"start":{"line":10,"column":90,"index":384},"end":{"line":10,"column":98,"index":392}},"extra":{"rawValue":"medium","raw":"'medium'"},"value":"medium"},{"type":"StringLiteral","start":394,"end":401,"loc":{"start":{"line":10,"column":100,"index":394},"end":{"line":10,"column":107,"index":401}},"extra":{"rawValue":"large","raw":"'large'"},"value":"large"}]}]}]},"computed":false,"property":{"type":"Identifier","start":408,"end":419,"loc":{"start":{"line":11,"column":3,"index":408},"end":{"line":11,"column":14,"index":419},"identifierName":"addArgument"},"name":"addArgument"}},"arguments":[{"type":"CallExpression","start":420,"end":503,"loc":{"start":{"line":11,"column":15,"index":420},"end":{"line":11,"column":98,"index":503}},"callee":{"type":"MemberExpression","start":420,"end":485,"loc":{"start":{"line":11,"column":15,"index":420},"end":{"line":11,"column":80,"index":485}},"object":{"type":"NewExpression","start":420,"end":477,"loc":{"start":{"line":11,"column":15,"index":420},"end":{"line":11,"column":72,"index":477}},"callee":{"type":"MemberExpression","start":424,"end":442,"loc":{"start":{"line":11,"column":19,"index":424},"end":{"line":11,"column":37,"index":442}},"object":{"type":"Identifier","start":424,"end":433,"loc":{"start":{"line":11,"column":19,"index":424},"end":{"line":11,"column":28,"index":433},"identifierName":"commander"},"name":"commander"},"computed":false,"property":{"type":"Identifier","start":434,"end":442,"loc":{"start":{"line":11,"column":29,"index":434},"end":{"line":11,"column":37,"index":442},"identifierName":"Argument"},"name":"Argument"}},"arguments":[{"type":"StringLiteral","start":443,"end":454,"loc":{"start":{"line":11,"column":38,"index":443},"end":{"line":11,"column":49,"index":454}},"extra":{"rawValue":"[timeout]","raw":"'[timeout]'"},"value":"[timeout]"},{"type":"StringLiteral","start":456,"end":476,"loc":{"start":{"line":11,"column":51,"index":456},"end":{"line":11,"column":71,"index":476}},"extra":{"rawValue":"timeout in seconds","raw":"'timeout in seconds'"},"value":"timeout in seconds"}]},"computed":false,"property":{"type":"Identifier","start":478,"end":485,"loc":{"start":{"line":11,"column":73,"index":478},"end":{"line":11,"column":80,"index":485},"identifierName":"default"},"name":"default"}},"arguments":[{"type":"NumericLiteral","start":486,"end":488,"loc":{"start":{"line":11,"column":81,"index":486},"end":{"line":11,"column":83,"index":488}},"extra":{"rawValue":60,"raw":"60"},"value":60},{"type":"StringLiteral","start":490,"end":502,"loc":{"start":{"line":11,"column":85,"index":490},"end":{"line":11,"column":97,"index":502}},"extra":{"rawValue":"one minute","raw":"'one minute'"},"value":"one minute"}]}]},"computed":false,"property":{"type":"Identifier","start":508,"end":514,"loc":{"start":{"line":12,"column":3,"index":508},"end":{"line":12,"column":9,"index":514},"identifierName":"action"},"name":"action"}},"arguments":[{"type":"ArrowFunctionExpression","start":515,"end":633,"loc":{"start":{"line":12,"column":10,"index":515},"end":{"line":15,"column":3,"index":633}},"id":null,"generator":false,"async":false,"params":[{"type":"Identifier","start":516,"end":525,"loc":{"start":{"line":12,"column":11,"index":516},"end":{"line":12,"column":20,"index":525},"identifierName":"drinkSize"},"name":"drinkSize"},{"type":"Identifier","start":527,"end":534,"loc":{"start":{"line":12,"column":22,"index":527},"end":{"line":12,"column":29,"index":534},"identifierName":"timeout"},"name":"timeout"}],"body":{"type":"BlockStatement","start":539,"end":633,"loc":{"start":{"line":12,"column":34,"index":539},"end":{"line":15,"column":3,"index":633}},"body":[{"type":"ExpressionStatement","start":545,"end":585,"loc":{"start":{"line":13,"column":4,"index":545},"end":{"line":13,"column":44,"index":585}},"expression":{"type":"CallExpression","start":545,"end":584,"loc":{"start":{"line":13,"column":4,"index":545},"end":{"line":13,"column":43,"index":584}},"callee":{"type":"MemberExpression","start":545,"end":556,"loc":{"start":{"line":13,"column":4,"index":545},"end":{"line":13,"column":15,"index":556}},"object":{"type":"Identifier","start":545,"end":552,"loc":{"start":{"line":13,"column":4,"index":545},"end":{"line":13,"column":11,"index":552},"identifierName":"console"},"name":"console"},"computed":false,"property":{"type":"Identifier","start":553,"end":556,"loc":{"start":{"line":13,"column":12,"index":553},"end":{"line":13,"column":15,"index":556},"identifierName":"log"},"name":"log"}},"arguments":[{"type":"TemplateLiteral","start":557,"end":583,"loc":{"start":{"line":13,"column":16,"index":557},"end":{"line":13,"column":42,"index":583}},"expressions":[{"type":"Identifier","start":572,"end":581,"loc":{"start":{"line":13,"column":31,"index":572},"end":{"line":13,"column":40,"index":581},"identifierName":"drinkSize"},"name":"drinkSize"}],"quasis":[{"type":"TemplateElement","start":558,"end":570,"loc":{"start":{"line":13,"column":17,"index":558},"end":{"line":13,"column":29,"index":570}},"value":{"raw":"Drink size: ","cooked":"Drink size: "},"tail":false},{"type":"TemplateElement","start":582,"end":582,"loc":{"start":{"line":13,"column":41,"index":582},"end":{"line":13,"column":41,"index":582}},"value":{"raw":"","cooked":""},"tail":true}]}]}},{"type":"ExpressionStatement","start":590,"end":629,"loc":{"start":{"line":14,"column":4,"index":590},"end":{"line":14,"column":43,"index":629}},"expression":{"type":"CallExpression","start":590,"end":628,"loc":{"start":{"line":14,"column":4,"index":590},"end":{"line":14,"column":42,"index":628}},"callee":{"type":"MemberExpression","start":590,"end":601,"loc":{"start":{"line":14,"column":4,"index":590},"end":{"line":14,"column":15,"index":601}},"object":{"type":"Identifier","start":590,"end":597,"loc":{"start":{"line":14,"column":4,"index":590},"end":{"line":14,"column":11,"index":597},"identifierName":"console"},"name":"console"},"computed":false,"property":{"type":"Identifier","start":598,"end":601,"loc":{"start":{"line":14,"column":12,"index":598},"end":{"line":14,"column":15,"index":601},"identifierName":"log"},"name":"log"}},"arguments":[{"type":"TemplateLiteral","start":602,"end":627,"loc":{"start":{"line":14,"column":16,"index":602},"end":{"line":14,"column":41,"index":627}},"expressions":[{"type":"Identifier","start":618,"end":625,"loc":{"start":{"line":14,"column":32,"index":618},"end":{"line":14,"column":39,"index":625},"identifierName":"timeout"},"name":"timeout"}],"quasis":[{"type":"TemplateElement","start":603,"end":616,"loc":{"start":{"line":14,"column":17,"index":603},"end":{"line":14,"column":30,"index":616}},"value":{"raw":"Timeout (s): ","cooked":"Timeout (s): "},"tail":false},{"type":"TemplateElement","start":626,"end":626,"loc":{"start":{"line":14,"column":40,"index":626},"end":{"line":14,"column":40,"index":626}},"value":{"raw":"","cooked":""},"tail":true}]}]}}],"directives":[]}}]}},{"type":"ExpressionStatement","start":637,"end":653,"loc":{"start":{"line":17,"column":0,"index":637},"end":{"line":17,"column":16,"index":653}},"expression":{"type":"CallExpression","start":637,"end":652,"loc":{"start":{"line":17,"column":0,"index":637},"end":{"line":17,"column":15,"index":652}},"callee":{"type":"MemberExpression","start":637,"end":650,"loc":{"start":{"line":17,"column":0,"index":637},"end":{"line":17,"column":13,"index":650}},"object":{"type":"Identifier","start":637,"end":644,"loc":{"start":{"line":17,"column":0,"index":637},"end":{"line":17,"column":7,"index":644},"identifierName":"program"},"name":"program"},"computed":false,"property":{"type":"Identifier","start":645,"end":650,"loc":{"start":{"line":17,"column":8,"index":645},"end":{"line":17,"column":13,"index":650},"identifierName":"parse"},"name":"parse"}},"arguments":[]},"trailingComments":[{"type":"CommentLine","value":" Try the following:","start":655,"end":676,"loc":{"start":{"line":19,"column":0,"index":655},"end":{"line":19,"column":21,"index":676}}},{"type":"CommentLine","value":"  node arguments-extra.js --help","start":677,"end":711,"loc":{"start":{"line":20,"column":0,"index":677},"end":{"line":20,"column":34,"index":711}}},{"type":"CommentLine","value":"  node arguments-extra.js huge","start":712,"end":744,"loc":{"start":{"line":21,"column":0,"index":712},"end":{"line":21,"column":32,"index":744}}},{"type":"CommentLine","value":"  node arguments-extra.js small","start":745,"end":778,"loc":{"start":{"line":22,"column":0,"index":745},"end":{"line":22,"column":33,"index":778}}},{"type":"CommentLine","value":"  node arguments-extra.js medium 30","start":779,"end":816,"loc":{"start":{"line":23,"column":0,"index":779},"end":{"line":23,"column":37,"index":816}}}]}],"directives":[]},"comments":[{"type":"CommentLine","value":" This is used as an example in the README for extra argument features.","start":21,"end":93,"loc":{"start":{"line":3,"column":0,"index":21},"end":{"line":3,"column":72,"index":93}}},{"type":"CommentLine","value":" const commander = require('commander'); // (normal include)","start":95,"end":157,"loc":{"start":{"line":5,"column":0,"index":95},"end":{"line":5,"column":62,"index":157}}},{"type":"CommentLine","value":" include commander in git clone of commander repo","start":192,"end":243,"loc":{"start":{"line":6,"column":34,"index":192},"end":{"line":6,"column":85,"index":243}}},{"type":"CommentLine","value":" Try the following:","start":655,"end":676,"loc":{"start":{"line":19,"column":0,"index":655},"end":{"line":19,"column":21,"index":676}}},{"type":"CommentLine","value":"  node arguments-extra.js --help","start":677,"end":711,"loc":{"start":{"line":20,"column":0,"index":677},"end":{"line":20,"column":34,"index":711}}},{"type":"CommentLine","value":"  node arguments-extra.js huge","start":712,"end":744,"loc":{"start":{"line":21,"column":0,"index":712},"end":{"line":21,"column":32,"index":744}}},{"type":"CommentLine","value":"  node arguments-extra.js small","start":745,"end":778,"loc":{"start":{"line":22,"column":0,"index":745},"end":{"line":22,"column":33,"index":778}}},{"type":"CommentLine","value":"  node arguments-extra.js medium 30","start":779,"end":816,"loc":{"start":{"line":23,"column":0,"index":779},"end":{"line":23,"column":37,"index":816}}}]}