{"type":"File","start":0,"end":3334,"loc":{"start":{"line":1,"column":0,"index":0},"end":{"line":114,"column":0,"index":3334}},"errors":[],"program":{"type":"Program","start":0,"end":3334,"loc":{"start":{"line":1,"column":0,"index":0},"end":{"line":114,"column":0,"index":3334}},"sourceType":"module","interpreter":null,"body":[{"type":"ImportDeclaration","start":0,"end":54,"loc":{"start":{"line":1,"column":0,"index":0},"end":{"line":1,"column":54,"index":54}},"specifiers":[{"type":"ImportDefaultSpecifier","start":7,"end":19,"loc":{"start":{"line":1,"column":7,"index":7},"end":{"line":1,"column":19,"index":19}},"local":{"type":"Identifier","start":7,"end":19,"loc":{"start":{"line":1,"column":7,"index":7},"end":{"line":1,"column":19,"index":19},"identifierName":"baseToString"},"name":"baseToString"}}],"source":{"type":"StringLiteral","start":25,"end":54,"loc":{"start":{"line":1,"column":25,"index":25},"end":{"line":1,"column":54,"index":54}},"extra":{"rawValue":"./.internal/baseToString.js","raw":"'./.internal/baseToString.js'"},"value":"./.internal/baseToString.js"}},{"type":"ImportDeclaration","start":55,"end":103,"loc":{"start":{"line":2,"column":0,"index":55},"end":{"line":2,"column":48,"index":103}},"specifiers":[{"type":"ImportDefaultSpecifier","start":62,"end":71,"loc":{"start":{"line":2,"column":7,"index":62},"end":{"line":2,"column":16,"index":71}},"local":{"type":"Identifier","start":62,"end":71,"loc":{"start":{"line":2,"column":7,"index":62},"end":{"line":2,"column":16,"index":71},"identifierName":"castSlice"},"name":"castSlice"}}],"source":{"type":"StringLiteral","start":77,"end":103,"loc":{"start":{"line":2,"column":22,"index":77},"end":{"line":2,"column":48,"index":103}},"extra":{"rawValue":"./.internal/castSlice.js","raw":"'./.internal/castSlice.js'"},"value":"./.internal/castSlice.js"}},{"type":"ImportDeclaration","start":104,"end":154,"loc":{"start":{"line":3,"column":0,"index":104},"end":{"line":3,"column":50,"index":154}},"specifiers":[{"type":"ImportDefaultSpecifier","start":111,"end":121,"loc":{"start":{"line":3,"column":7,"index":111},"end":{"line":3,"column":17,"index":121}},"local":{"type":"Identifier","start":111,"end":121,"loc":{"start":{"line":3,"column":7,"index":111},"end":{"line":3,"column":17,"index":121},"identifierName":"hasUnicode"},"name":"hasUnicode"}}],"source":{"type":"StringLiteral","start":127,"end":154,"loc":{"start":{"line":3,"column":23,"index":127},"end":{"line":3,"column":50,"index":154}},"extra":{"rawValue":"./.internal/hasUnicode.js","raw":"'./.internal/hasUnicode.js'"},"value":"./.internal/hasUnicode.js"}},{"type":"ImportDeclaration","start":155,"end":191,"loc":{"start":{"line":4,"column":0,"index":155},"end":{"line":4,"column":36,"index":191}},"specifiers":[{"type":"ImportDefaultSpecifier","start":162,"end":170,"loc":{"start":{"line":4,"column":7,"index":162},"end":{"line":4,"column":15,"index":170}},"local":{"type":"Identifier","start":162,"end":170,"loc":{"start":{"line":4,"column":7,"index":162},"end":{"line":4,"column":15,"index":170},"identifierName":"isObject"},"name":"isObject"}}],"source":{"type":"StringLiteral","start":176,"end":191,"loc":{"start":{"line":4,"column":21,"index":176},"end":{"line":4,"column":36,"index":191}},"extra":{"rawValue":"./isObject.js","raw":"'./isObject.js'"},"value":"./isObject.js"}},{"type":"ImportDeclaration","start":192,"end":228,"loc":{"start":{"line":5,"column":0,"index":192},"end":{"line":5,"column":36,"index":228}},"specifiers":[{"type":"ImportDefaultSpecifier","start":199,"end":207,"loc":{"start":{"line":5,"column":7,"index":199},"end":{"line":5,"column":15,"index":207}},"local":{"type":"Identifier","start":199,"end":207,"loc":{"start":{"line":5,"column":7,"index":199},"end":{"line":5,"column":15,"index":207},"identifierName":"isRegExp"},"name":"isRegExp"}}],"source":{"type":"StringLiteral","start":213,"end":228,"loc":{"start":{"line":5,"column":21,"index":213},"end":{"line":5,"column":36,"index":228}},"extra":{"rawValue":"./isRegExp.js","raw":"'./isRegExp.js'"},"value":"./isRegExp.js"}},{"type":"ImportDeclaration","start":229,"end":279,"loc":{"start":{"line":6,"column":0,"index":229},"end":{"line":6,"column":50,"index":279}},"specifiers":[{"type":"ImportDefaultSpecifier","start":236,"end":246,"loc":{"start":{"line":6,"column":7,"index":236},"end":{"line":6,"column":17,"index":246}},"local":{"type":"Identifier","start":236,"end":246,"loc":{"start":{"line":6,"column":7,"index":236},"end":{"line":6,"column":17,"index":246},"identifierName":"stringSize"},"name":"stringSize"}}],"source":{"type":"StringLiteral","start":252,"end":279,"loc":{"start":{"line":6,"column":23,"index":252},"end":{"line":6,"column":50,"index":279}},"extra":{"rawValue":"./.internal/stringSize.js","raw":"'./.internal/stringSize.js'"},"value":"./.internal/stringSize.js"}},{"type":"ImportDeclaration","start":280,"end":336,"loc":{"start":{"line":7,"column":0,"index":280},"end":{"line":7,"column":56,"index":336}},"specifiers":[{"type":"ImportDefaultSpecifier","start":287,"end":300,"loc":{"start":{"line":7,"column":7,"index":287},"end":{"line":7,"column":20,"index":300}},"local":{"type":"Identifier","start":287,"end":300,"loc":{"start":{"line":7,"column":7,"index":287},"end":{"line":7,"column":20,"index":300},"identifierName":"stringToArray"},"name":"stringToArray"}}],"source":{"type":"StringLiteral","start":306,"end":336,"loc":{"start":{"line":7,"column":26,"index":306},"end":{"line":7,"column":56,"index":336}},"extra":{"rawValue":"./.internal/stringToArray.js","raw":"'./.internal/stringToArray.js'"},"value":"./.internal/stringToArray.js"}},{"type":"ImportDeclaration","start":337,"end":373,"loc":{"start":{"line":8,"column":0,"index":337},"end":{"line":8,"column":36,"index":373}},"specifiers":[{"type":"ImportDefaultSpecifier","start":344,"end":352,"loc":{"start":{"line":8,"column":7,"index":344},"end":{"line":8,"column":15,"index":352}},"local":{"type":"Identifier","start":344,"end":352,"loc":{"start":{"line":8,"column":7,"index":344},"end":{"line":8,"column":15,"index":352},"identifierName":"toString"},"name":"toString"}}],"source":{"type":"StringLiteral","start":358,"end":373,"loc":{"start":{"line":8,"column":21,"index":358},"end":{"line":8,"column":36,"index":373}},"extra":{"rawValue":"./toString.js","raw":"'./toString.js'"},"value":"./toString.js"},"trailingComments":[{"type":"CommentBlock","value":"* Used as default options for `truncate`. ","start":375,"end":421,"loc":{"start":{"line":10,"column":0,"index":375},"end":{"line":10,"column":46,"index":421}}}]},{"type":"VariableDeclaration","start":422,"end":453,"loc":{"start":{"line":11,"column":0,"index":422},"end":{"line":11,"column":31,"index":453}},"declarations":[{"type":"VariableDeclarator","start":428,"end":453,"loc":{"start":{"line":11,"column":6,"index":428},"end":{"line":11,"column":31,"index":453}},"id":{"type":"Identifier","start":428,"end":448,"loc":{"start":{"line":11,"column":6,"index":428},"end":{"line":11,"column":26,"index":448},"identifierName":"DEFAULT_TRUNC_LENGTH"},"name":"DEFAULT_TRUNC_LENGTH"},"init":{"type":"NumericLiteral","start":451,"end":453,"loc":{"start":{"line":11,"column":29,"index":451},"end":{"line":11,"column":31,"index":453}},"extra":{"rawValue":30,"raw":"30"},"value":30}}],"kind":"const","leadingComments":[{"type":"CommentBlock","value":"* Used as default options for `truncate`. ","start":375,"end":421,"loc":{"start":{"line":10,"column":0,"index":375},"end":{"line":10,"column":46,"index":421}}}]},{"type":"VariableDeclaration","start":454,"end":490,"loc":{"start":{"line":12,"column":0,"index":454},"end":{"line":12,"column":36,"index":490}},"declarations":[{"type":"VariableDeclarator","start":460,"end":490,"loc":{"start":{"line":12,"column":6,"index":460},"end":{"line":12,"column":36,"index":490}},"id":{"type":"Identifier","start":460,"end":482,"loc":{"start":{"line":12,"column":6,"index":460},"end":{"line":12,"column":28,"index":482},"identifierName":"DEFAULT_TRUNC_OMISSION"},"name":"DEFAULT_TRUNC_OMISSION"},"init":{"type":"StringLiteral","start":485,"end":490,"loc":{"start":{"line":12,"column":31,"index":485},"end":{"line":12,"column":36,"index":490}},"extra":{"rawValue":"...","raw":"'...'"},"value":"..."}}],"kind":"const","trailingComments":[{"type":"CommentBlock","value":"* Used to match `RegExp` flags from their coerced string values. ","start":492,"end":561,"loc":{"start":{"line":14,"column":0,"index":492},"end":{"line":14,"column":69,"index":561}}}]},{"type":"VariableDeclaration","start":562,"end":584,"loc":{"start":{"line":15,"column":0,"index":562},"end":{"line":15,"column":22,"index":584}},"declarations":[{"type":"VariableDeclarator","start":568,"end":584,"loc":{"start":{"line":15,"column":6,"index":568},"end":{"line":15,"column":22,"index":584}},"id":{"type":"Identifier","start":568,"end":575,"loc":{"start":{"line":15,"column":6,"index":568},"end":{"line":15,"column":13,"index":575},"identifierName":"reFlags"},"name":"reFlags"},"init":{"type":"RegExpLiteral","start":578,"end":584,"loc":{"start":{"line":15,"column":16,"index":578},"end":{"line":15,"column":22,"index":584}},"extra":{"raw":"/\\w*$/"},"pattern":"\\w*$","flags":""}}],"kind":"const","trailingComments":[{"type":"CommentBlock","value":"*\n * Truncates `string` if it's longer than the given maximum string length.\n * The last characters of the truncated string are replaced with the omission\n * string which defaults to \"...\".\n *\n * @since 4.0.0\n * @category STRING\n * @param {string} [string=''] The string to truncate.\n * @param {Object} [options={}] The options object.\n * @param {number} [options.length=30] The maximum string length.\n * @param {string} [options.omission='...'] The string to indicate text is omitted.\n * @param {RegExp|string} [options.separator] The separator pattern to truncate to.\n * @returns {string} Returns the truncated string.\n * @see replace\n * @example\n *\n * truncate('hi-diddly-ho there, neighborino')\n * // => 'hi-diddly-ho there, neighbo...'\n *\n * truncate('hi-diddly-ho there, neighborino', {\n *   'length': 24,\n *   'separator': ' '\n * })\n * // => 'hi-diddly-ho there,...'\n *\n * truncate('hi-diddly-ho there, neighborino', {\n *   'length': 24,\n *   'separator': /,? +/\n * })\n * // => 'hi-diddly-ho there...'\n *\n * truncate('hi-diddly-ho there, neighborino', {\n *   'omission': ' [...]'\n * })\n * // => 'hi-diddly-ho there, neig [...]'\n ","start":586,"end":1726,"loc":{"start":{"line":17,"column":0,"index":586},"end":{"line":52,"column":3,"index":1726}}}],"leadingComments":[{"type":"CommentBlock","value":"* Used to match `RegExp` flags from their coerced string values. ","start":492,"end":561,"loc":{"start":{"line":14,"column":0,"index":492},"end":{"line":14,"column":69,"index":561}}}]},{"type":"FunctionDeclaration","start":1727,"end":3308,"loc":{"start":{"line":53,"column":0,"index":1727},"end":{"line":111,"column":1,"index":3308}},"id":{"type":"Identifier","start":1736,"end":1744,"loc":{"start":{"line":53,"column":9,"index":1736},"end":{"line":53,"column":17,"index":1744},"identifierName":"truncate"},"name":"truncate"},"generator":false,"async":false,"params":[{"type":"Identifier","start":1745,"end":1751,"loc":{"start":{"line":53,"column":18,"index":1745},"end":{"line":53,"column":24,"index":1751},"identifierName":"string"},"name":"string"},{"type":"Identifier","start":1753,"end":1760,"loc":{"start":{"line":53,"column":26,"index":1753},"end":{"line":53,"column":33,"index":1760},"identifierName":"options"},"name":"options"}],"body":{"type":"BlockStatement","start":1762,"end":3308,"loc":{"start":{"line":53,"column":35,"index":1762},"end":{"line":111,"column":1,"index":3308}},"body":[{"type":"VariableDeclaration","start":1766,"end":1779,"loc":{"start":{"line":54,"column":2,"index":1766},"end":{"line":54,"column":15,"index":1779}},"declarations":[{"type":"VariableDeclarator","start":1770,"end":1779,"loc":{"start":{"line":54,"column":6,"index":1770},"end":{"line":54,"column":15,"index":1779}},"id":{"type":"Identifier","start":1770,"end":1779,"loc":{"start":{"line":54,"column":6,"index":1770},"end":{"line":54,"column":15,"index":1779},"identifierName":"separator"},"name":"separator"},"init":null}],"kind":"let"},{"type":"VariableDeclaration","start":1782,"end":1815,"loc":{"start":{"line":55,"column":2,"index":1782},"end":{"line":55,"column":35,"index":1815}},"declarations":[{"type":"VariableDeclarator","start":1786,"end":1815,"loc":{"start":{"line":55,"column":6,"index":1786},"end":{"line":55,"column":35,"index":1815}},"id":{"type":"Identifier","start":1786,"end":1792,"loc":{"start":{"line":55,"column":6,"index":1786},"end":{"line":55,"column":12,"index":1792},"identifierName":"length"},"name":"length"},"init":{"type":"Identifier","start":1795,"end":1815,"loc":{"start":{"line":55,"column":15,"index":1795},"end":{"line":55,"column":35,"index":1815},"identifierName":"DEFAULT_TRUNC_LENGTH"},"name":"DEFAULT_TRUNC_LENGTH"}}],"kind":"let"},{"type":"VariableDeclaration","start":1818,"end":1855,"loc":{"start":{"line":56,"column":2,"index":1818},"end":{"line":56,"column":39,"index":1855}},"declarations":[{"type":"VariableDeclarator","start":1822,"end":1855,"loc":{"start":{"line":56,"column":6,"index":1822},"end":{"line":56,"column":39,"index":1855}},"id":{"type":"Identifier","start":1822,"end":1830,"loc":{"start":{"line":56,"column":6,"index":1822},"end":{"line":56,"column":14,"index":1830},"identifierName":"omission"},"name":"omission"},"init":{"type":"Identifier","start":1833,"end":1855,"loc":{"start":{"line":56,"column":17,"index":1833},"end":{"line":56,"column":39,"index":1855},"identifierName":"DEFAULT_TRUNC_OMISSION"},"name":"DEFAULT_TRUNC_OMISSION"}}],"kind":"let"},{"type":"IfStatement","start":1859,"end":2098,"loc":{"start":{"line":58,"column":2,"index":1859},"end":{"line":62,"column":3,"index":2098}},"test":{"type":"CallExpression","start":1863,"end":1880,"loc":{"start":{"line":58,"column":6,"index":1863},"end":{"line":58,"column":23,"index":1880}},"callee":{"type":"Identifier","start":1863,"end":1871,"loc":{"start":{"line":58,"column":6,"index":1863},"end":{"line":58,"column":14,"index":1871},"identifierName":"isObject"},"name":"isObject"},"arguments":[{"type":"Identifier","start":1872,"end":1879,"loc":{"start":{"line":58,"column":15,"index":1872},"end":{"line":58,"column":22,"index":1879},"identifierName":"options"},"name":"options"}]},"consequent":{"type":"BlockStatement","start":1882,"end":2098,"loc":{"start":{"line":58,"column":25,"index":1882},"end":{"line":62,"column":3,"index":2098}},"body":[{"type":"ExpressionStatement","start":1888,"end":1954,"loc":{"start":{"line":59,"column":4,"index":1888},"end":{"line":59,"column":70,"index":1954}},"expression":{"type":"AssignmentExpression","start":1888,"end":1954,"loc":{"start":{"line":59,"column":4,"index":1888},"end":{"line":59,"column":70,"index":1954}},"operator":"=","left":{"type":"Identifier","start":1888,"end":1897,"loc":{"start":{"line":59,"column":4,"index":1888},"end":{"line":59,"column":13,"index":1897},"identifierName":"separator"},"name":"separator"},"right":{"type":"ConditionalExpression","start":1900,"end":1954,"loc":{"start":{"line":59,"column":16,"index":1900},"end":{"line":59,"column":70,"index":1954}},"test":{"type":"BinaryExpression","start":1900,"end":1922,"loc":{"start":{"line":59,"column":16,"index":1900},"end":{"line":59,"column":38,"index":1922}},"left":{"type":"StringLiteral","start":1900,"end":1911,"loc":{"start":{"line":59,"column":16,"index":1900},"end":{"line":59,"column":27,"index":1911}},"extra":{"rawValue":"separator","raw":"'separator'"},"value":"separator"},"operator":"in","right":{"type":"Identifier","start":1915,"end":1922,"loc":{"start":{"line":59,"column":31,"index":1915},"end":{"line":59,"column":38,"index":1922},"identifierName":"options"},"name":"options"}},"consequent":{"type":"MemberExpression","start":1925,"end":1942,"loc":{"start":{"line":59,"column":41,"index":1925},"end":{"line":59,"column":58,"index":1942}},"object":{"type":"Identifier","start":1925,"end":1932,"loc":{"start":{"line":59,"column":41,"index":1925},"end":{"line":59,"column":48,"index":1932},"identifierName":"options"},"name":"options"},"computed":false,"property":{"type":"Identifier","start":1933,"end":1942,"loc":{"start":{"line":59,"column":49,"index":1933},"end":{"line":59,"column":58,"index":1942},"identifierName":"separator"},"name":"separator"}},"alternate":{"type":"Identifier","start":1945,"end":1954,"loc":{"start":{"line":59,"column":61,"index":1945},"end":{"line":59,"column":70,"index":1954},"identifierName":"separator"},"name":"separator"}}}},{"type":"ExpressionStatement","start":1959,"end":2013,"loc":{"start":{"line":60,"column":4,"index":1959},"end":{"line":60,"column":58,"index":2013}},"expression":{"type":"AssignmentExpression","start":1959,"end":2013,"loc":{"start":{"line":60,"column":4,"index":1959},"end":{"line":60,"column":58,"index":2013}},"operator":"=","left":{"type":"Identifier","start":1959,"end":1965,"loc":{"start":{"line":60,"column":4,"index":1959},"end":{"line":60,"column":10,"index":1965},"identifierName":"length"},"name":"length"},"right":{"type":"ConditionalExpression","start":1968,"end":2013,"loc":{"start":{"line":60,"column":13,"index":1968},"end":{"line":60,"column":58,"index":2013}},"test":{"type":"BinaryExpression","start":1968,"end":1987,"loc":{"start":{"line":60,"column":13,"index":1968},"end":{"line":60,"column":32,"index":1987}},"left":{"type":"StringLiteral","start":1968,"end":1976,"loc":{"start":{"line":60,"column":13,"index":1968},"end":{"line":60,"column":21,"index":1976}},"extra":{"rawValue":"length","raw":"'length'"},"value":"length"},"operator":"in","right":{"type":"Identifier","start":1980,"end":1987,"loc":{"start":{"line":60,"column":25,"index":1980},"end":{"line":60,"column":32,"index":1987},"identifierName":"options"},"name":"options"}},"consequent":{"type":"MemberExpression","start":1990,"end":2004,"loc":{"start":{"line":60,"column":35,"index":1990},"end":{"line":60,"column":49,"index":2004}},"object":{"type":"Identifier","start":1990,"end":1997,"loc":{"start":{"line":60,"column":35,"index":1990},"end":{"line":60,"column":42,"index":1997},"identifierName":"options"},"name":"options"},"computed":false,"property":{"type":"Identifier","start":1998,"end":2004,"loc":{"start":{"line":60,"column":43,"index":1998},"end":{"line":60,"column":49,"index":2004},"identifierName":"length"},"name":"length"}},"alternate":{"type":"Identifier","start":2007,"end":2013,"loc":{"start":{"line":60,"column":52,"index":2007},"end":{"line":60,"column":58,"index":2013},"identifierName":"length"},"name":"length"}}}},{"type":"ExpressionStatement","start":2018,"end":2094,"loc":{"start":{"line":61,"column":4,"index":2018},"end":{"line":61,"column":80,"index":2094}},"expression":{"type":"AssignmentExpression","start":2018,"end":2094,"loc":{"start":{"line":61,"column":4,"index":2018},"end":{"line":61,"column":80,"index":2094}},"operator":"=","left":{"type":"Identifier","start":2018,"end":2026,"loc":{"start":{"line":61,"column":4,"index":2018},"end":{"line":61,"column":12,"index":2026},"identifierName":"omission"},"name":"omission"},"right":{"type":"ConditionalExpression","start":2029,"end":2094,"loc":{"start":{"line":61,"column":15,"index":2029},"end":{"line":61,"column":80,"index":2094}},"test":{"type":"BinaryExpression","start":2029,"end":2050,"loc":{"start":{"line":61,"column":15,"index":2029},"end":{"line":61,"column":36,"index":2050}},"left":{"type":"StringLiteral","start":2029,"end":2039,"loc":{"start":{"line":61,"column":15,"index":2029},"end":{"line":61,"column":25,"index":2039}},"extra":{"rawValue":"omission","raw":"'omission'"},"value":"omission"},"operator":"in","right":{"type":"Identifier","start":2043,"end":2050,"loc":{"start":{"line":61,"column":29,"index":2043},"end":{"line":61,"column":36,"index":2050},"identifierName":"options"},"name":"options"}},"consequent":{"type":"CallExpression","start":2053,"end":2083,"loc":{"start":{"line":61,"column":39,"index":2053},"end":{"line":61,"column":69,"index":2083}},"callee":{"type":"Identifier","start":2053,"end":2065,"loc":{"start":{"line":61,"column":39,"index":2053},"end":{"line":61,"column":51,"index":2065},"identifierName":"baseToString"},"name":"baseToString"},"arguments":[{"type":"MemberExpression","start":2066,"end":2082,"loc":{"start":{"line":61,"column":52,"index":2066},"end":{"line":61,"column":68,"index":2082}},"object":{"type":"Identifier","start":2066,"end":2073,"loc":{"start":{"line":61,"column":52,"index":2066},"end":{"line":61,"column":59,"index":2073},"identifierName":"options"},"name":"options"},"computed":false,"property":{"type":"Identifier","start":2074,"end":2082,"loc":{"start":{"line":61,"column":60,"index":2074},"end":{"line":61,"column":68,"index":2082},"identifierName":"omission"},"name":"omission"}}]},"alternate":{"type":"Identifier","start":2086,"end":2094,"loc":{"start":{"line":61,"column":72,"index":2086},"end":{"line":61,"column":80,"index":2094},"identifierName":"omission"},"name":"omission"}}}}],"directives":[]},"alternate":null},{"type":"ExpressionStatement","start":2102,"end":2127,"loc":{"start":{"line":64,"column":2,"index":2102},"end":{"line":64,"column":27,"index":2127}},"expression":{"type":"AssignmentExpression","start":2102,"end":2127,"loc":{"start":{"line":64,"column":2,"index":2102},"end":{"line":64,"column":27,"index":2127}},"operator":"=","left":{"type":"Identifier","start":2102,"end":2108,"loc":{"start":{"line":64,"column":2,"index":2102},"end":{"line":64,"column":8,"index":2108},"identifierName":"string"},"name":"string"},"right":{"type":"CallExpression","start":2111,"end":2127,"loc":{"start":{"line":64,"column":11,"index":2111},"end":{"line":64,"column":27,"index":2127}},"callee":{"type":"Identifier","start":2111,"end":2119,"loc":{"start":{"line":64,"column":11,"index":2111},"end":{"line":64,"column":19,"index":2119},"identifierName":"toString"},"name":"toString"},"arguments":[{"type":"Identifier","start":2120,"end":2126,"loc":{"start":{"line":64,"column":20,"index":2120},"end":{"line":64,"column":26,"index":2126},"identifierName":"string"},"name":"string"}]}}},{"type":"VariableDeclaration","start":2131,"end":2145,"loc":{"start":{"line":66,"column":2,"index":2131},"end":{"line":66,"column":16,"index":2145}},"declarations":[{"type":"VariableDeclarator","start":2135,"end":2145,"loc":{"start":{"line":66,"column":6,"index":2135},"end":{"line":66,"column":16,"index":2145}},"id":{"type":"Identifier","start":2135,"end":2145,"loc":{"start":{"line":66,"column":6,"index":2135},"end":{"line":66,"column":16,"index":2145},"identifierName":"strSymbols"},"name":"strSymbols"},"init":null}],"kind":"let"},{"type":"VariableDeclaration","start":2148,"end":2177,"loc":{"start":{"line":67,"column":2,"index":2148},"end":{"line":67,"column":31,"index":2177}},"declarations":[{"type":"VariableDeclarator","start":2152,"end":2177,"loc":{"start":{"line":67,"column":6,"index":2152},"end":{"line":67,"column":31,"index":2177}},"id":{"type":"Identifier","start":2152,"end":2161,"loc":{"start":{"line":67,"column":6,"index":2152},"end":{"line":67,"column":15,"index":2161},"identifierName":"strLength"},"name":"strLength"},"init":{"type":"MemberExpression","start":2164,"end":2177,"loc":{"start":{"line":67,"column":18,"index":2164},"end":{"line":67,"column":31,"index":2177}},"object":{"type":"Identifier","start":2164,"end":2170,"loc":{"start":{"line":67,"column":18,"index":2164},"end":{"line":67,"column":24,"index":2170},"identifierName":"string"},"name":"string"},"computed":false,"property":{"type":"Identifier","start":2171,"end":2177,"loc":{"start":{"line":67,"column":25,"index":2171},"end":{"line":67,"column":31,"index":2177},"identifierName":"length"},"name":"length"}}}],"kind":"let"},{"type":"IfStatement","start":2180,"end":2282,"loc":{"start":{"line":68,"column":2,"index":2180},"end":{"line":71,"column":3,"index":2282}},"test":{"type":"CallExpression","start":2184,"end":2202,"loc":{"start":{"line":68,"column":6,"index":2184},"end":{"line":68,"column":24,"index":2202}},"callee":{"type":"Identifier","start":2184,"end":2194,"loc":{"start":{"line":68,"column":6,"index":2184},"end":{"line":68,"column":16,"index":2194},"identifierName":"hasUnicode"},"name":"hasUnicode"},"arguments":[{"type":"Identifier","start":2195,"end":2201,"loc":{"start":{"line":68,"column":17,"index":2195},"end":{"line":68,"column":23,"index":2201},"identifierName":"string"},"name":"string"}]},"consequent":{"type":"BlockStatement","start":2204,"end":2282,"loc":{"start":{"line":68,"column":26,"index":2204},"end":{"line":71,"column":3,"index":2282}},"body":[{"type":"ExpressionStatement","start":2210,"end":2244,"loc":{"start":{"line":69,"column":4,"index":2210},"end":{"line":69,"column":38,"index":2244}},"expression":{"type":"AssignmentExpression","start":2210,"end":2244,"loc":{"start":{"line":69,"column":4,"index":2210},"end":{"line":69,"column":38,"index":2244}},"operator":"=","left":{"type":"Identifier","start":2210,"end":2220,"loc":{"start":{"line":69,"column":4,"index":2210},"end":{"line":69,"column":14,"index":2220},"identifierName":"strSymbols"},"name":"strSymbols"},"right":{"type":"CallExpression","start":2223,"end":2244,"loc":{"start":{"line":69,"column":17,"index":2223},"end":{"line":69,"column":38,"index":2244}},"callee":{"type":"Identifier","start":2223,"end":2236,"loc":{"start":{"line":69,"column":17,"index":2223},"end":{"line":69,"column":30,"index":2236},"identifierName":"stringToArray"},"name":"stringToArray"},"arguments":[{"type":"Identifier","start":2237,"end":2243,"loc":{"start":{"line":69,"column":31,"index":2237},"end":{"line":69,"column":37,"index":2243},"identifierName":"string"},"name":"string"}]}}},{"type":"ExpressionStatement","start":2249,"end":2278,"loc":{"start":{"line":70,"column":4,"index":2249},"end":{"line":70,"column":33,"index":2278}},"expression":{"type":"AssignmentExpression","start":2249,"end":2278,"loc":{"start":{"line":70,"column":4,"index":2249},"end":{"line":70,"column":33,"index":2278}},"operator":"=","left":{"type":"Identifier","start":2249,"end":2258,"loc":{"start":{"line":70,"column":4,"index":2249},"end":{"line":70,"column":13,"index":2258},"identifierName":"strLength"},"name":"strLength"},"right":{"type":"MemberExpression","start":2261,"end":2278,"loc":{"start":{"line":70,"column":16,"index":2261},"end":{"line":70,"column":33,"index":2278}},"object":{"type":"Identifier","start":2261,"end":2271,"loc":{"start":{"line":70,"column":16,"index":2261},"end":{"line":70,"column":26,"index":2271},"identifierName":"strSymbols"},"name":"strSymbols"},"computed":false,"property":{"type":"Identifier","start":2272,"end":2278,"loc":{"start":{"line":70,"column":27,"index":2272},"end":{"line":70,"column":33,"index":2278},"identifierName":"length"},"name":"length"}}}}],"directives":[]},"alternate":null},{"type":"IfStatement","start":2285,"end":2333,"loc":{"start":{"line":72,"column":2,"index":2285},"end":{"line":74,"column":3,"index":2333}},"test":{"type":"BinaryExpression","start":2289,"end":2308,"loc":{"start":{"line":72,"column":6,"index":2289},"end":{"line":72,"column":25,"index":2308}},"left":{"type":"Identifier","start":2289,"end":2295,"loc":{"start":{"line":72,"column":6,"index":2289},"end":{"line":72,"column":12,"index":2295},"identifierName":"length"},"name":"length"},"operator":">=","right":{"type":"Identifier","start":2299,"end":2308,"loc":{"start":{"line":72,"column":16,"index":2299},"end":{"line":72,"column":25,"index":2308},"identifierName":"strLength"},"name":"strLength"}},"consequent":{"type":"BlockStatement","start":2310,"end":2333,"loc":{"start":{"line":72,"column":27,"index":2310},"end":{"line":74,"column":3,"index":2333}},"body":[{"type":"ReturnStatement","start":2316,"end":2329,"loc":{"start":{"line":73,"column":4,"index":2316},"end":{"line":73,"column":17,"index":2329}},"argument":{"type":"Identifier","start":2323,"end":2329,"loc":{"start":{"line":73,"column":11,"index":2323},"end":{"line":73,"column":17,"index":2329},"identifierName":"string"},"name":"string"}}],"directives":[]},"alternate":null},{"type":"VariableDeclaration","start":2336,"end":2375,"loc":{"start":{"line":75,"column":2,"index":2336},"end":{"line":75,"column":41,"index":2375}},"declarations":[{"type":"VariableDeclarator","start":2340,"end":2375,"loc":{"start":{"line":75,"column":6,"index":2340},"end":{"line":75,"column":41,"index":2375}},"id":{"type":"Identifier","start":2340,"end":2343,"loc":{"start":{"line":75,"column":6,"index":2340},"end":{"line":75,"column":9,"index":2343},"identifierName":"end"},"name":"end"},"init":{"type":"BinaryExpression","start":2346,"end":2375,"loc":{"start":{"line":75,"column":12,"index":2346},"end":{"line":75,"column":41,"index":2375}},"left":{"type":"Identifier","start":2346,"end":2352,"loc":{"start":{"line":75,"column":12,"index":2346},"end":{"line":75,"column":18,"index":2352},"identifierName":"length"},"name":"length"},"operator":"-","right":{"type":"CallExpression","start":2355,"end":2375,"loc":{"start":{"line":75,"column":21,"index":2355},"end":{"line":75,"column":41,"index":2375}},"callee":{"type":"Identifier","start":2355,"end":2365,"loc":{"start":{"line":75,"column":21,"index":2355},"end":{"line":75,"column":31,"index":2365},"identifierName":"stringSize"},"name":"stringSize"},"arguments":[{"type":"Identifier","start":2366,"end":2374,"loc":{"start":{"line":75,"column":32,"index":2366},"end":{"line":75,"column":40,"index":2374},"identifierName":"omission"},"name":"omission"}]}}}],"kind":"let"},{"type":"IfStatement","start":2378,"end":2416,"loc":{"start":{"line":76,"column":2,"index":2378},"end":{"line":78,"column":3,"index":2416}},"test":{"type":"BinaryExpression","start":2382,"end":2389,"loc":{"start":{"line":76,"column":6,"index":2382},"end":{"line":76,"column":13,"index":2389}},"left":{"type":"Identifier","start":2382,"end":2385,"loc":{"start":{"line":76,"column":6,"index":2382},"end":{"line":76,"column":9,"index":2385},"identifierName":"end"},"name":"end"},"operator":"<","right":{"type":"NumericLiteral","start":2388,"end":2389,"loc":{"start":{"line":76,"column":12,"index":2388},"end":{"line":76,"column":13,"index":2389}},"extra":{"rawValue":1,"raw":"1"},"value":1}},"consequent":{"type":"BlockStatement","start":2391,"end":2416,"loc":{"start":{"line":76,"column":15,"index":2391},"end":{"line":78,"column":3,"index":2416}},"body":[{"type":"ReturnStatement","start":2397,"end":2412,"loc":{"start":{"line":77,"column":4,"index":2397},"end":{"line":77,"column":19,"index":2412}},"argument":{"type":"Identifier","start":2404,"end":2412,"loc":{"start":{"line":77,"column":11,"index":2404},"end":{"line":77,"column":19,"index":2412},"identifierName":"omission"},"name":"omission"}}],"directives":[]},"alternate":null},{"type":"VariableDeclaration","start":2419,"end":2514,"loc":{"start":{"line":79,"column":2,"index":2419},"end":{"line":81,"column":26,"index":2514}},"declarations":[{"type":"VariableDeclarator","start":2423,"end":2514,"loc":{"start":{"line":79,"column":6,"index":2423},"end":{"line":81,"column":26,"index":2514}},"id":{"type":"Identifier","start":2423,"end":2429,"loc":{"start":{"line":79,"column":6,"index":2423},"end":{"line":79,"column":12,"index":2429},"identifierName":"result"},"name":"result"},"init":{"type":"ConditionalExpression","start":2432,"end":2514,"loc":{"start":{"line":79,"column":15,"index":2432},"end":{"line":81,"column":26,"index":2514}},"test":{"type":"Identifier","start":2432,"end":2442,"loc":{"start":{"line":79,"column":15,"index":2432},"end":{"line":79,"column":25,"index":2442},"identifierName":"strSymbols"},"name":"strSymbols"},"consequent":{"type":"CallExpression","start":2449,"end":2487,"loc":{"start":{"line":80,"column":6,"index":2449},"end":{"line":80,"column":44,"index":2487}},"callee":{"type":"MemberExpression","start":2449,"end":2483,"loc":{"start":{"line":80,"column":6,"index":2449},"end":{"line":80,"column":40,"index":2483}},"object":{"type":"CallExpression","start":2449,"end":2478,"loc":{"start":{"line":80,"column":6,"index":2449},"end":{"line":80,"column":35,"index":2478}},"callee":{"type":"Identifier","start":2449,"end":2458,"loc":{"start":{"line":80,"column":6,"index":2449},"end":{"line":80,"column":15,"index":2458},"identifierName":"castSlice"},"name":"castSlice"},"arguments":[{"type":"Identifier","start":2459,"end":2469,"loc":{"start":{"line":80,"column":16,"index":2459},"end":{"line":80,"column":26,"index":2469},"identifierName":"strSymbols"},"name":"strSymbols"},{"type":"NumericLiteral","start":2471,"end":2472,"loc":{"start":{"line":80,"column":28,"index":2471},"end":{"line":80,"column":29,"index":2472}},"extra":{"rawValue":0,"raw":"0"},"value":0},{"type":"Identifier","start":2474,"end":2477,"loc":{"start":{"line":80,"column":31,"index":2474},"end":{"line":80,"column":34,"index":2477},"identifierName":"end"},"name":"end"}]},"computed":false,"property":{"type":"Identifier","start":2479,"end":2483,"loc":{"start":{"line":80,"column":36,"index":2479},"end":{"line":80,"column":40,"index":2483},"identifierName":"join"},"name":"join"}},"arguments":[{"type":"StringLiteral","start":2484,"end":2486,"loc":{"start":{"line":80,"column":41,"index":2484},"end":{"line":80,"column":43,"index":2486}},"extra":{"rawValue":"","raw":"''"},"value":""}]},"alternate":{"type":"CallExpression","start":2494,"end":2514,"loc":{"start":{"line":81,"column":6,"index":2494},"end":{"line":81,"column":26,"index":2514}},"callee":{"type":"MemberExpression","start":2494,"end":2506,"loc":{"start":{"line":81,"column":6,"index":2494},"end":{"line":81,"column":18,"index":2506}},"object":{"type":"Identifier","start":2494,"end":2500,"loc":{"start":{"line":81,"column":6,"index":2494},"end":{"line":81,"column":12,"index":2500},"identifierName":"string"},"name":"string"},"computed":false,"property":{"type":"Identifier","start":2501,"end":2506,"loc":{"start":{"line":81,"column":13,"index":2501},"end":{"line":81,"column":18,"index":2506},"identifierName":"slice"},"name":"slice"}},"arguments":[{"type":"NumericLiteral","start":2507,"end":2508,"loc":{"start":{"line":81,"column":19,"index":2507},"end":{"line":81,"column":20,"index":2508}},"extra":{"rawValue":0,"raw":"0"},"value":0},{"type":"Identifier","start":2510,"end":2513,"loc":{"start":{"line":81,"column":22,"index":2510},"end":{"line":81,"column":25,"index":2513},"identifierName":"end"},"name":"end"}]}}}],"kind":"let"},{"type":"IfStatement","start":2518,"end":2581,"loc":{"start":{"line":83,"column":2,"index":2518},"end":{"line":85,"column":3,"index":2581}},"test":{"type":"BinaryExpression","start":2522,"end":2545,"loc":{"start":{"line":83,"column":6,"index":2522},"end":{"line":83,"column":29,"index":2545}},"left":{"type":"Identifier","start":2522,"end":2531,"loc":{"start":{"line":83,"column":6,"index":2522},"end":{"line":83,"column":15,"index":2531},"identifierName":"separator"},"name":"separator"},"operator":"===","right":{"type":"Identifier","start":2536,"end":2545,"loc":{"start":{"line":83,"column":20,"index":2536},"end":{"line":83,"column":29,"index":2545},"identifierName":"undefined"},"name":"undefined"}},"consequent":{"type":"BlockStatement","start":2547,"end":2581,"loc":{"start":{"line":83,"column":31,"index":2547},"end":{"line":85,"column":3,"index":2581}},"body":[{"type":"ReturnStatement","start":2553,"end":2577,"loc":{"start":{"line":84,"column":4,"index":2553},"end":{"line":84,"column":28,"index":2577}},"argument":{"type":"BinaryExpression","start":2560,"end":2577,"loc":{"start":{"line":84,"column":11,"index":2560},"end":{"line":84,"column":28,"index":2577}},"left":{"type":"Identifier","start":2560,"end":2566,"loc":{"start":{"line":84,"column":11,"index":2560},"end":{"line":84,"column":17,"index":2566},"identifierName":"result"},"name":"result"},"operator":"+","right":{"type":"Identifier","start":2569,"end":2577,"loc":{"start":{"line":84,"column":20,"index":2569},"end":{"line":84,"column":28,"index":2577},"identifierName":"omission"},"name":"omission"}}}],"directives":[]},"alternate":null},{"type":"IfStatement","start":2584,"end":2638,"loc":{"start":{"line":86,"column":2,"index":2584},"end":{"line":88,"column":3,"index":2638}},"test":{"type":"Identifier","start":2588,"end":2598,"loc":{"start":{"line":86,"column":6,"index":2588},"end":{"line":86,"column":16,"index":2598},"identifierName":"strSymbols"},"name":"strSymbols"},"consequent":{"type":"BlockStatement","start":2600,"end":2638,"loc":{"start":{"line":86,"column":18,"index":2600},"end":{"line":88,"column":3,"index":2638}},"body":[{"type":"ExpressionStatement","start":2606,"end":2634,"loc":{"start":{"line":87,"column":4,"index":2606},"end":{"line":87,"column":32,"index":2634}},"expression":{"type":"AssignmentExpression","start":2606,"end":2634,"loc":{"start":{"line":87,"column":4,"index":2606},"end":{"line":87,"column":32,"index":2634}},"operator":"+=","left":{"type":"Identifier","start":2606,"end":2609,"loc":{"start":{"line":87,"column":4,"index":2606},"end":{"line":87,"column":7,"index":2609},"identifierName":"end"},"name":"end"},"right":{"type":"BinaryExpression","start":2614,"end":2633,"loc":{"start":{"line":87,"column":12,"index":2614},"end":{"line":87,"column":31,"index":2633}},"left":{"type":"MemberExpression","start":2614,"end":2627,"loc":{"start":{"line":87,"column":12,"index":2614},"end":{"line":87,"column":25,"index":2627}},"object":{"type":"Identifier","start":2614,"end":2620,"loc":{"start":{"line":87,"column":12,"index":2614},"end":{"line":87,"column":18,"index":2620},"identifierName":"result"},"name":"result"},"computed":false,"property":{"type":"Identifier","start":2621,"end":2627,"loc":{"start":{"line":87,"column":19,"index":2621},"end":{"line":87,"column":25,"index":2627},"identifierName":"length"},"name":"length"}},"operator":"-","right":{"type":"Identifier","start":2630,"end":2633,"loc":{"start":{"line":87,"column":28,"index":2630},"end":{"line":87,"column":31,"index":2633},"identifierName":"end"},"name":"end"},"extra":{"parenthesized":true,"parenStart":2613}}}}],"directives":[]},"alternate":null},{"type":"IfStatement","start":2641,"end":3279,"loc":{"start":{"line":89,"column":2,"index":2641},"end":{"line":109,"column":3,"index":3279}},"test":{"type":"CallExpression","start":2645,"end":2664,"loc":{"start":{"line":89,"column":6,"index":2645},"end":{"line":89,"column":25,"index":2664}},"callee":{"type":"Identifier","start":2645,"end":2653,"loc":{"start":{"line":89,"column":6,"index":2645},"end":{"line":89,"column":14,"index":2653},"identifierName":"isRegExp"},"name":"isRegExp"},"arguments":[{"type":"Identifier","start":2654,"end":2663,"loc":{"start":{"line":89,"column":15,"index":2654},"end":{"line":89,"column":24,"index":2663},"identifierName":"separator"},"name":"separator"}]},"consequent":{"type":"BlockStatement","start":2666,"end":3097,"loc":{"start":{"line":89,"column":27,"index":2666},"end":{"line":104,"column":3,"index":3097}},"body":[{"type":"IfStatement","start":2672,"end":3093,"loc":{"start":{"line":90,"column":4,"index":2672},"end":{"line":103,"column":5,"index":3093}},"test":{"type":"CallExpression","start":2676,"end":2711,"loc":{"start":{"line":90,"column":8,"index":2676},"end":{"line":90,"column":43,"index":2711}},"callee":{"type":"MemberExpression","start":2676,"end":2700,"loc":{"start":{"line":90,"column":8,"index":2676},"end":{"line":90,"column":32,"index":2700}},"object":{"type":"CallExpression","start":2676,"end":2693,"loc":{"start":{"line":90,"column":8,"index":2676},"end":{"line":90,"column":25,"index":2693}},"callee":{"type":"MemberExpression","start":2676,"end":2688,"loc":{"start":{"line":90,"column":8,"index":2676},"end":{"line":90,"column":20,"index":2688}},"object":{"type":"Identifier","start":2676,"end":2682,"loc":{"start":{"line":90,"column":8,"index":2676},"end":{"line":90,"column":14,"index":2682},"identifierName":"string"},"name":"string"},"computed":false,"property":{"type":"Identifier","start":2683,"end":2688,"loc":{"start":{"line":90,"column":15,"index":2683},"end":{"line":90,"column":20,"index":2688},"identifierName":"slice"},"name":"slice"}},"arguments":[{"type":"Identifier","start":2689,"end":2692,"loc":{"start":{"line":90,"column":21,"index":2689},"end":{"line":90,"column":24,"index":2692},"identifierName":"end"},"name":"end"}]},"computed":false,"property":{"type":"Identifier","start":2694,"end":2700,"loc":{"start":{"line":90,"column":26,"index":2694},"end":{"line":90,"column":32,"index":2700},"identifierName":"search"},"name":"search"}},"arguments":[{"type":"Identifier","start":2701,"end":2710,"loc":{"start":{"line":90,"column":33,"index":2701},"end":{"line":90,"column":42,"index":2710},"identifierName":"separator"},"name":"separator"}]},"consequent":{"type":"BlockStatement","start":2713,"end":3093,"loc":{"start":{"line":90,"column":45,"index":2713},"end":{"line":103,"column":5,"index":3093}},"body":[{"type":"VariableDeclaration","start":2721,"end":2730,"loc":{"start":{"line":91,"column":6,"index":2721},"end":{"line":91,"column":15,"index":2730}},"declarations":[{"type":"VariableDeclarator","start":2725,"end":2730,"loc":{"start":{"line":91,"column":10,"index":2725},"end":{"line":91,"column":15,"index":2730}},"id":{"type":"Identifier","start":2725,"end":2730,"loc":{"start":{"line":91,"column":10,"index":2725},"end":{"line":91,"column":15,"index":2730},"identifierName":"match"},"name":"match"},"init":null}],"kind":"let"},{"type":"VariableDeclaration","start":2737,"end":2747,"loc":{"start":{"line":92,"column":6,"index":2737},"end":{"line":92,"column":16,"index":2747}},"declarations":[{"type":"VariableDeclarator","start":2741,"end":2747,"loc":{"start":{"line":92,"column":10,"index":2741},"end":{"line":92,"column":16,"index":2747}},"id":{"type":"Identifier","start":2741,"end":2747,"loc":{"start":{"line":92,"column":10,"index":2741},"end":{"line":92,"column":16,"index":2747},"identifierName":"newEnd"},"name":"newEnd"},"init":null}],"kind":"let"},{"type":"VariableDeclaration","start":2754,"end":2778,"loc":{"start":{"line":93,"column":6,"index":2754},"end":{"line":93,"column":30,"index":2778}},"declarations":[{"type":"VariableDeclarator","start":2760,"end":2778,"loc":{"start":{"line":93,"column":12,"index":2760},"end":{"line":93,"column":30,"index":2778}},"id":{"type":"Identifier","start":2760,"end":2769,"loc":{"start":{"line":93,"column":12,"index":2760},"end":{"line":93,"column":21,"index":2769},"identifierName":"substring"},"name":"substring"},"init":{"type":"Identifier","start":2772,"end":2778,"loc":{"start":{"line":93,"column":24,"index":2772},"end":{"line":93,"column":30,"index":2778},"identifierName":"result"},"name":"result"}}],"kind":"const"},{"type":"IfStatement","start":2786,"end":2900,"loc":{"start":{"line":95,"column":6,"index":2786},"end":{"line":97,"column":7,"index":2900}},"test":{"type":"UnaryExpression","start":2790,"end":2807,"loc":{"start":{"line":95,"column":10,"index":2790},"end":{"line":95,"column":27,"index":2807}},"operator":"!","prefix":true,"argument":{"type":"MemberExpression","start":2791,"end":2807,"loc":{"start":{"line":95,"column":11,"index":2791},"end":{"line":95,"column":27,"index":2807}},"object":{"type":"Identifier","start":2791,"end":2800,"loc":{"start":{"line":95,"column":11,"index":2791},"end":{"line":95,"column":20,"index":2800},"identifierName":"separator"},"name":"separator"},"computed":false,"property":{"type":"Identifier","start":2801,"end":2807,"loc":{"start":{"line":95,"column":21,"index":2801},"end":{"line":95,"column":27,"index":2807},"identifierName":"global"},"name":"global"}}},"consequent":{"type":"BlockStatement","start":2809,"end":2900,"loc":{"start":{"line":95,"column":29,"index":2809},"end":{"line":97,"column":7,"index":2900}},"body":[{"type":"ExpressionStatement","start":2819,"end":2892,"loc":{"start":{"line":96,"column":8,"index":2819},"end":{"line":96,"column":81,"index":2892}},"expression":{"type":"AssignmentExpression","start":2819,"end":2892,"loc":{"start":{"line":96,"column":8,"index":2819},"end":{"line":96,"column":81,"index":2892}},"operator":"=","left":{"type":"Identifier","start":2819,"end":2828,"loc":{"start":{"line":96,"column":8,"index":2819},"end":{"line":96,"column":17,"index":2828},"identifierName":"separator"},"name":"separator"},"right":{"type":"CallExpression","start":2831,"end":2892,"loc":{"start":{"line":96,"column":20,"index":2831},"end":{"line":96,"column":81,"index":2892}},"callee":{"type":"Identifier","start":2831,"end":2837,"loc":{"start":{"line":96,"column":20,"index":2831},"end":{"line":96,"column":26,"index":2837},"identifierName":"RegExp"},"name":"RegExp"},"arguments":[{"type":"MemberExpression","start":2838,"end":2854,"loc":{"start":{"line":96,"column":27,"index":2838},"end":{"line":96,"column":43,"index":2854}},"object":{"type":"Identifier","start":2838,"end":2847,"loc":{"start":{"line":96,"column":27,"index":2838},"end":{"line":96,"column":36,"index":2847},"identifierName":"separator"},"name":"separator"},"computed":false,"property":{"type":"Identifier","start":2848,"end":2854,"loc":{"start":{"line":96,"column":37,"index":2848},"end":{"line":96,"column":43,"index":2854},"identifierName":"source"},"name":"source"}},{"type":"TemplateLiteral","start":2856,"end":2891,"loc":{"start":{"line":96,"column":45,"index":2856},"end":{"line":96,"column":80,"index":2891}},"expressions":[{"type":"LogicalExpression","start":2859,"end":2888,"loc":{"start":{"line":96,"column":48,"index":2859},"end":{"line":96,"column":77,"index":2888}},"left":{"type":"CallExpression","start":2859,"end":2882,"loc":{"start":{"line":96,"column":48,"index":2859},"end":{"line":96,"column":71,"index":2882}},"callee":{"type":"MemberExpression","start":2859,"end":2871,"loc":{"start":{"line":96,"column":48,"index":2859},"end":{"line":96,"column":60,"index":2871}},"object":{"type":"Identifier","start":2859,"end":2866,"loc":{"start":{"line":96,"column":48,"index":2859},"end":{"line":96,"column":55,"index":2866},"identifierName":"reFlags"},"name":"reFlags"},"computed":false,"property":{"type":"Identifier","start":2867,"end":2871,"loc":{"start":{"line":96,"column":56,"index":2867},"end":{"line":96,"column":60,"index":2871},"identifierName":"exec"},"name":"exec"}},"arguments":[{"type":"Identifier","start":2872,"end":2881,"loc":{"start":{"line":96,"column":61,"index":2872},"end":{"line":96,"column":70,"index":2881},"identifierName":"separator"},"name":"separator"}]},"operator":"||","right":{"type":"StringLiteral","start":2886,"end":2888,"loc":{"start":{"line":96,"column":75,"index":2886},"end":{"line":96,"column":77,"index":2888}},"extra":{"rawValue":"","raw":"''"},"value":""}}],"quasis":[{"type":"TemplateElement","start":2857,"end":2857,"loc":{"start":{"line":96,"column":46,"index":2857},"end":{"line":96,"column":46,"index":2857}},"value":{"raw":"","cooked":""},"tail":false},{"type":"TemplateElement","start":2889,"end":2890,"loc":{"start":{"line":96,"column":78,"index":2889},"end":{"line":96,"column":79,"index":2890}},"value":{"raw":"g","cooked":"g"},"tail":true}]}]}}}],"directives":[]},"alternate":null},{"type":"ExpressionStatement","start":2907,"end":2930,"loc":{"start":{"line":98,"column":6,"index":2907},"end":{"line":98,"column":29,"index":2930}},"expression":{"type":"AssignmentExpression","start":2907,"end":2930,"loc":{"start":{"line":98,"column":6,"index":2907},"end":{"line":98,"column":29,"index":2930}},"operator":"=","left":{"type":"MemberExpression","start":2907,"end":2926,"loc":{"start":{"line":98,"column":6,"index":2907},"end":{"line":98,"column":25,"index":2926}},"object":{"type":"Identifier","start":2907,"end":2916,"loc":{"start":{"line":98,"column":6,"index":2907},"end":{"line":98,"column":15,"index":2916},"identifierName":"separator"},"name":"separator"},"computed":false,"property":{"type":"Identifier","start":2917,"end":2926,"loc":{"start":{"line":98,"column":16,"index":2917},"end":{"line":98,"column":25,"index":2926},"identifierName":"lastIndex"},"name":"lastIndex"}},"right":{"type":"NumericLiteral","start":2929,"end":2930,"loc":{"start":{"line":98,"column":28,"index":2929},"end":{"line":98,"column":29,"index":2930}},"extra":{"rawValue":0,"raw":"0"},"value":0}}},{"type":"WhileStatement","start":2937,"end":3019,"loc":{"start":{"line":99,"column":6,"index":2937},"end":{"line":101,"column":7,"index":3019}},"test":{"type":"AssignmentExpression","start":2945,"end":2978,"loc":{"start":{"line":99,"column":14,"index":2945},"end":{"line":99,"column":47,"index":2978}},"operator":"=","left":{"type":"Identifier","start":2945,"end":2950,"loc":{"start":{"line":99,"column":14,"index":2945},"end":{"line":99,"column":19,"index":2950},"identifierName":"match"},"name":"match"},"right":{"type":"CallExpression","start":2953,"end":2978,"loc":{"start":{"line":99,"column":22,"index":2953},"end":{"line":99,"column":47,"index":2978}},"callee":{"type":"MemberExpression","start":2953,"end":2967,"loc":{"start":{"line":99,"column":22,"index":2953},"end":{"line":99,"column":36,"index":2967}},"object":{"type":"Identifier","start":2953,"end":2962,"loc":{"start":{"line":99,"column":22,"index":2953},"end":{"line":99,"column":31,"index":2962},"identifierName":"separator"},"name":"separator"},"computed":false,"property":{"type":"Identifier","start":2963,"end":2967,"loc":{"start":{"line":99,"column":32,"index":2963},"end":{"line":99,"column":36,"index":2967},"identifierName":"exec"},"name":"exec"}},"arguments":[{"type":"Identifier","start":2968,"end":2977,"loc":{"start":{"line":99,"column":37,"index":2968},"end":{"line":99,"column":46,"index":2977},"identifierName":"substring"},"name":"substring"}]},"extra":{"parenthesized":true,"parenStart":2944}},"body":{"type":"BlockStatement","start":2981,"end":3019,"loc":{"start":{"line":99,"column":50,"index":2981},"end":{"line":101,"column":7,"index":3019}},"body":[{"type":"ExpressionStatement","start":2991,"end":3011,"loc":{"start":{"line":100,"column":8,"index":2991},"end":{"line":100,"column":28,"index":3011}},"expression":{"type":"AssignmentExpression","start":2991,"end":3011,"loc":{"start":{"line":100,"column":8,"index":2991},"end":{"line":100,"column":28,"index":3011}},"operator":"=","left":{"type":"Identifier","start":2991,"end":2997,"loc":{"start":{"line":100,"column":8,"index":2991},"end":{"line":100,"column":14,"index":2997},"identifierName":"newEnd"},"name":"newEnd"},"right":{"type":"MemberExpression","start":3000,"end":3011,"loc":{"start":{"line":100,"column":17,"index":3000},"end":{"line":100,"column":28,"index":3011}},"object":{"type":"Identifier","start":3000,"end":3005,"loc":{"start":{"line":100,"column":17,"index":3000},"end":{"line":100,"column":22,"index":3005},"identifierName":"match"},"name":"match"},"computed":false,"property":{"type":"Identifier","start":3006,"end":3011,"loc":{"start":{"line":100,"column":23,"index":3006},"end":{"line":100,"column":28,"index":3011},"identifierName":"index"},"name":"index"}}}}],"directives":[]}},{"type":"ExpressionStatement","start":3026,"end":3087,"loc":{"start":{"line":102,"column":6,"index":3026},"end":{"line":102,"column":67,"index":3087}},"expression":{"type":"AssignmentExpression","start":3026,"end":3087,"loc":{"start":{"line":102,"column":6,"index":3026},"end":{"line":102,"column":67,"index":3087}},"operator":"=","left":{"type":"Identifier","start":3026,"end":3032,"loc":{"start":{"line":102,"column":6,"index":3026},"end":{"line":102,"column":12,"index":3032},"identifierName":"result"},"name":"result"},"right":{"type":"CallExpression","start":3035,"end":3087,"loc":{"start":{"line":102,"column":15,"index":3035},"end":{"line":102,"column":67,"index":3087}},"callee":{"type":"MemberExpression","start":3035,"end":3047,"loc":{"start":{"line":102,"column":15,"index":3035},"end":{"line":102,"column":27,"index":3047}},"object":{"type":"Identifier","start":3035,"end":3041,"loc":{"start":{"line":102,"column":15,"index":3035},"end":{"line":102,"column":21,"index":3041},"identifierName":"result"},"name":"result"},"computed":false,"property":{"type":"Identifier","start":3042,"end":3047,"loc":{"start":{"line":102,"column":22,"index":3042},"end":{"line":102,"column":27,"index":3047},"identifierName":"slice"},"name":"slice"}},"arguments":[{"type":"NumericLiteral","start":3048,"end":3049,"loc":{"start":{"line":102,"column":28,"index":3048},"end":{"line":102,"column":29,"index":3049}},"extra":{"rawValue":0,"raw":"0"},"value":0},{"type":"ConditionalExpression","start":3051,"end":3086,"loc":{"start":{"line":102,"column":31,"index":3051},"end":{"line":102,"column":66,"index":3086}},"test":{"type":"BinaryExpression","start":3051,"end":3071,"loc":{"start":{"line":102,"column":31,"index":3051},"end":{"line":102,"column":51,"index":3071}},"left":{"type":"Identifier","start":3051,"end":3057,"loc":{"start":{"line":102,"column":31,"index":3051},"end":{"line":102,"column":37,"index":3057},"identifierName":"newEnd"},"name":"newEnd"},"operator":"===","right":{"type":"Identifier","start":3062,"end":3071,"loc":{"start":{"line":102,"column":42,"index":3062},"end":{"line":102,"column":51,"index":3071},"identifierName":"undefined"},"name":"undefined"}},"consequent":{"type":"Identifier","start":3074,"end":3077,"loc":{"start":{"line":102,"column":54,"index":3074},"end":{"line":102,"column":57,"index":3077},"identifierName":"end"},"name":"end"},"alternate":{"type":"Identifier","start":3080,"end":3086,"loc":{"start":{"line":102,"column":60,"index":3080},"end":{"line":102,"column":66,"index":3086},"identifierName":"newEnd"},"name":"newEnd"}}]}}}],"directives":[]},"alternate":null}],"directives":[]},"alternate":{"type":"IfStatement","start":3103,"end":3279,"loc":{"start":{"line":104,"column":9,"index":3103},"end":{"line":109,"column":3,"index":3279}},"test":{"type":"BinaryExpression","start":3107,"end":3158,"loc":{"start":{"line":104,"column":13,"index":3107},"end":{"line":104,"column":64,"index":3158}},"left":{"type":"CallExpression","start":3107,"end":3151,"loc":{"start":{"line":104,"column":13,"index":3107},"end":{"line":104,"column":57,"index":3151}},"callee":{"type":"MemberExpression","start":3107,"end":3121,"loc":{"start":{"line":104,"column":13,"index":3107},"end":{"line":104,"column":27,"index":3121}},"object":{"type":"Identifier","start":3107,"end":3113,"loc":{"start":{"line":104,"column":13,"index":3107},"end":{"line":104,"column":19,"index":3113},"identifierName":"string"},"name":"string"},"computed":false,"property":{"type":"Identifier","start":3114,"end":3121,"loc":{"start":{"line":104,"column":20,"index":3114},"end":{"line":104,"column":27,"index":3121},"identifierName":"indexOf"},"name":"indexOf"}},"arguments":[{"type":"CallExpression","start":3122,"end":3145,"loc":{"start":{"line":104,"column":28,"index":3122},"end":{"line":104,"column":51,"index":3145}},"callee":{"type":"Identifier","start":3122,"end":3134,"loc":{"start":{"line":104,"column":28,"index":3122},"end":{"line":104,"column":40,"index":3134},"identifierName":"baseToString"},"name":"baseToString"},"arguments":[{"type":"Identifier","start":3135,"end":3144,"loc":{"start":{"line":104,"column":41,"index":3135},"end":{"line":104,"column":50,"index":3144},"identifierName":"separator"},"name":"separator"}]},{"type":"Identifier","start":3147,"end":3150,"loc":{"start":{"line":104,"column":53,"index":3147},"end":{"line":104,"column":56,"index":3150},"identifierName":"end"},"name":"end"}]},"operator":"!=","right":{"type":"Identifier","start":3155,"end":3158,"loc":{"start":{"line":104,"column":61,"index":3155},"end":{"line":104,"column":64,"index":3158},"identifierName":"end"},"name":"end"}},"consequent":{"type":"BlockStatement","start":3160,"end":3279,"loc":{"start":{"line":104,"column":66,"index":3160},"end":{"line":109,"column":3,"index":3279}},"body":[{"type":"VariableDeclaration","start":3166,"end":3209,"loc":{"start":{"line":105,"column":4,"index":3166},"end":{"line":105,"column":47,"index":3209}},"declarations":[{"type":"VariableDeclarator","start":3172,"end":3209,"loc":{"start":{"line":105,"column":10,"index":3172},"end":{"line":105,"column":47,"index":3209}},"id":{"type":"Identifier","start":3172,"end":3177,"loc":{"start":{"line":105,"column":10,"index":3172},"end":{"line":105,"column":15,"index":3177},"identifierName":"index"},"name":"index"},"init":{"type":"CallExpression","start":3180,"end":3209,"loc":{"start":{"line":105,"column":18,"index":3180},"end":{"line":105,"column":47,"index":3209}},"callee":{"type":"MemberExpression","start":3180,"end":3198,"loc":{"start":{"line":105,"column":18,"index":3180},"end":{"line":105,"column":36,"index":3198}},"object":{"type":"Identifier","start":3180,"end":3186,"loc":{"start":{"line":105,"column":18,"index":3180},"end":{"line":105,"column":24,"index":3186},"identifierName":"result"},"name":"result"},"computed":false,"property":{"type":"Identifier","start":3187,"end":3198,"loc":{"start":{"line":105,"column":25,"index":3187},"end":{"line":105,"column":36,"index":3198},"identifierName":"lastIndexOf"},"name":"lastIndexOf"}},"arguments":[{"type":"Identifier","start":3199,"end":3208,"loc":{"start":{"line":105,"column":37,"index":3199},"end":{"line":105,"column":46,"index":3208},"identifierName":"separator"},"name":"separator"}]}}],"kind":"const"},{"type":"IfStatement","start":3214,"end":3275,"loc":{"start":{"line":106,"column":4,"index":3214},"end":{"line":108,"column":5,"index":3275}},"test":{"type":"BinaryExpression","start":3218,"end":3228,"loc":{"start":{"line":106,"column":8,"index":3218},"end":{"line":106,"column":18,"index":3228}},"left":{"type":"Identifier","start":3218,"end":3223,"loc":{"start":{"line":106,"column":8,"index":3218},"end":{"line":106,"column":13,"index":3223},"identifierName":"index"},"name":"index"},"operator":">","right":{"type":"UnaryExpression","start":3226,"end":3228,"loc":{"start":{"line":106,"column":16,"index":3226},"end":{"line":106,"column":18,"index":3228}},"operator":"-","prefix":true,"argument":{"type":"NumericLiteral","start":3227,"end":3228,"loc":{"start":{"line":106,"column":17,"index":3227},"end":{"line":106,"column":18,"index":3228}},"extra":{"rawValue":1,"raw":"1"},"value":1}}},"consequent":{"type":"BlockStatement","start":3230,"end":3275,"loc":{"start":{"line":106,"column":20,"index":3230},"end":{"line":108,"column":5,"index":3275}},"body":[{"type":"ExpressionStatement","start":3238,"end":3269,"loc":{"start":{"line":107,"column":6,"index":3238},"end":{"line":107,"column":37,"index":3269}},"expression":{"type":"AssignmentExpression","start":3238,"end":3269,"loc":{"start":{"line":107,"column":6,"index":3238},"end":{"line":107,"column":37,"index":3269}},"operator":"=","left":{"type":"Identifier","start":3238,"end":3244,"loc":{"start":{"line":107,"column":6,"index":3238},"end":{"line":107,"column":12,"index":3244},"identifierName":"result"},"name":"result"},"right":{"type":"CallExpression","start":3247,"end":3269,"loc":{"start":{"line":107,"column":15,"index":3247},"end":{"line":107,"column":37,"index":3269}},"callee":{"type":"MemberExpression","start":3247,"end":3259,"loc":{"start":{"line":107,"column":15,"index":3247},"end":{"line":107,"column":27,"index":3259}},"object":{"type":"Identifier","start":3247,"end":3253,"loc":{"start":{"line":107,"column":15,"index":3247},"end":{"line":107,"column":21,"index":3253},"identifierName":"result"},"name":"result"},"computed":false,"property":{"type":"Identifier","start":3254,"end":3259,"loc":{"start":{"line":107,"column":22,"index":3254},"end":{"line":107,"column":27,"index":3259},"identifierName":"slice"},"name":"slice"}},"arguments":[{"type":"NumericLiteral","start":3260,"end":3261,"loc":{"start":{"line":107,"column":28,"index":3260},"end":{"line":107,"column":29,"index":3261}},"extra":{"rawValue":0,"raw":"0"},"value":0},{"type":"Identifier","start":3263,"end":3268,"loc":{"start":{"line":107,"column":31,"index":3263},"end":{"line":107,"column":36,"index":3268},"identifierName":"index"},"name":"index"}]}}}],"directives":[]},"alternate":null}],"directives":[]},"alternate":null}},{"type":"ReturnStatement","start":3282,"end":3306,"loc":{"start":{"line":110,"column":2,"index":3282},"end":{"line":110,"column":26,"index":3306}},"argument":{"type":"BinaryExpression","start":3289,"end":3306,"loc":{"start":{"line":110,"column":9,"index":3289},"end":{"line":110,"column":26,"index":3306}},"left":{"type":"Identifier","start":3289,"end":3295,"loc":{"start":{"line":110,"column":9,"index":3289},"end":{"line":110,"column":15,"index":3295},"identifierName":"result"},"name":"result"},"operator":"+","right":{"type":"Identifier","start":3298,"end":3306,"loc":{"start":{"line":110,"column":18,"index":3298},"end":{"line":110,"column":26,"index":3306},"identifierName":"omission"},"name":"omission"}}}],"directives":[]},"leadingComments":[{"type":"CommentBlock","value":"*\n * Truncates `string` if it's longer than the given maximum string length.\n * The last characters of the truncated string are replaced with the omission\n * string which defaults to \"...\".\n *\n * @since 4.0.0\n * @category STRING\n * @param {string} [string=''] The string to truncate.\n * @param {Object} [options={}] The options object.\n * @param {number} [options.length=30] The maximum string length.\n * @param {string} [options.omission='...'] The string to indicate text is omitted.\n * @param {RegExp|string} [options.separator] The separator pattern to truncate to.\n * @returns {string} Returns the truncated string.\n * @see replace\n * @example\n *\n * truncate('hi-diddly-ho there, neighborino')\n * // => 'hi-diddly-ho there, neighbo...'\n *\n * truncate('hi-diddly-ho there, neighborino', {\n *   'length': 24,\n *   'separator': ' '\n * })\n * // => 'hi-diddly-ho there,...'\n *\n * truncate('hi-diddly-ho there, neighborino', {\n *   'length': 24,\n *   'separator': /,? +/\n * })\n * // => 'hi-diddly-ho there...'\n *\n * truncate('hi-diddly-ho there, neighborino', {\n *   'omission': ' [...]'\n * })\n * // => 'hi-diddly-ho there, neig [...]'\n ","start":586,"end":1726,"loc":{"start":{"line":17,"column":0,"index":586},"end":{"line":52,"column":3,"index":1726}}}]},{"type":"ExportDefaultDeclaration","start":3310,"end":3333,"loc":{"start":{"line":113,"column":0,"index":3310},"end":{"line":113,"column":23,"index":3333}},"declaration":{"type":"Identifier","start":3325,"end":3333,"loc":{"start":{"line":113,"column":15,"index":3325},"end":{"line":113,"column":23,"index":3333},"identifierName":"truncate"},"name":"truncate"}}],"directives":[]},"comments":[{"type":"CommentBlock","value":"* Used as default options for `truncate`. ","start":375,"end":421,"loc":{"start":{"line":10,"column":0,"index":375},"end":{"line":10,"column":46,"index":421}}},{"type":"CommentBlock","value":"* Used to match `RegExp` flags from their coerced string values. ","start":492,"end":561,"loc":{"start":{"line":14,"column":0,"index":492},"end":{"line":14,"column":69,"index":561}}},{"type":"CommentBlock","value":"*\n * Truncates `string` if it's longer than the given maximum string length.\n * The last characters of the truncated string are replaced with the omission\n * string which defaults to \"...\".\n *\n * @since 4.0.0\n * @category STRING\n * @param {string} [string=''] The string to truncate.\n * @param {Object} [options={}] The options object.\n * @param {number} [options.length=30] The maximum string length.\n * @param {string} [options.omission='...'] The string to indicate text is omitted.\n * @param {RegExp|string} [options.separator] The separator pattern to truncate to.\n * @returns {string} Returns the truncated string.\n * @see replace\n * @example\n *\n * truncate('hi-diddly-ho there, neighborino')\n * // => 'hi-diddly-ho there, neighbo...'\n *\n * truncate('hi-diddly-ho there, neighborino', {\n *   'length': 24,\n *   'separator': ' '\n * })\n * // => 'hi-diddly-ho there,...'\n *\n * truncate('hi-diddly-ho there, neighborino', {\n *   'length': 24,\n *   'separator': /,? +/\n * })\n * // => 'hi-diddly-ho there...'\n *\n * truncate('hi-diddly-ho there, neighborino', {\n *   'omission': ' [...]'\n * })\n * // => 'hi-diddly-ho there, neig [...]'\n ","start":586,"end":1726,"loc":{"start":{"line":17,"column":0,"index":586},"end":{"line":52,"column":3,"index":1726}}}]}