{"path":"/Users/dimitrist/Documents/git/syntest/syntest-javascript-benchmark/benchmark/commanderjs/lib/option.js","name":"option.js","subTargets":[{"id":"/Users/dimitrist/Documents/git/syntest/syntest-javascript-benchmark/benchmark/commanderjs/lib/option.js:5:0:::169:1:::71:3833","name":"Option","type":"class","exported":true,"default":false,"module":true},{"id":"/Users/dimitrist/Documents/git/syntest/syntest-javascript-benchmark/benchmark/commanderjs/lib/option.js:13:2:::35:3:::241:1305","name":"constructor","type":"method","className":"Option","isStatic":false,"isAsync":false,"methodType":"constructor","visibility":"public"},{"id":"/Users/dimitrist/Documents/git/syntest/syntest-javascript-benchmark/benchmark/commanderjs/lib/option.js:45:2:::49:3:::1503:1632","name":"default","type":"method","className":"Option","isStatic":false,"isAsync":false,"methodType":"method","visibility":"public"},{"id":"/Users/dimitrist/Documents/git/syntest/syntest-javascript-benchmark/benchmark/commanderjs/lib/option.js:59:2:::62:3:::1820:1876","name":"env","type":"method","className":"Option","isStatic":false,"isAsync":false,"methodType":"method","visibility":"public"},{"id":"/Users/dimitrist/Documents/git/syntest/syntest-javascript-benchmark/benchmark/commanderjs/lib/option.js:71:2:::74:3:::2033:2093","name":"argParser","type":"method","className":"Option","isStatic":false,"isAsync":false,"methodType":"method","visibility":"public"},{"id":"/Users/dimitrist/Documents/git/syntest/syntest-javascript-benchmark/benchmark/commanderjs/lib/option.js:83:2:::86:3:::2251:2345","name":"makeOptionMandatory","type":"method","className":"Option","isStatic":false,"isAsync":false,"methodType":"method","visibility":"public"},{"id":"/Users/dimitrist/Documents/git/syntest/syntest-javascript-benchmark/benchmark/commanderjs/lib/option.js:95:2:::98:3:::2450:2520","name":"hideHelp","type":"method","className":"Option","isStatic":false,"isAsync":false,"methodType":"method","visibility":"public"},{"id":"/Users/dimitrist/Documents/git/syntest/syntest-javascript-benchmark/benchmark/commanderjs/lib/option.js:104:2:::110:3:::2556:2725","name":"_concatValue","type":"method","className":"Option","isStatic":false,"isAsync":false,"methodType":"method","visibility":"public"},{"id":"/Users/dimitrist/Documents/git/syntest/syntest-javascript-benchmark/benchmark/commanderjs/lib/option.js:119:2:::131:3:::2850:3196","name":"choices","type":"method","className":"Option","isStatic":false,"isAsync":false,"methodType":"method","visibility":"public"},{"id":"/Users/dimitrist/Documents/git/syntest/syntest-javascript-benchmark/benchmark/commanderjs/lib/option.js:139:2:::144:3:::3266:3389","name":"name","type":"method","className":"Option","isStatic":false,"isAsync":false,"methodType":"method","visibility":"public"},{"id":"/Users/dimitrist/Documents/git/syntest/syntest-javascript-benchmark/benchmark/commanderjs/lib/option.js:154:2:::156:3:::3548:3624","name":"attributeName","type":"method","className":"Option","isStatic":false,"isAsync":false,"methodType":"method","visibility":"public"},{"id":"/Users/dimitrist/Documents/git/syntest/syntest-javascript-benchmark/benchmark/commanderjs/lib/option.js:166:2:::168:3:::3765:3830","name":"is","type":"method","className":"Option","isStatic":false,"isAsync":false,"methodType":"method","visibility":"public"},{"id":"/Users/dimitrist/Documents/git/syntest/syntest-javascript-benchmark/benchmark/commanderjs/lib/option.js:179:0:::183:1:::3954:4091","name":"camelcase","type":"function","exported":false,"default":false,"module":false,"isAsync":false},{"id":"/Users/dimitrist/Documents/git/syntest/syntest-javascript-benchmark/benchmark/commanderjs/lib/option.js:180:31:::182:3:::4011:4087","name":"anonymous","type":"function","exported":false,"default":false,"module":false,"isAsync":false},{"id":"/Users/dimitrist/Documents/git/syntest/syntest-javascript-benchmark/benchmark/commanderjs/lib/option.js:191:0:::205:1:::4197:4797","name":"splitOptionFlags","type":"function","exported":true,"default":false,"module":true,"isAsync":false}]}