{"type":"File","start":0,"end":1827,"loc":{"start":{"line":1,"column":0,"index":0},"end":{"line":57,"column":0,"index":1827}},"errors":[],"program":{"type":"Program","start":0,"end":1827,"loc":{"start":{"line":1,"column":0,"index":0},"end":{"line":57,"column":0,"index":1827}},"sourceType":"module","interpreter":{"type":"InterpreterDirective","start":0,"end":19,"loc":{"start":{"line":1,"column":0,"index":0},"end":{"line":1,"column":19,"index":19}},"value":"/usr/bin/env node","trailingComments":[{"type":"CommentLine","value":" const commander = require('commander'); // (normal include)","start":21,"end":83,"loc":{"start":{"line":3,"column":0,"index":21},"end":{"line":3,"column":62,"index":83}}}]},"body":[{"type":"VariableDeclaration","start":84,"end":117,"loc":{"start":{"line":4,"column":0,"index":84},"end":{"line":4,"column":33,"index":117}},"declarations":[{"type":"VariableDeclarator","start":90,"end":116,"loc":{"start":{"line":4,"column":6,"index":90},"end":{"line":4,"column":32,"index":116}},"id":{"type":"Identifier","start":90,"end":99,"loc":{"start":{"line":4,"column":6,"index":90},"end":{"line":4,"column":15,"index":99},"identifierName":"commander"},"name":"commander"},"init":{"type":"CallExpression","start":102,"end":116,"loc":{"start":{"line":4,"column":18,"index":102},"end":{"line":4,"column":32,"index":116}},"callee":{"type":"Identifier","start":102,"end":109,"loc":{"start":{"line":4,"column":18,"index":102},"end":{"line":4,"column":25,"index":109},"identifierName":"require"},"name":"require"},"arguments":[{"type":"StringLiteral","start":110,"end":115,"loc":{"start":{"line":4,"column":26,"index":110},"end":{"line":4,"column":31,"index":115}},"extra":{"rawValue":"../","raw":"'../'"},"value":"../"}]}}],"kind":"const","trailingComments":[{"type":"CommentLine","value":" include commander in git clone of commander repo","start":118,"end":169,"loc":{"start":{"line":4,"column":34,"index":118},"end":{"line":4,"column":85,"index":169}}}],"leadingComments":[{"type":"CommentLine","value":" const commander = require('commander'); // (normal include)","start":21,"end":83,"loc":{"start":{"line":3,"column":0,"index":21},"end":{"line":3,"column":62,"index":83}}}]},{"type":"VariableDeclaration","start":170,"end":210,"loc":{"start":{"line":5,"column":0,"index":170},"end":{"line":5,"column":40,"index":210}},"declarations":[{"type":"VariableDeclarator","start":176,"end":209,"loc":{"start":{"line":5,"column":6,"index":176},"end":{"line":5,"column":39,"index":209}},"id":{"type":"Identifier","start":176,"end":183,"loc":{"start":{"line":5,"column":6,"index":176},"end":{"line":5,"column":13,"index":183},"identifierName":"program"},"name":"program"},"init":{"type":"NewExpression","start":186,"end":209,"loc":{"start":{"line":5,"column":16,"index":186},"end":{"line":5,"column":39,"index":209}},"callee":{"type":"MemberExpression","start":190,"end":207,"loc":{"start":{"line":5,"column":20,"index":190},"end":{"line":5,"column":37,"index":207}},"object":{"type":"Identifier","start":190,"end":199,"loc":{"start":{"line":5,"column":20,"index":190},"end":{"line":5,"column":29,"index":199},"identifierName":"commander"},"name":"commander"},"computed":false,"property":{"type":"Identifier","start":200,"end":207,"loc":{"start":{"line":5,"column":30,"index":200},"end":{"line":5,"column":37,"index":207},"identifierName":"Command"},"name":"Command"}},"arguments":[]}}],"kind":"const","trailingComments":[{"type":"CommentLine","value":" This example shows using some hooks for life cycle events.","start":212,"end":273,"loc":{"start":{"line":7,"column":0,"index":212},"end":{"line":7,"column":61,"index":273}}}],"leadingComments":[{"type":"CommentLine","value":" include commander in git clone of commander repo","start":118,"end":169,"loc":{"start":{"line":4,"column":34,"index":118},"end":{"line":4,"column":85,"index":169}}}]},{"type":"VariableDeclaration","start":275,"end":312,"loc":{"start":{"line":9,"column":0,"index":275},"end":{"line":9,"column":37,"index":312}},"declarations":[{"type":"VariableDeclarator","start":281,"end":311,"loc":{"start":{"line":9,"column":6,"index":281},"end":{"line":9,"column":36,"index":311}},"id":{"type":"Identifier","start":281,"end":290,"loc":{"start":{"line":9,"column":6,"index":281},"end":{"line":9,"column":15,"index":290},"identifierName":"timeLabel"},"name":"timeLabel"},"init":{"type":"StringLiteral","start":293,"end":311,"loc":{"start":{"line":9,"column":18,"index":293},"end":{"line":9,"column":36,"index":311}},"extra":{"rawValue":"command duration","raw":"'command duration'"},"value":"command duration"}}],"kind":"const","leadingComments":[{"type":"CommentLine","value":" This example shows using some hooks for life cycle events.","start":212,"end":273,"loc":{"start":{"line":7,"column":0,"index":212},"end":{"line":7,"column":61,"index":273}}}]},{"type":"ExpressionStatement","start":313,"end":623,"loc":{"start":{"line":10,"column":0,"index":313},"end":{"line":21,"column":5,"index":623}},"expression":{"type":"CallExpression","start":313,"end":622,"loc":{"start":{"line":10,"column":0,"index":313},"end":{"line":21,"column":4,"index":622}},"callee":{"type":"MemberExpression","start":313,"end":506,"loc":{"start":{"line":10,"column":0,"index":313},"end":{"line":17,"column":7,"index":506}},"object":{"type":"CallExpression","start":313,"end":498,"loc":{"start":{"line":10,"column":0,"index":313},"end":{"line":16,"column":4,"index":498}},"callee":{"type":"MemberExpression","start":313,"end":386,"loc":{"start":{"line":10,"column":0,"index":313},"end":{"line":12,"column":7,"index":386}},"object":{"type":"CallExpression","start":313,"end":378,"loc":{"start":{"line":10,"column":0,"index":313},"end":{"line":11,"column":57,"index":378}},"callee":{"type":"MemberExpression","start":313,"end":330,"loc":{"start":{"line":10,"column":0,"index":313},"end":{"line":11,"column":9,"index":330}},"object":{"type":"Identifier","start":313,"end":320,"loc":{"start":{"line":10,"column":0,"index":313},"end":{"line":10,"column":7,"index":320},"identifierName":"program"},"name":"program"},"computed":false,"property":{"type":"Identifier","start":324,"end":330,"loc":{"start":{"line":11,"column":3,"index":324},"end":{"line":11,"column":9,"index":330},"identifierName":"option"},"name":"option"}},"arguments":[{"type":"StringLiteral","start":331,"end":346,"loc":{"start":{"line":11,"column":10,"index":331},"end":{"line":11,"column":25,"index":346}},"extra":{"rawValue":"-p, --profile","raw":"'-p, --profile'"},"value":"-p, --profile"},{"type":"StringLiteral","start":348,"end":377,"loc":{"start":{"line":11,"column":27,"index":348},"end":{"line":11,"column":56,"index":377}},"extra":{"rawValue":"show how long command takes","raw":"'show how long command takes'"},"value":"show how long command takes"}]},"computed":false,"property":{"type":"Identifier","start":382,"end":386,"loc":{"start":{"line":12,"column":3,"index":382},"end":{"line":12,"column":7,"index":386},"identifierName":"hook"},"name":"hook"}},"arguments":[{"type":"StringLiteral","start":387,"end":398,"loc":{"start":{"line":12,"column":8,"index":387},"end":{"line":12,"column":19,"index":398}},"extra":{"rawValue":"preAction","raw":"'preAction'"},"value":"preAction"},{"type":"ArrowFunctionExpression","start":400,"end":497,"loc":{"start":{"line":12,"column":21,"index":400},"end":{"line":16,"column":3,"index":497}},"id":null,"generator":false,"async":false,"params":[{"type":"Identifier","start":401,"end":412,"loc":{"start":{"line":12,"column":22,"index":401},"end":{"line":12,"column":33,"index":412},"identifierName":"thisCommand"},"name":"thisCommand"}],"body":{"type":"BlockStatement","start":417,"end":497,"loc":{"start":{"line":12,"column":38,"index":417},"end":{"line":16,"column":3,"index":497}},"body":[{"type":"IfStatement","start":423,"end":493,"loc":{"start":{"line":13,"column":4,"index":423},"end":{"line":15,"column":5,"index":493}},"test":{"type":"MemberExpression","start":427,"end":453,"loc":{"start":{"line":13,"column":8,"index":427},"end":{"line":13,"column":34,"index":453}},"object":{"type":"CallExpression","start":427,"end":445,"loc":{"start":{"line":13,"column":8,"index":427},"end":{"line":13,"column":26,"index":445}},"callee":{"type":"MemberExpression","start":427,"end":443,"loc":{"start":{"line":13,"column":8,"index":427},"end":{"line":13,"column":24,"index":443}},"object":{"type":"Identifier","start":427,"end":438,"loc":{"start":{"line":13,"column":8,"index":427},"end":{"line":13,"column":19,"index":438},"identifierName":"thisCommand"},"name":"thisCommand"},"computed":false,"property":{"type":"Identifier","start":439,"end":443,"loc":{"start":{"line":13,"column":20,"index":439},"end":{"line":13,"column":24,"index":443},"identifierName":"opts"},"name":"opts"}},"arguments":[]},"computed":false,"property":{"type":"Identifier","start":446,"end":453,"loc":{"start":{"line":13,"column":27,"index":446},"end":{"line":13,"column":34,"index":453},"identifierName":"profile"},"name":"profile"}},"consequent":{"type":"BlockStatement","start":455,"end":493,"loc":{"start":{"line":13,"column":36,"index":455},"end":{"line":15,"column":5,"index":493}},"body":[{"type":"ExpressionStatement","start":463,"end":487,"loc":{"start":{"line":14,"column":6,"index":463},"end":{"line":14,"column":30,"index":487}},"expression":{"type":"CallExpression","start":463,"end":486,"loc":{"start":{"line":14,"column":6,"index":463},"end":{"line":14,"column":29,"index":486}},"callee":{"type":"MemberExpression","start":463,"end":475,"loc":{"start":{"line":14,"column":6,"index":463},"end":{"line":14,"column":18,"index":475}},"object":{"type":"Identifier","start":463,"end":470,"loc":{"start":{"line":14,"column":6,"index":463},"end":{"line":14,"column":13,"index":470},"identifierName":"console"},"name":"console"},"computed":false,"property":{"type":"Identifier","start":471,"end":475,"loc":{"start":{"line":14,"column":14,"index":471},"end":{"line":14,"column":18,"index":475},"identifierName":"time"},"name":"time"}},"arguments":[{"type":"Identifier","start":476,"end":485,"loc":{"start":{"line":14,"column":19,"index":476},"end":{"line":14,"column":28,"index":485},"identifierName":"timeLabel"},"name":"timeLabel"}]}}],"directives":[]},"alternate":null}],"directives":[]}}]},"computed":false,"property":{"type":"Identifier","start":502,"end":506,"loc":{"start":{"line":17,"column":3,"index":502},"end":{"line":17,"column":7,"index":506},"identifierName":"hook"},"name":"hook"}},"arguments":[{"type":"StringLiteral","start":507,"end":519,"loc":{"start":{"line":17,"column":8,"index":507},"end":{"line":17,"column":20,"index":519}},"extra":{"rawValue":"postAction","raw":"'postAction'"},"value":"postAction"},{"type":"ArrowFunctionExpression","start":521,"end":621,"loc":{"start":{"line":17,"column":22,"index":521},"end":{"line":21,"column":3,"index":621}},"id":null,"generator":false,"async":false,"params":[{"type":"Identifier","start":522,"end":533,"loc":{"start":{"line":17,"column":23,"index":522},"end":{"line":17,"column":34,"index":533},"identifierName":"thisCommand"},"name":"thisCommand"}],"body":{"type":"BlockStatement","start":538,"end":621,"loc":{"start":{"line":17,"column":39,"index":538},"end":{"line":21,"column":3,"index":621}},"body":[{"type":"IfStatement","start":544,"end":617,"loc":{"start":{"line":18,"column":4,"index":544},"end":{"line":20,"column":5,"index":617}},"test":{"type":"MemberExpression","start":548,"end":574,"loc":{"start":{"line":18,"column":8,"index":548},"end":{"line":18,"column":34,"index":574}},"object":{"type":"CallExpression","start":548,"end":566,"loc":{"start":{"line":18,"column":8,"index":548},"end":{"line":18,"column":26,"index":566}},"callee":{"type":"MemberExpression","start":548,"end":564,"loc":{"start":{"line":18,"column":8,"index":548},"end":{"line":18,"column":24,"index":564}},"object":{"type":"Identifier","start":548,"end":559,"loc":{"start":{"line":18,"column":8,"index":548},"end":{"line":18,"column":19,"index":559},"identifierName":"thisCommand"},"name":"thisCommand"},"computed":false,"property":{"type":"Identifier","start":560,"end":564,"loc":{"start":{"line":18,"column":20,"index":560},"end":{"line":18,"column":24,"index":564},"identifierName":"opts"},"name":"opts"}},"arguments":[]},"computed":false,"property":{"type":"Identifier","start":567,"end":574,"loc":{"start":{"line":18,"column":27,"index":567},"end":{"line":18,"column":34,"index":574},"identifierName":"profile"},"name":"profile"}},"consequent":{"type":"BlockStatement","start":576,"end":617,"loc":{"start":{"line":18,"column":36,"index":576},"end":{"line":20,"column":5,"index":617}},"body":[{"type":"ExpressionStatement","start":584,"end":611,"loc":{"start":{"line":19,"column":6,"index":584},"end":{"line":19,"column":33,"index":611}},"expression":{"type":"CallExpression","start":584,"end":610,"loc":{"start":{"line":19,"column":6,"index":584},"end":{"line":19,"column":32,"index":610}},"callee":{"type":"MemberExpression","start":584,"end":599,"loc":{"start":{"line":19,"column":6,"index":584},"end":{"line":19,"column":21,"index":599}},"object":{"type":"Identifier","start":584,"end":591,"loc":{"start":{"line":19,"column":6,"index":584},"end":{"line":19,"column":13,"index":591},"identifierName":"console"},"name":"console"},"computed":false,"property":{"type":"Identifier","start":592,"end":599,"loc":{"start":{"line":19,"column":14,"index":592},"end":{"line":19,"column":21,"index":599},"identifierName":"timeEnd"},"name":"timeEnd"}},"arguments":[{"type":"Identifier","start":600,"end":609,"loc":{"start":{"line":19,"column":22,"index":600},"end":{"line":19,"column":31,"index":609},"identifierName":"timeLabel"},"name":"timeLabel"}]}}],"directives":[]},"alternate":null}],"directives":[]}}]}},{"type":"ExpressionStatement","start":625,"end":1058,"loc":{"start":{"line":23,"column":0,"index":625},"end":{"line":33,"column":5,"index":1058}},"expression":{"type":"CallExpression","start":625,"end":1057,"loc":{"start":{"line":23,"column":0,"index":625},"end":{"line":33,"column":4,"index":1057}},"callee":{"type":"MemberExpression","start":625,"end":706,"loc":{"start":{"line":23,"column":0,"index":625},"end":{"line":25,"column":7,"index":706}},"object":{"type":"CallExpression","start":625,"end":698,"loc":{"start":{"line":23,"column":0,"index":625},"end":{"line":24,"column":65,"index":698}},"callee":{"type":"MemberExpression","start":625,"end":642,"loc":{"start":{"line":23,"column":0,"index":625},"end":{"line":24,"column":9,"index":642}},"object":{"type":"Identifier","start":625,"end":632,"loc":{"start":{"line":23,"column":0,"index":625},"end":{"line":23,"column":7,"index":632},"identifierName":"program"},"name":"program"},"computed":false,"property":{"type":"Identifier","start":636,"end":642,"loc":{"start":{"line":24,"column":3,"index":636},"end":{"line":24,"column":9,"index":642},"identifierName":"option"},"name":"option"}},"arguments":[{"type":"StringLiteral","start":643,"end":656,"loc":{"start":{"line":24,"column":10,"index":643},"end":{"line":24,"column":23,"index":656}},"extra":{"rawValue":"-t, --trace","raw":"'-t, --trace'"},"value":"-t, --trace"},{"type":"StringLiteral","start":658,"end":697,"loc":{"start":{"line":24,"column":25,"index":658},"end":{"line":24,"column":64,"index":697}},"extra":{"rawValue":"display trace statements for commands","raw":"'display trace statements for commands'"},"value":"display trace statements for commands"}]},"computed":false,"property":{"type":"Identifier","start":702,"end":706,"loc":{"start":{"line":25,"column":3,"index":702},"end":{"line":25,"column":7,"index":706},"identifierName":"hook"},"name":"hook"}},"arguments":[{"type":"StringLiteral","start":707,"end":718,"loc":{"start":{"line":25,"column":8,"index":707},"end":{"line":25,"column":19,"index":718}},"extra":{"rawValue":"preAction","raw":"'preAction'"},"value":"preAction"},{"type":"ArrowFunctionExpression","start":720,"end":1056,"loc":{"start":{"line":25,"column":21,"index":720},"end":{"line":33,"column":3,"index":1056}},"id":null,"generator":false,"async":false,"params":[{"type":"Identifier","start":721,"end":732,"loc":{"start":{"line":25,"column":22,"index":721},"end":{"line":25,"column":33,"index":732},"identifierName":"thisCommand"},"name":"thisCommand"},{"type":"Identifier","start":734,"end":747,"loc":{"start":{"line":25,"column":35,"index":734},"end":{"line":25,"column":48,"index":747},"identifierName":"actionCommand"},"name":"actionCommand"}],"body":{"type":"BlockStatement","start":752,"end":1056,"loc":{"start":{"line":25,"column":53,"index":752},"end":{"line":33,"column":3,"index":1056}},"body":[{"type":"IfStatement","start":758,"end":1052,"loc":{"start":{"line":26,"column":4,"index":758},"end":{"line":32,"column":5,"index":1052}},"test":{"type":"MemberExpression","start":762,"end":786,"loc":{"start":{"line":26,"column":8,"index":762},"end":{"line":26,"column":32,"index":786}},"object":{"type":"CallExpression","start":762,"end":780,"loc":{"start":{"line":26,"column":8,"index":762},"end":{"line":26,"column":26,"index":780}},"callee":{"type":"MemberExpression","start":762,"end":778,"loc":{"start":{"line":26,"column":8,"index":762},"end":{"line":26,"column":24,"index":778}},"object":{"type":"Identifier","start":762,"end":773,"loc":{"start":{"line":26,"column":8,"index":762},"end":{"line":26,"column":19,"index":773},"identifierName":"thisCommand"},"name":"thisCommand"},"computed":false,"property":{"type":"Identifier","start":774,"end":778,"loc":{"start":{"line":26,"column":20,"index":774},"end":{"line":26,"column":24,"index":778},"identifierName":"opts"},"name":"opts"}},"arguments":[]},"computed":false,"property":{"type":"Identifier","start":781,"end":786,"loc":{"start":{"line":26,"column":27,"index":781},"end":{"line":26,"column":32,"index":786},"identifierName":"trace"},"name":"trace"}},"consequent":{"type":"BlockStatement","start":788,"end":1052,"loc":{"start":{"line":26,"column":34,"index":788},"end":{"line":32,"column":5,"index":1052}},"body":[{"type":"ExpressionStatement","start":796,"end":816,"loc":{"start":{"line":27,"column":6,"index":796},"end":{"line":27,"column":26,"index":816}},"expression":{"type":"CallExpression","start":796,"end":815,"loc":{"start":{"line":27,"column":6,"index":796},"end":{"line":27,"column":25,"index":815}},"callee":{"type":"MemberExpression","start":796,"end":807,"loc":{"start":{"line":27,"column":6,"index":796},"end":{"line":27,"column":17,"index":807}},"object":{"type":"Identifier","start":796,"end":803,"loc":{"start":{"line":27,"column":6,"index":796},"end":{"line":27,"column":13,"index":803},"identifierName":"console"},"name":"console"},"computed":false,"property":{"type":"Identifier","start":804,"end":807,"loc":{"start":{"line":27,"column":14,"index":804},"end":{"line":27,"column":17,"index":807},"identifierName":"log"},"name":"log"}},"arguments":[{"type":"StringLiteral","start":808,"end":814,"loc":{"start":{"line":27,"column":18,"index":808},"end":{"line":27,"column":24,"index":814}},"extra":{"rawValue":">>>>","raw":"'>>>>'"},"value":">>>>"}]}},{"type":"ExpressionStatement","start":823,"end":907,"loc":{"start":{"line":28,"column":6,"index":823},"end":{"line":28,"column":90,"index":907}},"expression":{"type":"CallExpression","start":823,"end":906,"loc":{"start":{"line":28,"column":6,"index":823},"end":{"line":28,"column":89,"index":906}},"callee":{"type":"MemberExpression","start":823,"end":834,"loc":{"start":{"line":28,"column":6,"index":823},"end":{"line":28,"column":17,"index":834}},"object":{"type":"Identifier","start":823,"end":830,"loc":{"start":{"line":28,"column":6,"index":823},"end":{"line":28,"column":13,"index":830},"identifierName":"console"},"name":"console"},"computed":false,"property":{"type":"Identifier","start":831,"end":834,"loc":{"start":{"line":28,"column":14,"index":831},"end":{"line":28,"column":17,"index":834},"identifierName":"log"},"name":"log"}},"arguments":[{"type":"TemplateLiteral","start":835,"end":905,"loc":{"start":{"line":28,"column":18,"index":835},"end":{"line":28,"column":88,"index":905}},"expressions":[{"type":"CallExpression","start":883,"end":903,"loc":{"start":{"line":28,"column":66,"index":883},"end":{"line":28,"column":86,"index":903}},"callee":{"type":"MemberExpression","start":883,"end":901,"loc":{"start":{"line":28,"column":66,"index":883},"end":{"line":28,"column":84,"index":901}},"object":{"type":"Identifier","start":883,"end":896,"loc":{"start":{"line":28,"column":66,"index":883},"end":{"line":28,"column":79,"index":896},"identifierName":"actionCommand"},"name":"actionCommand"},"computed":false,"property":{"type":"Identifier","start":897,"end":901,"loc":{"start":{"line":28,"column":80,"index":897},"end":{"line":28,"column":84,"index":901},"identifierName":"name"},"name":"name"}},"arguments":[]}],"quasis":[{"type":"TemplateElement","start":836,"end":881,"loc":{"start":{"line":28,"column":19,"index":836},"end":{"line":28,"column":64,"index":881}},"value":{"raw":"About to call action handler for subcommand: ","cooked":"About to call action handler for subcommand: "},"tail":false},{"type":"TemplateElement","start":904,"end":904,"loc":{"start":{"line":28,"column":87,"index":904},"end":{"line":28,"column":87,"index":904}},"value":{"raw":"","cooked":""},"tail":true}]}]}},{"type":"ExpressionStatement","start":914,"end":963,"loc":{"start":{"line":29,"column":6,"index":914},"end":{"line":29,"column":55,"index":963}},"expression":{"type":"CallExpression","start":914,"end":962,"loc":{"start":{"line":29,"column":6,"index":914},"end":{"line":29,"column":54,"index":962}},"callee":{"type":"MemberExpression","start":914,"end":925,"loc":{"start":{"line":29,"column":6,"index":914},"end":{"line":29,"column":17,"index":925}},"object":{"type":"Identifier","start":914,"end":921,"loc":{"start":{"line":29,"column":6,"index":914},"end":{"line":29,"column":13,"index":921},"identifierName":"console"},"name":"console"},"computed":false,"property":{"type":"Identifier","start":922,"end":925,"loc":{"start":{"line":29,"column":14,"index":922},"end":{"line":29,"column":17,"index":925},"identifierName":"log"},"name":"log"}},"arguments":[{"type":"StringLiteral","start":926,"end":941,"loc":{"start":{"line":29,"column":18,"index":926},"end":{"line":29,"column":33,"index":941}},"extra":{"rawValue":"arguments: %O","raw":"'arguments: %O'"},"value":"arguments: %O"},{"type":"MemberExpression","start":943,"end":961,"loc":{"start":{"line":29,"column":35,"index":943},"end":{"line":29,"column":53,"index":961}},"object":{"type":"Identifier","start":943,"end":956,"loc":{"start":{"line":29,"column":35,"index":943},"end":{"line":29,"column":48,"index":956},"identifierName":"actionCommand"},"name":"actionCommand"},"computed":false,"property":{"type":"Identifier","start":957,"end":961,"loc":{"start":{"line":29,"column":49,"index":957},"end":{"line":29,"column":53,"index":961},"identifierName":"args"},"name":"args"}}]}},{"type":"ExpressionStatement","start":970,"end":1019,"loc":{"start":{"line":30,"column":6,"index":970},"end":{"line":30,"column":55,"index":1019}},"expression":{"type":"CallExpression","start":970,"end":1018,"loc":{"start":{"line":30,"column":6,"index":970},"end":{"line":30,"column":54,"index":1018}},"callee":{"type":"MemberExpression","start":970,"end":981,"loc":{"start":{"line":30,"column":6,"index":970},"end":{"line":30,"column":17,"index":981}},"object":{"type":"Identifier","start":970,"end":977,"loc":{"start":{"line":30,"column":6,"index":970},"end":{"line":30,"column":13,"index":977},"identifierName":"console"},"name":"console"},"computed":false,"property":{"type":"Identifier","start":978,"end":981,"loc":{"start":{"line":30,"column":14,"index":978},"end":{"line":30,"column":17,"index":981},"identifierName":"log"},"name":"log"}},"arguments":[{"type":"StringLiteral","start":982,"end":995,"loc":{"start":{"line":30,"column":18,"index":982},"end":{"line":30,"column":31,"index":995}},"extra":{"rawValue":"options: %o","raw":"'options: %o'"},"value":"options: %o"},{"type":"CallExpression","start":997,"end":1017,"loc":{"start":{"line":30,"column":33,"index":997},"end":{"line":30,"column":53,"index":1017}},"callee":{"type":"MemberExpression","start":997,"end":1015,"loc":{"start":{"line":30,"column":33,"index":997},"end":{"line":30,"column":51,"index":1015}},"object":{"type":"Identifier","start":997,"end":1010,"loc":{"start":{"line":30,"column":33,"index":997},"end":{"line":30,"column":46,"index":1010},"identifierName":"actionCommand"},"name":"actionCommand"},"computed":false,"property":{"type":"Identifier","start":1011,"end":1015,"loc":{"start":{"line":30,"column":47,"index":1011},"end":{"line":30,"column":51,"index":1015},"identifierName":"opts"},"name":"opts"}},"arguments":[]}]}},{"type":"ExpressionStatement","start":1026,"end":1046,"loc":{"start":{"line":31,"column":6,"index":1026},"end":{"line":31,"column":26,"index":1046}},"expression":{"type":"CallExpression","start":1026,"end":1045,"loc":{"start":{"line":31,"column":6,"index":1026},"end":{"line":31,"column":25,"index":1045}},"callee":{"type":"MemberExpression","start":1026,"end":1037,"loc":{"start":{"line":31,"column":6,"index":1026},"end":{"line":31,"column":17,"index":1037}},"object":{"type":"Identifier","start":1026,"end":1033,"loc":{"start":{"line":31,"column":6,"index":1026},"end":{"line":31,"column":13,"index":1033},"identifierName":"console"},"name":"console"},"computed":false,"property":{"type":"Identifier","start":1034,"end":1037,"loc":{"start":{"line":31,"column":14,"index":1034},"end":{"line":31,"column":17,"index":1037},"identifierName":"log"},"name":"log"}},"arguments":[{"type":"StringLiteral","start":1038,"end":1044,"loc":{"start":{"line":31,"column":18,"index":1038},"end":{"line":31,"column":24,"index":1044}},"extra":{"rawValue":"<<<<","raw":"'<<<<'"},"value":"<<<<"}]}}],"directives":[]},"alternate":null}],"directives":[]}}]}},{"type":"ExpressionStatement","start":1060,"end":1385,"loc":{"start":{"line":35,"column":0,"index":1060},"end":{"line":41,"column":5,"index":1385}},"expression":{"type":"CallExpression","start":1060,"end":1384,"loc":{"start":{"line":35,"column":0,"index":1060},"end":{"line":41,"column":4,"index":1384}},"callee":{"type":"MemberExpression","start":1060,"end":1227,"loc":{"start":{"line":35,"column":0,"index":1060},"end":{"line":38,"column":9,"index":1227}},"object":{"type":"CallExpression","start":1060,"end":1217,"loc":{"start":{"line":35,"column":0,"index":1060},"end":{"line":37,"column":50,"index":1217}},"callee":{"type":"MemberExpression","start":1060,"end":1178,"loc":{"start":{"line":35,"column":0,"index":1060},"end":{"line":37,"column":11,"index":1178}},"object":{"type":"CallExpression","start":1060,"end":1166,"loc":{"start":{"line":35,"column":0,"index":1060},"end":{"line":36,"column":81,"index":1166}},"callee":{"type":"MemberExpression","start":1060,"end":1094,"loc":{"start":{"line":35,"column":0,"index":1060},"end":{"line":36,"column":9,"index":1094}},"object":{"type":"CallExpression","start":1060,"end":1084,"loc":{"start":{"line":35,"column":0,"index":1060},"end":{"line":35,"column":24,"index":1084}},"callee":{"type":"MemberExpression","start":1060,"end":1075,"loc":{"start":{"line":35,"column":0,"index":1060},"end":{"line":35,"column":15,"index":1075}},"object":{"type":"Identifier","start":1060,"end":1067,"loc":{"start":{"line":35,"column":0,"index":1060},"end":{"line":35,"column":7,"index":1067},"identifierName":"program"},"name":"program"},"computed":false,"property":{"type":"Identifier","start":1068,"end":1075,"loc":{"start":{"line":35,"column":8,"index":1068},"end":{"line":35,"column":15,"index":1075},"identifierName":"command"},"name":"command"}},"arguments":[{"type":"StringLiteral","start":1076,"end":1083,"loc":{"start":{"line":35,"column":16,"index":1076},"end":{"line":35,"column":23,"index":1083}},"extra":{"rawValue":"delay","raw":"'delay'"},"value":"delay"}]},"computed":false,"property":{"type":"Identifier","start":1088,"end":1094,"loc":{"start":{"line":36,"column":3,"index":1088},"end":{"line":36,"column":9,"index":1094},"identifierName":"option"},"name":"option"}},"arguments":[{"type":"StringLiteral","start":1095,"end":1114,"loc":{"start":{"line":36,"column":10,"index":1095},"end":{"line":36,"column":29,"index":1114}},"extra":{"rawValue":"--message <value>","raw":"'--message <value>'"},"value":"--message <value>"},{"type":"StringLiteral","start":1116,"end":1143,"loc":{"start":{"line":36,"column":31,"index":1116},"end":{"line":36,"column":58,"index":1143}},"extra":{"rawValue":"custom message to display","raw":"'custom message to display'"},"value":"custom message to display"},{"type":"StringLiteral","start":1145,"end":1165,"loc":{"start":{"line":36,"column":60,"index":1145},"end":{"line":36,"column":80,"index":1165}},"extra":{"rawValue":"Thanks for waiting","raw":"'Thanks for waiting'"},"value":"Thanks for waiting"}]},"computed":false,"property":{"type":"Identifier","start":1170,"end":1178,"loc":{"start":{"line":37,"column":3,"index":1170},"end":{"line":37,"column":11,"index":1178},"identifierName":"argument"},"name":"argument"}},"arguments":[{"type":"StringLiteral","start":1179,"end":1190,"loc":{"start":{"line":37,"column":12,"index":1179},"end":{"line":37,"column":23,"index":1190}},"extra":{"rawValue":"[seconds]","raw":"'[seconds]'"},"value":"[seconds]"},{"type":"StringLiteral","start":1192,"end":1211,"loc":{"start":{"line":37,"column":25,"index":1192},"end":{"line":37,"column":44,"index":1211}},"extra":{"rawValue":"how long to delay","raw":"'how long to delay'"},"value":"how long to delay"},{"type":"StringLiteral","start":1213,"end":1216,"loc":{"start":{"line":37,"column":46,"index":1213},"end":{"line":37,"column":49,"index":1216}},"extra":{"rawValue":"1","raw":"'1'"},"value":"1"}]},"computed":false,"property":{"type":"Identifier","start":1221,"end":1227,"loc":{"start":{"line":38,"column":3,"index":1221},"end":{"line":38,"column":9,"index":1227},"identifierName":"action"},"name":"action"}},"arguments":[{"type":"ArrowFunctionExpression","start":1228,"end":1383,"loc":{"start":{"line":38,"column":10,"index":1228},"end":{"line":41,"column":3,"index":1383}},"id":null,"generator":false,"async":true,"params":[{"type":"Identifier","start":1234,"end":1245,"loc":{"start":{"line":38,"column":16,"index":1234},"end":{"line":38,"column":27,"index":1245},"identifierName":"waitSeconds"},"name":"waitSeconds"},{"type":"Identifier","start":1247,"end":1254,"loc":{"start":{"line":38,"column":29,"index":1247},"end":{"line":38,"column":36,"index":1254},"identifierName":"options"},"name":"options"}],"body":{"type":"BlockStatement","start":1259,"end":1383,"loc":{"start":{"line":38,"column":41,"index":1259},"end":{"line":41,"column":3,"index":1383}},"body":[{"type":"ExpressionStatement","start":1265,"end":1345,"loc":{"start":{"line":39,"column":4,"index":1265},"end":{"line":39,"column":84,"index":1345}},"expression":{"type":"AwaitExpression","start":1265,"end":1344,"loc":{"start":{"line":39,"column":4,"index":1265},"end":{"line":39,"column":83,"index":1344}},"argument":{"type":"NewExpression","start":1271,"end":1344,"loc":{"start":{"line":39,"column":10,"index":1271},"end":{"line":39,"column":83,"index":1344}},"callee":{"type":"Identifier","start":1275,"end":1282,"loc":{"start":{"line":39,"column":14,"index":1275},"end":{"line":39,"column":21,"index":1282},"identifierName":"Promise"},"name":"Promise"},"arguments":[{"type":"ArrowFunctionExpression","start":1283,"end":1343,"loc":{"start":{"line":39,"column":22,"index":1283},"end":{"line":39,"column":82,"index":1343}},"id":null,"generator":false,"async":false,"params":[{"type":"Identifier","start":1283,"end":1290,"loc":{"start":{"line":39,"column":22,"index":1283},"end":{"line":39,"column":29,"index":1290},"identifierName":"resolve"},"name":"resolve"}],"body":{"type":"CallExpression","start":1294,"end":1343,"loc":{"start":{"line":39,"column":33,"index":1294},"end":{"line":39,"column":82,"index":1343}},"callee":{"type":"Identifier","start":1294,"end":1304,"loc":{"start":{"line":39,"column":33,"index":1294},"end":{"line":39,"column":43,"index":1304},"identifierName":"setTimeout"},"name":"setTimeout"},"arguments":[{"type":"Identifier","start":1305,"end":1312,"loc":{"start":{"line":39,"column":44,"index":1305},"end":{"line":39,"column":51,"index":1312},"identifierName":"resolve"},"name":"resolve"},{"type":"BinaryExpression","start":1314,"end":1342,"loc":{"start":{"line":39,"column":53,"index":1314},"end":{"line":39,"column":81,"index":1342}},"left":{"type":"CallExpression","start":1314,"end":1335,"loc":{"start":{"line":39,"column":53,"index":1314},"end":{"line":39,"column":74,"index":1335}},"callee":{"type":"Identifier","start":1314,"end":1322,"loc":{"start":{"line":39,"column":53,"index":1314},"end":{"line":39,"column":61,"index":1322},"identifierName":"parseInt"},"name":"parseInt"},"arguments":[{"type":"Identifier","start":1323,"end":1334,"loc":{"start":{"line":39,"column":62,"index":1323},"end":{"line":39,"column":73,"index":1334},"identifierName":"waitSeconds"},"name":"waitSeconds"}]},"operator":"*","right":{"type":"NumericLiteral","start":1338,"end":1342,"loc":{"start":{"line":39,"column":77,"index":1338},"end":{"line":39,"column":81,"index":1342}},"extra":{"rawValue":1000,"raw":"1000"},"value":1000}}]}}]}}},{"type":"ExpressionStatement","start":1350,"end":1379,"loc":{"start":{"line":40,"column":4,"index":1350},"end":{"line":40,"column":33,"index":1379}},"expression":{"type":"CallExpression","start":1350,"end":1378,"loc":{"start":{"line":40,"column":4,"index":1350},"end":{"line":40,"column":32,"index":1378}},"callee":{"type":"MemberExpression","start":1350,"end":1361,"loc":{"start":{"line":40,"column":4,"index":1350},"end":{"line":40,"column":15,"index":1361}},"object":{"type":"Identifier","start":1350,"end":1357,"loc":{"start":{"line":40,"column":4,"index":1350},"end":{"line":40,"column":11,"index":1357},"identifierName":"console"},"name":"console"},"computed":false,"property":{"type":"Identifier","start":1358,"end":1361,"loc":{"start":{"line":40,"column":12,"index":1358},"end":{"line":40,"column":15,"index":1361},"identifierName":"log"},"name":"log"}},"arguments":[{"type":"MemberExpression","start":1362,"end":1377,"loc":{"start":{"line":40,"column":16,"index":1362},"end":{"line":40,"column":31,"index":1377}},"object":{"type":"Identifier","start":1362,"end":1369,"loc":{"start":{"line":40,"column":16,"index":1362},"end":{"line":40,"column":23,"index":1369},"identifierName":"options"},"name":"options"},"computed":false,"property":{"type":"Identifier","start":1370,"end":1377,"loc":{"start":{"line":40,"column":24,"index":1370},"end":{"line":40,"column":31,"index":1377},"identifierName":"message"},"name":"message"}}]}}],"directives":[]}}]}},{"type":"ExpressionStatement","start":1387,"end":1484,"loc":{"start":{"line":43,"column":0,"index":1387},"end":{"line":45,"column":45,"index":1484}},"expression":{"type":"CallExpression","start":1387,"end":1483,"loc":{"start":{"line":43,"column":0,"index":1387},"end":{"line":45,"column":44,"index":1483}},"callee":{"type":"MemberExpression","start":1387,"end":1448,"loc":{"start":{"line":43,"column":0,"index":1387},"end":{"line":45,"column":9,"index":1448}},"object":{"type":"CallExpression","start":1387,"end":1438,"loc":{"start":{"line":43,"column":0,"index":1387},"end":{"line":44,"column":26,"index":1438}},"callee":{"type":"MemberExpression","start":1387,"end":1421,"loc":{"start":{"line":43,"column":0,"index":1387},"end":{"line":44,"column":9,"index":1421}},"object":{"type":"CallExpression","start":1387,"end":1411,"loc":{"start":{"line":43,"column":0,"index":1387},"end":{"line":43,"column":24,"index":1411}},"callee":{"type":"MemberExpression","start":1387,"end":1402,"loc":{"start":{"line":43,"column":0,"index":1387},"end":{"line":43,"column":15,"index":1402}},"object":{"type":"Identifier","start":1387,"end":1394,"loc":{"start":{"line":43,"column":0,"index":1387},"end":{"line":43,"column":7,"index":1394},"identifierName":"program"},"name":"program"},"computed":false,"property":{"type":"Identifier","start":1395,"end":1402,"loc":{"start":{"line":43,"column":8,"index":1395},"end":{"line":43,"column":15,"index":1402},"identifierName":"command"},"name":"command"}},"arguments":[{"type":"StringLiteral","start":1403,"end":1410,"loc":{"start":{"line":43,"column":16,"index":1403},"end":{"line":43,"column":23,"index":1410}},"extra":{"rawValue":"hello","raw":"'hello'"},"value":"hello"}]},"computed":false,"property":{"type":"Identifier","start":1415,"end":1421,"loc":{"start":{"line":44,"column":3,"index":1415},"end":{"line":44,"column":9,"index":1421},"identifierName":"option"},"name":"option"}},"arguments":[{"type":"StringLiteral","start":1422,"end":1437,"loc":{"start":{"line":44,"column":10,"index":1422},"end":{"line":44,"column":25,"index":1437}},"extra":{"rawValue":"-e, --example","raw":"'-e, --example'"},"value":"-e, --example"}]},"computed":false,"property":{"type":"Identifier","start":1442,"end":1448,"loc":{"start":{"line":45,"column":3,"index":1442},"end":{"line":45,"column":9,"index":1448},"identifierName":"action"},"name":"action"}},"arguments":[{"type":"ArrowFunctionExpression","start":1449,"end":1482,"loc":{"start":{"line":45,"column":10,"index":1449},"end":{"line":45,"column":43,"index":1482}},"id":null,"generator":false,"async":false,"params":[],"body":{"type":"CallExpression","start":1455,"end":1482,"loc":{"start":{"line":45,"column":16,"index":1455},"end":{"line":45,"column":43,"index":1482}},"callee":{"type":"MemberExpression","start":1455,"end":1466,"loc":{"start":{"line":45,"column":16,"index":1455},"end":{"line":45,"column":27,"index":1466}},"object":{"type":"Identifier","start":1455,"end":1462,"loc":{"start":{"line":45,"column":16,"index":1455},"end":{"line":45,"column":23,"index":1462},"identifierName":"console"},"name":"console"},"computed":false,"property":{"type":"Identifier","start":1463,"end":1466,"loc":{"start":{"line":45,"column":24,"index":1463},"end":{"line":45,"column":27,"index":1466},"identifierName":"log"},"name":"log"}},"arguments":[{"type":"StringLiteral","start":1467,"end":1481,"loc":{"start":{"line":45,"column":28,"index":1467},"end":{"line":45,"column":42,"index":1481}},"extra":{"rawValue":"Hello, world","raw":"'Hello, world'"},"value":"Hello, world"}]}}]},"trailingComments":[{"type":"CommentLine","value":" Some of the hooks or actions are async, so call parseAsync rather than parse.","start":1486,"end":1566,"loc":{"start":{"line":47,"column":0,"index":1486},"end":{"line":47,"column":80,"index":1566}}}]},{"type":"ExpressionStatement","start":1567,"end":1603,"loc":{"start":{"line":48,"column":0,"index":1567},"end":{"line":48,"column":36,"index":1603}},"expression":{"type":"CallExpression","start":1567,"end":1602,"loc":{"start":{"line":48,"column":0,"index":1567},"end":{"line":48,"column":35,"index":1602}},"callee":{"type":"MemberExpression","start":1567,"end":1592,"loc":{"start":{"line":48,"column":0,"index":1567},"end":{"line":48,"column":25,"index":1592}},"object":{"type":"CallExpression","start":1567,"end":1587,"loc":{"start":{"line":48,"column":0,"index":1567},"end":{"line":48,"column":20,"index":1587}},"callee":{"type":"MemberExpression","start":1567,"end":1585,"loc":{"start":{"line":48,"column":0,"index":1567},"end":{"line":48,"column":18,"index":1585}},"object":{"type":"Identifier","start":1567,"end":1574,"loc":{"start":{"line":48,"column":0,"index":1567},"end":{"line":48,"column":7,"index":1574},"identifierName":"program"},"name":"program"},"computed":false,"property":{"type":"Identifier","start":1575,"end":1585,"loc":{"start":{"line":48,"column":8,"index":1575},"end":{"line":48,"column":18,"index":1585},"identifierName":"parseAsync"},"name":"parseAsync"}},"arguments":[]},"computed":false,"property":{"type":"Identifier","start":1588,"end":1592,"loc":{"start":{"line":48,"column":21,"index":1588},"end":{"line":48,"column":25,"index":1592},"identifierName":"then"},"name":"then"}},"arguments":[{"type":"ArrowFunctionExpression","start":1593,"end":1601,"loc":{"start":{"line":48,"column":26,"index":1593},"end":{"line":48,"column":34,"index":1601}},"id":null,"generator":false,"async":false,"params":[],"body":{"type":"BlockStatement","start":1599,"end":1601,"loc":{"start":{"line":48,"column":32,"index":1599},"end":{"line":48,"column":34,"index":1601}},"body":[],"directives":[]}}]},"trailingComments":[{"type":"CommentLine","value":" Try the following:","start":1605,"end":1626,"loc":{"start":{"line":50,"column":0,"index":1605},"end":{"line":50,"column":21,"index":1626}}},{"type":"CommentLine","value":"  node hook.js hello","start":1627,"end":1649,"loc":{"start":{"line":51,"column":0,"index":1627},"end":{"line":51,"column":22,"index":1649}}},{"type":"CommentLine","value":"  node hook.js --profile hello","start":1650,"end":1682,"loc":{"start":{"line":52,"column":0,"index":1650},"end":{"line":52,"column":32,"index":1682}}},{"type":"CommentLine","value":"  node hook.js --trace hello --example","start":1683,"end":1723,"loc":{"start":{"line":53,"column":0,"index":1683},"end":{"line":53,"column":40,"index":1723}}},{"type":"CommentLine","value":"  node hook.js delay","start":1724,"end":1746,"loc":{"start":{"line":54,"column":0,"index":1724},"end":{"line":54,"column":22,"index":1746}}},{"type":"CommentLine","value":"  node hook.js --trace delay 5 --message bye","start":1747,"end":1793,"loc":{"start":{"line":55,"column":0,"index":1747},"end":{"line":55,"column":46,"index":1793}}},{"type":"CommentLine","value":"  node hook.js --profile delay","start":1794,"end":1826,"loc":{"start":{"line":56,"column":0,"index":1794},"end":{"line":56,"column":32,"index":1826}}}],"leadingComments":[{"type":"CommentLine","value":" Some of the hooks or actions are async, so call parseAsync rather than parse.","start":1486,"end":1566,"loc":{"start":{"line":47,"column":0,"index":1486},"end":{"line":47,"column":80,"index":1566}}}]}],"directives":[]},"comments":[{"type":"CommentLine","value":" const commander = require('commander'); // (normal include)","start":21,"end":83,"loc":{"start":{"line":3,"column":0,"index":21},"end":{"line":3,"column":62,"index":83}}},{"type":"CommentLine","value":" include commander in git clone of commander repo","start":118,"end":169,"loc":{"start":{"line":4,"column":34,"index":118},"end":{"line":4,"column":85,"index":169}}},{"type":"CommentLine","value":" This example shows using some hooks for life cycle events.","start":212,"end":273,"loc":{"start":{"line":7,"column":0,"index":212},"end":{"line":7,"column":61,"index":273}}},{"type":"CommentLine","value":" Some of the hooks or actions are async, so call parseAsync rather than parse.","start":1486,"end":1566,"loc":{"start":{"line":47,"column":0,"index":1486},"end":{"line":47,"column":80,"index":1566}}},{"type":"CommentLine","value":" Try the following:","start":1605,"end":1626,"loc":{"start":{"line":50,"column":0,"index":1605},"end":{"line":50,"column":21,"index":1626}}},{"type":"CommentLine","value":"  node hook.js hello","start":1627,"end":1649,"loc":{"start":{"line":51,"column":0,"index":1627},"end":{"line":51,"column":22,"index":1649}}},{"type":"CommentLine","value":"  node hook.js --profile hello","start":1650,"end":1682,"loc":{"start":{"line":52,"column":0,"index":1650},"end":{"line":52,"column":32,"index":1682}}},{"type":"CommentLine","value":"  node hook.js --trace hello --example","start":1683,"end":1723,"loc":{"start":{"line":53,"column":0,"index":1683},"end":{"line":53,"column":40,"index":1723}}},{"type":"CommentLine","value":"  node hook.js delay","start":1724,"end":1746,"loc":{"start":{"line":54,"column":0,"index":1724},"end":{"line":54,"column":22,"index":1746}}},{"type":"CommentLine","value":"  node hook.js --trace delay 5 --message bye","start":1747,"end":1793,"loc":{"start":{"line":55,"column":0,"index":1747},"end":{"line":55,"column":46,"index":1793}}},{"type":"CommentLine","value":"  node hook.js --profile delay","start":1794,"end":1826,"loc":{"start":{"line":56,"column":0,"index":1794},"end":{"line":56,"column":32,"index":1826}}}]}