{"type":"File","start":0,"end":828,"loc":{"start":{"line":1,"column":0,"index":0},"end":{"line":27,"column":0,"index":828}},"errors":[],"program":{"type":"Program","start":0,"end":828,"loc":{"start":{"line":1,"column":0,"index":0},"end":{"line":27,"column":0,"index":828}},"sourceType":"module","interpreter":{"type":"InterpreterDirective","start":0,"end":19,"loc":{"start":{"line":1,"column":0,"index":0},"end":{"line":1,"column":19,"index":19}},"value":"/usr/bin/env node","trailingComments":[{"type":"CommentLine","value":" This example is used as an example in the README for the action handler.","start":21,"end":96,"loc":{"start":{"line":3,"column":0,"index":21},"end":{"line":3,"column":75,"index":96}}},{"type":"CommentLine","value":" const { Command } = require('commander'); // (normal include)","start":98,"end":162,"loc":{"start":{"line":5,"column":0,"index":98},"end":{"line":5,"column":64,"index":162}}}]},"body":[{"type":"VariableDeclaration","start":163,"end":198,"loc":{"start":{"line":6,"column":0,"index":163},"end":{"line":6,"column":35,"index":198}},"declarations":[{"type":"VariableDeclarator","start":169,"end":197,"loc":{"start":{"line":6,"column":6,"index":169},"end":{"line":6,"column":34,"index":197}},"id":{"type":"ObjectPattern","start":169,"end":180,"loc":{"start":{"line":6,"column":6,"index":169},"end":{"line":6,"column":17,"index":180}},"properties":[{"type":"ObjectProperty","start":171,"end":178,"loc":{"start":{"line":6,"column":8,"index":171},"end":{"line":6,"column":15,"index":178}},"key":{"type":"Identifier","start":171,"end":178,"loc":{"start":{"line":6,"column":8,"index":171},"end":{"line":6,"column":15,"index":178},"identifierName":"Command"},"name":"Command"},"computed":false,"method":false,"shorthand":true,"value":{"type":"Identifier","start":171,"end":178,"loc":{"start":{"line":6,"column":8,"index":171},"end":{"line":6,"column":15,"index":178},"identifierName":"Command"},"name":"Command"},"extra":{"shorthand":true}}]},"init":{"type":"CallExpression","start":183,"end":197,"loc":{"start":{"line":6,"column":20,"index":183},"end":{"line":6,"column":34,"index":197}},"callee":{"type":"Identifier","start":183,"end":190,"loc":{"start":{"line":6,"column":20,"index":183},"end":{"line":6,"column":27,"index":190},"identifierName":"require"},"name":"require"},"arguments":[{"type":"StringLiteral","start":191,"end":196,"loc":{"start":{"line":6,"column":28,"index":191},"end":{"line":6,"column":33,"index":196}},"extra":{"rawValue":"../","raw":"'../'"},"value":"../"}]}}],"kind":"const","trailingComments":[{"type":"CommentLine","value":" include commander in git clone of commander repo","start":199,"end":250,"loc":{"start":{"line":6,"column":36,"index":199},"end":{"line":6,"column":87,"index":250}}}],"leadingComments":[{"type":"CommentLine","value":" This example is used as an example in the README for the action handler.","start":21,"end":96,"loc":{"start":{"line":3,"column":0,"index":21},"end":{"line":3,"column":75,"index":96}}},{"type":"CommentLine","value":" const { Command } = require('commander'); // (normal include)","start":98,"end":162,"loc":{"start":{"line":5,"column":0,"index":98},"end":{"line":5,"column":64,"index":162}}}]},{"type":"VariableDeclaration","start":251,"end":281,"loc":{"start":{"line":7,"column":0,"index":251},"end":{"line":7,"column":30,"index":281}},"declarations":[{"type":"VariableDeclarator","start":257,"end":280,"loc":{"start":{"line":7,"column":6,"index":257},"end":{"line":7,"column":29,"index":280}},"id":{"type":"Identifier","start":257,"end":264,"loc":{"start":{"line":7,"column":6,"index":257},"end":{"line":7,"column":13,"index":264},"identifierName":"program"},"name":"program"},"init":{"type":"NewExpression","start":267,"end":280,"loc":{"start":{"line":7,"column":16,"index":267},"end":{"line":7,"column":29,"index":280}},"callee":{"type":"Identifier","start":271,"end":278,"loc":{"start":{"line":7,"column":20,"index":271},"end":{"line":7,"column":27,"index":278},"identifierName":"Command"},"name":"Command"},"arguments":[]}}],"kind":"const","leadingComments":[{"type":"CommentLine","value":" include commander in git clone of commander repo","start":199,"end":250,"loc":{"start":{"line":6,"column":36,"index":199},"end":{"line":6,"column":87,"index":250}}}]},{"type":"ExpressionStatement","start":283,"end":686,"loc":{"start":{"line":9,"column":0,"index":283},"end":{"line":19,"column":5,"index":686}},"expression":{"type":"CallExpression","start":283,"end":685,"loc":{"start":{"line":9,"column":0,"index":283},"end":{"line":19,"column":4,"index":685}},"callee":{"type":"MemberExpression","start":283,"end":438,"loc":{"start":{"line":9,"column":0,"index":283},"end":{"line":13,"column":9,"index":438}},"object":{"type":"CallExpression","start":283,"end":428,"loc":{"start":{"line":9,"column":0,"index":283},"end":{"line":12,"column":50,"index":428}},"callee":{"type":"MemberExpression","start":283,"end":387,"loc":{"start":{"line":9,"column":0,"index":283},"end":{"line":12,"column":9,"index":387}},"object":{"type":"CallExpression","start":283,"end":377,"loc":{"start":{"line":9,"column":0,"index":283},"end":{"line":11,"column":64,"index":377}},"callee":{"type":"MemberExpression","start":283,"end":322,"loc":{"start":{"line":9,"column":0,"index":283},"end":{"line":11,"column":9,"index":322}},"object":{"type":"CallExpression","start":283,"end":312,"loc":{"start":{"line":9,"column":0,"index":283},"end":{"line":10,"column":21,"index":312}},"callee":{"type":"MemberExpression","start":283,"end":302,"loc":{"start":{"line":9,"column":0,"index":283},"end":{"line":10,"column":11,"index":302}},"object":{"type":"Identifier","start":283,"end":290,"loc":{"start":{"line":9,"column":0,"index":283},"end":{"line":9,"column":7,"index":290},"identifierName":"program"},"name":"program"},"computed":false,"property":{"type":"Identifier","start":294,"end":302,"loc":{"start":{"line":10,"column":3,"index":294},"end":{"line":10,"column":11,"index":302},"identifierName":"argument"},"name":"argument"}},"arguments":[{"type":"StringLiteral","start":303,"end":311,"loc":{"start":{"line":10,"column":12,"index":303},"end":{"line":10,"column":20,"index":311}},"extra":{"rawValue":"<name>","raw":"'<name>'"},"value":"<name>"}]},"computed":false,"property":{"type":"Identifier","start":316,"end":322,"loc":{"start":{"line":11,"column":3,"index":316},"end":{"line":11,"column":9,"index":322},"identifierName":"option"},"name":"option"}},"arguments":[{"type":"StringLiteral","start":323,"end":348,"loc":{"start":{"line":11,"column":10,"index":323},"end":{"line":11,"column":35,"index":348}},"extra":{"rawValue":"-t, --title <honorific>","raw":"'-t, --title <honorific>'"},"value":"-t, --title <honorific>"},{"type":"StringLiteral","start":350,"end":376,"loc":{"start":{"line":11,"column":37,"index":350},"end":{"line":11,"column":63,"index":376}},"extra":{"rawValue":"title to use before name","raw":"'title to use before name'"},"value":"title to use before name"}]},"computed":false,"property":{"type":"Identifier","start":381,"end":387,"loc":{"start":{"line":12,"column":3,"index":381},"end":{"line":12,"column":9,"index":387},"identifierName":"option"},"name":"option"}},"arguments":[{"type":"StringLiteral","start":388,"end":401,"loc":{"start":{"line":12,"column":10,"index":388},"end":{"line":12,"column":23,"index":401}},"extra":{"rawValue":"-d, --debug","raw":"'-d, --debug'"},"value":"-d, --debug"},{"type":"StringLiteral","start":403,"end":427,"loc":{"start":{"line":12,"column":25,"index":403},"end":{"line":12,"column":49,"index":427}},"extra":{"rawValue":"display some debugging","raw":"'display some debugging'"},"value":"display some debugging"}]},"computed":false,"property":{"type":"Identifier","start":432,"end":438,"loc":{"start":{"line":13,"column":3,"index":432},"end":{"line":13,"column":9,"index":438},"identifierName":"action"},"name":"action"}},"arguments":[{"type":"ArrowFunctionExpression","start":439,"end":684,"loc":{"start":{"line":13,"column":10,"index":439},"end":{"line":19,"column":3,"index":684}},"id":null,"generator":false,"async":false,"params":[{"type":"Identifier","start":440,"end":444,"loc":{"start":{"line":13,"column":11,"index":440},"end":{"line":13,"column":15,"index":444},"identifierName":"name"},"name":"name"},{"type":"Identifier","start":446,"end":453,"loc":{"start":{"line":13,"column":17,"index":446},"end":{"line":13,"column":24,"index":453},"identifierName":"options"},"name":"options"},{"type":"Identifier","start":455,"end":462,"loc":{"start":{"line":13,"column":26,"index":455},"end":{"line":13,"column":33,"index":462},"identifierName":"command"},"name":"command"}],"body":{"type":"BlockStatement","start":467,"end":684,"loc":{"start":{"line":13,"column":38,"index":467},"end":{"line":19,"column":3,"index":684}},"body":[{"type":"IfStatement","start":473,"end":574,"loc":{"start":{"line":14,"column":4,"index":473},"end":{"line":16,"column":5,"index":574}},"test":{"type":"MemberExpression","start":477,"end":490,"loc":{"start":{"line":14,"column":8,"index":477},"end":{"line":14,"column":21,"index":490}},"object":{"type":"Identifier","start":477,"end":484,"loc":{"start":{"line":14,"column":8,"index":477},"end":{"line":14,"column":15,"index":484},"identifierName":"options"},"name":"options"},"computed":false,"property":{"type":"Identifier","start":485,"end":490,"loc":{"start":{"line":14,"column":16,"index":485},"end":{"line":14,"column":21,"index":490},"identifierName":"debug"},"name":"debug"}},"consequent":{"type":"BlockStatement","start":492,"end":574,"loc":{"start":{"line":14,"column":23,"index":492},"end":{"line":16,"column":5,"index":574}},"body":[{"type":"ExpressionStatement","start":500,"end":568,"loc":{"start":{"line":15,"column":6,"index":500},"end":{"line":15,"column":74,"index":568}},"expression":{"type":"CallExpression","start":500,"end":567,"loc":{"start":{"line":15,"column":6,"index":500},"end":{"line":15,"column":73,"index":567}},"callee":{"type":"MemberExpression","start":500,"end":513,"loc":{"start":{"line":15,"column":6,"index":500},"end":{"line":15,"column":19,"index":513}},"object":{"type":"Identifier","start":500,"end":507,"loc":{"start":{"line":15,"column":6,"index":500},"end":{"line":15,"column":13,"index":507},"identifierName":"console"},"name":"console"},"computed":false,"property":{"type":"Identifier","start":508,"end":513,"loc":{"start":{"line":15,"column":14,"index":508},"end":{"line":15,"column":19,"index":513},"identifierName":"error"},"name":"error"}},"arguments":[{"type":"StringLiteral","start":514,"end":541,"loc":{"start":{"line":15,"column":20,"index":514},"end":{"line":15,"column":47,"index":541}},"extra":{"rawValue":"Called %s with options %o","raw":"'Called %s with options %o'"},"value":"Called %s with options %o"},{"type":"CallExpression","start":543,"end":557,"loc":{"start":{"line":15,"column":49,"index":543},"end":{"line":15,"column":63,"index":557}},"callee":{"type":"MemberExpression","start":543,"end":555,"loc":{"start":{"line":15,"column":49,"index":543},"end":{"line":15,"column":61,"index":555}},"object":{"type":"Identifier","start":543,"end":550,"loc":{"start":{"line":15,"column":49,"index":543},"end":{"line":15,"column":56,"index":550},"identifierName":"command"},"name":"command"},"computed":false,"property":{"type":"Identifier","start":551,"end":555,"loc":{"start":{"line":15,"column":57,"index":551},"end":{"line":15,"column":61,"index":555},"identifierName":"name"},"name":"name"}},"arguments":[]},{"type":"Identifier","start":559,"end":566,"loc":{"start":{"line":15,"column":65,"index":559},"end":{"line":15,"column":72,"index":566},"identifierName":"options"},"name":"options"}]}}],"directives":[]},"alternate":null},{"type":"VariableDeclaration","start":579,"end":634,"loc":{"start":{"line":17,"column":4,"index":579},"end":{"line":17,"column":59,"index":634}},"declarations":[{"type":"VariableDeclarator","start":585,"end":633,"loc":{"start":{"line":17,"column":10,"index":585},"end":{"line":17,"column":58,"index":633}},"id":{"type":"Identifier","start":585,"end":590,"loc":{"start":{"line":17,"column":10,"index":585},"end":{"line":17,"column":15,"index":590},"identifierName":"title"},"name":"title"},"init":{"type":"ConditionalExpression","start":593,"end":633,"loc":{"start":{"line":17,"column":18,"index":593},"end":{"line":17,"column":58,"index":633}},"test":{"type":"MemberExpression","start":593,"end":606,"loc":{"start":{"line":17,"column":18,"index":593},"end":{"line":17,"column":31,"index":606}},"object":{"type":"Identifier","start":593,"end":600,"loc":{"start":{"line":17,"column":18,"index":593},"end":{"line":17,"column":25,"index":600},"identifierName":"options"},"name":"options"},"computed":false,"property":{"type":"Identifier","start":601,"end":606,"loc":{"start":{"line":17,"column":26,"index":601},"end":{"line":17,"column":31,"index":606},"identifierName":"title"},"name":"title"}},"consequent":{"type":"TemplateLiteral","start":609,"end":628,"loc":{"start":{"line":17,"column":34,"index":609},"end":{"line":17,"column":53,"index":628}},"expressions":[{"type":"MemberExpression","start":612,"end":625,"loc":{"start":{"line":17,"column":37,"index":612},"end":{"line":17,"column":50,"index":625}},"object":{"type":"Identifier","start":612,"end":619,"loc":{"start":{"line":17,"column":37,"index":612},"end":{"line":17,"column":44,"index":619},"identifierName":"options"},"name":"options"},"computed":false,"property":{"type":"Identifier","start":620,"end":625,"loc":{"start":{"line":17,"column":45,"index":620},"end":{"line":17,"column":50,"index":625},"identifierName":"title"},"name":"title"}}],"quasis":[{"type":"TemplateElement","start":610,"end":610,"loc":{"start":{"line":17,"column":35,"index":610},"end":{"line":17,"column":35,"index":610}},"value":{"raw":"","cooked":""},"tail":false},{"type":"TemplateElement","start":626,"end":627,"loc":{"start":{"line":17,"column":51,"index":626},"end":{"line":17,"column":52,"index":627}},"value":{"raw":" ","cooked":" "},"tail":true}]},"alternate":{"type":"StringLiteral","start":631,"end":633,"loc":{"start":{"line":17,"column":56,"index":631},"end":{"line":17,"column":58,"index":633}},"extra":{"rawValue":"","raw":"''"},"value":""}}}],"kind":"const"},{"type":"ExpressionStatement","start":639,"end":680,"loc":{"start":{"line":18,"column":4,"index":639},"end":{"line":18,"column":45,"index":680}},"expression":{"type":"CallExpression","start":639,"end":679,"loc":{"start":{"line":18,"column":4,"index":639},"end":{"line":18,"column":44,"index":679}},"callee":{"type":"MemberExpression","start":639,"end":650,"loc":{"start":{"line":18,"column":4,"index":639},"end":{"line":18,"column":15,"index":650}},"object":{"type":"Identifier","start":639,"end":646,"loc":{"start":{"line":18,"column":4,"index":639},"end":{"line":18,"column":11,"index":646},"identifierName":"console"},"name":"console"},"computed":false,"property":{"type":"Identifier","start":647,"end":650,"loc":{"start":{"line":18,"column":12,"index":647},"end":{"line":18,"column":15,"index":650},"identifierName":"log"},"name":"log"}},"arguments":[{"type":"TemplateLiteral","start":651,"end":678,"loc":{"start":{"line":18,"column":16,"index":651},"end":{"line":18,"column":43,"index":678}},"expressions":[{"type":"Identifier","start":664,"end":669,"loc":{"start":{"line":18,"column":29,"index":664},"end":{"line":18,"column":34,"index":669},"identifierName":"title"},"name":"title"},{"type":"Identifier","start":672,"end":676,"loc":{"start":{"line":18,"column":37,"index":672},"end":{"line":18,"column":41,"index":676},"identifierName":"name"},"name":"name"}],"quasis":[{"type":"TemplateElement","start":652,"end":662,"loc":{"start":{"line":18,"column":17,"index":652},"end":{"line":18,"column":27,"index":662}},"value":{"raw":"Thank-you ","cooked":"Thank-you "},"tail":false},{"type":"TemplateElement","start":670,"end":670,"loc":{"start":{"line":18,"column":35,"index":670},"end":{"line":18,"column":35,"index":670}},"value":{"raw":"","cooked":""},"tail":false},{"type":"TemplateElement","start":677,"end":677,"loc":{"start":{"line":18,"column":42,"index":677},"end":{"line":18,"column":42,"index":677}},"value":{"raw":"","cooked":""},"tail":true}]}]}}],"directives":[]}}]}},{"type":"ExpressionStatement","start":688,"end":704,"loc":{"start":{"line":21,"column":0,"index":688},"end":{"line":21,"column":16,"index":704}},"expression":{"type":"CallExpression","start":688,"end":703,"loc":{"start":{"line":21,"column":0,"index":688},"end":{"line":21,"column":15,"index":703}},"callee":{"type":"MemberExpression","start":688,"end":701,"loc":{"start":{"line":21,"column":0,"index":688},"end":{"line":21,"column":13,"index":701}},"object":{"type":"Identifier","start":688,"end":695,"loc":{"start":{"line":21,"column":0,"index":688},"end":{"line":21,"column":7,"index":695},"identifierName":"program"},"name":"program"},"computed":false,"property":{"type":"Identifier","start":696,"end":701,"loc":{"start":{"line":21,"column":8,"index":696},"end":{"line":21,"column":13,"index":701},"identifierName":"parse"},"name":"parse"}},"arguments":[]},"trailingComments":[{"type":"CommentLine","value":" Try the following:","start":706,"end":727,"loc":{"start":{"line":23,"column":0,"index":706},"end":{"line":23,"column":21,"index":727}}},{"type":"CommentLine","value":"   node thank.js John","start":728,"end":751,"loc":{"start":{"line":24,"column":0,"index":728},"end":{"line":24,"column":23,"index":751}}},{"type":"CommentLine","value":"   node thank.js Doe --title Mr","start":752,"end":785,"loc":{"start":{"line":25,"column":0,"index":752},"end":{"line":25,"column":33,"index":785}}},{"type":"CommentLine","value":"   node thank.js --debug Doe --title Mr","start":786,"end":827,"loc":{"start":{"line":26,"column":0,"index":786},"end":{"line":26,"column":41,"index":827}}}]}],"directives":[]},"comments":[{"type":"CommentLine","value":" This example is used as an example in the README for the action handler.","start":21,"end":96,"loc":{"start":{"line":3,"column":0,"index":21},"end":{"line":3,"column":75,"index":96}}},{"type":"CommentLine","value":" const { Command } = require('commander'); // (normal include)","start":98,"end":162,"loc":{"start":{"line":5,"column":0,"index":98},"end":{"line":5,"column":64,"index":162}}},{"type":"CommentLine","value":" include commander in git clone of commander repo","start":199,"end":250,"loc":{"start":{"line":6,"column":36,"index":199},"end":{"line":6,"column":87,"index":250}}},{"type":"CommentLine","value":" Try the following:","start":706,"end":727,"loc":{"start":{"line":23,"column":0,"index":706},"end":{"line":23,"column":21,"index":727}}},{"type":"CommentLine","value":"   node thank.js John","start":728,"end":751,"loc":{"start":{"line":24,"column":0,"index":728},"end":{"line":24,"column":23,"index":751}}},{"type":"CommentLine","value":"   node thank.js Doe --title Mr","start":752,"end":785,"loc":{"start":{"line":25,"column":0,"index":752},"end":{"line":25,"column":33,"index":785}}},{"type":"CommentLine","value":"   node thank.js --debug Doe --title Mr","start":786,"end":827,"loc":{"start":{"line":26,"column":0,"index":786},"end":{"line":26,"column":41,"index":827}}}]}