{"type":"File","start":0,"end":798,"loc":{"start":{"line":1,"column":0,"index":0},"end":{"line":28,"column":0,"index":798}},"errors":[],"program":{"type":"Program","start":0,"end":798,"loc":{"start":{"line":1,"column":0,"index":0},"end":{"line":28,"column":0,"index":798}},"sourceType":"module","interpreter":null,"body":[{"type":"VariableDeclaration","start":0,"end":50,"loc":{"start":{"line":1,"column":0,"index":0},"end":{"line":1,"column":50,"index":50}},"declarations":[{"type":"VariableDeclarator","start":6,"end":49,"loc":{"start":{"line":1,"column":6,"index":6},"end":{"line":1,"column":49,"index":49}},"id":{"type":"ObjectPattern","start":6,"end":18,"loc":{"start":{"line":1,"column":6,"index":6},"end":{"line":1,"column":18,"index":18}},"properties":[{"type":"ObjectProperty","start":8,"end":16,"loc":{"start":{"line":1,"column":8,"index":8},"end":{"line":1,"column":16,"index":16}},"key":{"type":"Identifier","start":8,"end":16,"loc":{"start":{"line":1,"column":8,"index":8},"end":{"line":1,"column":16,"index":16},"identifierName":"Argument"},"name":"Argument"},"computed":false,"method":false,"shorthand":true,"value":{"type":"Identifier","start":8,"end":16,"loc":{"start":{"line":1,"column":8,"index":8},"end":{"line":1,"column":16,"index":16},"identifierName":"Argument"},"name":"Argument"},"extra":{"shorthand":true}}]},"init":{"type":"CallExpression","start":21,"end":49,"loc":{"start":{"line":1,"column":21,"index":21},"end":{"line":1,"column":49,"index":49}},"callee":{"type":"Identifier","start":21,"end":28,"loc":{"start":{"line":1,"column":21,"index":21},"end":{"line":1,"column":28,"index":28},"identifierName":"require"},"name":"require"},"arguments":[{"type":"StringLiteral","start":29,"end":48,"loc":{"start":{"line":1,"column":29,"index":29},"end":{"line":1,"column":48,"index":48}},"extra":{"rawValue":"./lib/argument.js","raw":"'./lib/argument.js'"},"value":"./lib/argument.js"}]}}],"kind":"const"},{"type":"VariableDeclaration","start":51,"end":99,"loc":{"start":{"line":2,"column":0,"index":51},"end":{"line":2,"column":48,"index":99}},"declarations":[{"type":"VariableDeclarator","start":57,"end":98,"loc":{"start":{"line":2,"column":6,"index":57},"end":{"line":2,"column":47,"index":98}},"id":{"type":"ObjectPattern","start":57,"end":68,"loc":{"start":{"line":2,"column":6,"index":57},"end":{"line":2,"column":17,"index":68}},"properties":[{"type":"ObjectProperty","start":59,"end":66,"loc":{"start":{"line":2,"column":8,"index":59},"end":{"line":2,"column":15,"index":66}},"key":{"type":"Identifier","start":59,"end":66,"loc":{"start":{"line":2,"column":8,"index":59},"end":{"line":2,"column":15,"index":66},"identifierName":"Command"},"name":"Command"},"computed":false,"method":false,"shorthand":true,"value":{"type":"Identifier","start":59,"end":66,"loc":{"start":{"line":2,"column":8,"index":59},"end":{"line":2,"column":15,"index":66},"identifierName":"Command"},"name":"Command"},"extra":{"shorthand":true}}]},"init":{"type":"CallExpression","start":71,"end":98,"loc":{"start":{"line":2,"column":20,"index":71},"end":{"line":2,"column":47,"index":98}},"callee":{"type":"Identifier","start":71,"end":78,"loc":{"start":{"line":2,"column":20,"index":71},"end":{"line":2,"column":27,"index":78},"identifierName":"require"},"name":"require"},"arguments":[{"type":"StringLiteral","start":79,"end":97,"loc":{"start":{"line":2,"column":28,"index":79},"end":{"line":2,"column":46,"index":97}},"extra":{"rawValue":"./lib/command.js","raw":"'./lib/command.js'"},"value":"./lib/command.js"}]}}],"kind":"const"},{"type":"VariableDeclaration","start":100,"end":175,"loc":{"start":{"line":3,"column":0,"index":100},"end":{"line":3,"column":75,"index":175}},"declarations":[{"type":"VariableDeclarator","start":106,"end":174,"loc":{"start":{"line":3,"column":6,"index":106},"end":{"line":3,"column":74,"index":174}},"id":{"type":"ObjectPattern","start":106,"end":146,"loc":{"start":{"line":3,"column":6,"index":106},"end":{"line":3,"column":46,"index":146}},"properties":[{"type":"ObjectProperty","start":108,"end":122,"loc":{"start":{"line":3,"column":8,"index":108},"end":{"line":3,"column":22,"index":122}},"key":{"type":"Identifier","start":108,"end":122,"loc":{"start":{"line":3,"column":8,"index":108},"end":{"line":3,"column":22,"index":122},"identifierName":"CommanderError"},"name":"CommanderError"},"computed":false,"method":false,"shorthand":true,"value":{"type":"Identifier","start":108,"end":122,"loc":{"start":{"line":3,"column":8,"index":108},"end":{"line":3,"column":22,"index":122},"identifierName":"CommanderError"},"name":"CommanderError"},"extra":{"shorthand":true}},{"type":"ObjectProperty","start":124,"end":144,"loc":{"start":{"line":3,"column":24,"index":124},"end":{"line":3,"column":44,"index":144}},"key":{"type":"Identifier","start":124,"end":144,"loc":{"start":{"line":3,"column":24,"index":124},"end":{"line":3,"column":44,"index":144},"identifierName":"InvalidArgumentError"},"name":"InvalidArgumentError"},"computed":false,"method":false,"shorthand":true,"value":{"type":"Identifier","start":124,"end":144,"loc":{"start":{"line":3,"column":24,"index":124},"end":{"line":3,"column":44,"index":144},"identifierName":"InvalidArgumentError"},"name":"InvalidArgumentError"},"extra":{"shorthand":true}}]},"init":{"type":"CallExpression","start":149,"end":174,"loc":{"start":{"line":3,"column":49,"index":149},"end":{"line":3,"column":74,"index":174}},"callee":{"type":"Identifier","start":149,"end":156,"loc":{"start":{"line":3,"column":49,"index":149},"end":{"line":3,"column":56,"index":156},"identifierName":"require"},"name":"require"},"arguments":[{"type":"StringLiteral","start":157,"end":173,"loc":{"start":{"line":3,"column":57,"index":157},"end":{"line":3,"column":73,"index":173}},"extra":{"rawValue":"./lib/error.js","raw":"'./lib/error.js'"},"value":"./lib/error.js"}]}}],"kind":"const"},{"type":"VariableDeclaration","start":176,"end":218,"loc":{"start":{"line":4,"column":0,"index":176},"end":{"line":4,"column":42,"index":218}},"declarations":[{"type":"VariableDeclarator","start":182,"end":217,"loc":{"start":{"line":4,"column":6,"index":182},"end":{"line":4,"column":41,"index":217}},"id":{"type":"ObjectPattern","start":182,"end":190,"loc":{"start":{"line":4,"column":6,"index":182},"end":{"line":4,"column":14,"index":190}},"properties":[{"type":"ObjectProperty","start":184,"end":188,"loc":{"start":{"line":4,"column":8,"index":184},"end":{"line":4,"column":12,"index":188}},"key":{"type":"Identifier","start":184,"end":188,"loc":{"start":{"line":4,"column":8,"index":184},"end":{"line":4,"column":12,"index":188},"identifierName":"Help"},"name":"Help"},"computed":false,"method":false,"shorthand":true,"value":{"type":"Identifier","start":184,"end":188,"loc":{"start":{"line":4,"column":8,"index":184},"end":{"line":4,"column":12,"index":188},"identifierName":"Help"},"name":"Help"},"extra":{"shorthand":true}}]},"init":{"type":"CallExpression","start":193,"end":217,"loc":{"start":{"line":4,"column":17,"index":193},"end":{"line":4,"column":41,"index":217}},"callee":{"type":"Identifier","start":193,"end":200,"loc":{"start":{"line":4,"column":17,"index":193},"end":{"line":4,"column":24,"index":200},"identifierName":"require"},"name":"require"},"arguments":[{"type":"StringLiteral","start":201,"end":216,"loc":{"start":{"line":4,"column":25,"index":201},"end":{"line":4,"column":40,"index":216}},"extra":{"rawValue":"./lib/help.js","raw":"'./lib/help.js'"},"value":"./lib/help.js"}]}}],"kind":"const"},{"type":"VariableDeclaration","start":219,"end":265,"loc":{"start":{"line":5,"column":0,"index":219},"end":{"line":5,"column":46,"index":265}},"declarations":[{"type":"VariableDeclarator","start":225,"end":264,"loc":{"start":{"line":5,"column":6,"index":225},"end":{"line":5,"column":45,"index":264}},"id":{"type":"ObjectPattern","start":225,"end":235,"loc":{"start":{"line":5,"column":6,"index":225},"end":{"line":5,"column":16,"index":235}},"properties":[{"type":"ObjectProperty","start":227,"end":233,"loc":{"start":{"line":5,"column":8,"index":227},"end":{"line":5,"column":14,"index":233}},"key":{"type":"Identifier","start":227,"end":233,"loc":{"start":{"line":5,"column":8,"index":227},"end":{"line":5,"column":14,"index":233},"identifierName":"Option"},"name":"Option"},"computed":false,"method":false,"shorthand":true,"value":{"type":"Identifier","start":227,"end":233,"loc":{"start":{"line":5,"column":8,"index":227},"end":{"line":5,"column":14,"index":233},"identifierName":"Option"},"name":"Option"},"extra":{"shorthand":true}}]},"init":{"type":"CallExpression","start":238,"end":264,"loc":{"start":{"line":5,"column":19,"index":238},"end":{"line":5,"column":45,"index":264}},"callee":{"type":"Identifier","start":238,"end":245,"loc":{"start":{"line":5,"column":19,"index":238},"end":{"line":5,"column":26,"index":245},"identifierName":"require"},"name":"require"},"arguments":[{"type":"StringLiteral","start":246,"end":263,"loc":{"start":{"line":5,"column":27,"index":246},"end":{"line":5,"column":44,"index":263}},"extra":{"rawValue":"./lib/option.js","raw":"'./lib/option.js'"},"value":"./lib/option.js"}]}}],"kind":"const","trailingComments":[{"type":"CommentLine","value":" @ts-check","start":267,"end":279,"loc":{"start":{"line":7,"column":0,"index":267},"end":{"line":7,"column":12,"index":279}}},{"type":"CommentBlock","value":"*\n * Expose the root command.\n ","start":281,"end":316,"loc":{"start":{"line":9,"column":0,"index":281},"end":{"line":11,"column":3,"index":316}}}]},{"type":"ExpressionStatement","start":318,"end":359,"loc":{"start":{"line":13,"column":0,"index":318},"end":{"line":13,"column":41,"index":359}},"expression":{"type":"AssignmentExpression","start":318,"end":358,"loc":{"start":{"line":13,"column":0,"index":318},"end":{"line":13,"column":40,"index":358}},"operator":"=","left":{"type":"Identifier","start":318,"end":325,"loc":{"start":{"line":13,"column":0,"index":318},"end":{"line":13,"column":7,"index":325},"identifierName":"exports"},"name":"exports"},"right":{"type":"AssignmentExpression","start":328,"end":358,"loc":{"start":{"line":13,"column":10,"index":328},"end":{"line":13,"column":40,"index":358}},"operator":"=","left":{"type":"MemberExpression","start":328,"end":342,"loc":{"start":{"line":13,"column":10,"index":328},"end":{"line":13,"column":24,"index":342}},"object":{"type":"Identifier","start":328,"end":334,"loc":{"start":{"line":13,"column":10,"index":328},"end":{"line":13,"column":16,"index":334},"identifierName":"module"},"name":"module"},"computed":false,"property":{"type":"Identifier","start":335,"end":342,"loc":{"start":{"line":13,"column":17,"index":335},"end":{"line":13,"column":24,"index":342},"identifierName":"exports"},"name":"exports"}},"right":{"type":"NewExpression","start":345,"end":358,"loc":{"start":{"line":13,"column":27,"index":345},"end":{"line":13,"column":40,"index":358}},"callee":{"type":"Identifier","start":349,"end":356,"loc":{"start":{"line":13,"column":31,"index":349},"end":{"line":13,"column":38,"index":356},"identifierName":"Command"},"name":"Command"},"arguments":[]}}},"leadingComments":[{"type":"CommentLine","value":" @ts-check","start":267,"end":279,"loc":{"start":{"line":7,"column":0,"index":267},"end":{"line":7,"column":12,"index":279}}},{"type":"CommentBlock","value":"*\n * Expose the root command.\n ","start":281,"end":316,"loc":{"start":{"line":9,"column":0,"index":281},"end":{"line":11,"column":3,"index":316}}}]},{"type":"ExpressionStatement","start":360,"end":386,"loc":{"start":{"line":14,"column":0,"index":360},"end":{"line":14,"column":26,"index":386}},"expression":{"type":"AssignmentExpression","start":360,"end":385,"loc":{"start":{"line":14,"column":0,"index":360},"end":{"line":14,"column":25,"index":385}},"operator":"=","left":{"type":"MemberExpression","start":360,"end":375,"loc":{"start":{"line":14,"column":0,"index":360},"end":{"line":14,"column":15,"index":375}},"object":{"type":"Identifier","start":360,"end":367,"loc":{"start":{"line":14,"column":0,"index":360},"end":{"line":14,"column":7,"index":367},"identifierName":"exports"},"name":"exports"},"computed":false,"property":{"type":"Identifier","start":368,"end":375,"loc":{"start":{"line":14,"column":8,"index":368},"end":{"line":14,"column":15,"index":375},"identifierName":"program"},"name":"program"}},"right":{"type":"Identifier","start":378,"end":385,"loc":{"start":{"line":14,"column":18,"index":378},"end":{"line":14,"column":25,"index":385},"identifierName":"exports"},"name":"exports"}},"trailingComments":[{"type":"CommentLine","value":" More explicit access to global command.","start":387,"end":429,"loc":{"start":{"line":14,"column":27,"index":387},"end":{"line":14,"column":69,"index":429}}},{"type":"CommentLine","value":" Implicit export of createArgument, createCommand, and createOption.","start":430,"end":500,"loc":{"start":{"line":15,"column":0,"index":430},"end":{"line":15,"column":70,"index":500}}},{"type":"CommentBlock","value":"*\n * Expose classes\n ","start":502,"end":527,"loc":{"start":{"line":17,"column":0,"index":502},"end":{"line":19,"column":3,"index":527}}}]},{"type":"ExpressionStatement","start":529,"end":557,"loc":{"start":{"line":21,"column":0,"index":529},"end":{"line":21,"column":28,"index":557}},"expression":{"type":"AssignmentExpression","start":529,"end":556,"loc":{"start":{"line":21,"column":0,"index":529},"end":{"line":21,"column":27,"index":556}},"operator":"=","left":{"type":"MemberExpression","start":529,"end":545,"loc":{"start":{"line":21,"column":0,"index":529},"end":{"line":21,"column":16,"index":545}},"object":{"type":"Identifier","start":529,"end":536,"loc":{"start":{"line":21,"column":0,"index":529},"end":{"line":21,"column":7,"index":536},"identifierName":"exports"},"name":"exports"},"computed":false,"property":{"type":"Identifier","start":537,"end":545,"loc":{"start":{"line":21,"column":8,"index":537},"end":{"line":21,"column":16,"index":545},"identifierName":"Argument"},"name":"Argument"}},"right":{"type":"Identifier","start":548,"end":556,"loc":{"start":{"line":21,"column":19,"index":548},"end":{"line":21,"column":27,"index":556},"identifierName":"Argument"},"name":"Argument"}},"leadingComments":[{"type":"CommentLine","value":" More explicit access to global command.","start":387,"end":429,"loc":{"start":{"line":14,"column":27,"index":387},"end":{"line":14,"column":69,"index":429}}},{"type":"CommentLine","value":" Implicit export of createArgument, createCommand, and createOption.","start":430,"end":500,"loc":{"start":{"line":15,"column":0,"index":430},"end":{"line":15,"column":70,"index":500}}},{"type":"CommentBlock","value":"*\n * Expose classes\n ","start":502,"end":527,"loc":{"start":{"line":17,"column":0,"index":502},"end":{"line":19,"column":3,"index":527}}}]},{"type":"ExpressionStatement","start":558,"end":584,"loc":{"start":{"line":22,"column":0,"index":558},"end":{"line":22,"column":26,"index":584}},"expression":{"type":"AssignmentExpression","start":558,"end":583,"loc":{"start":{"line":22,"column":0,"index":558},"end":{"line":22,"column":25,"index":583}},"operator":"=","left":{"type":"MemberExpression","start":558,"end":573,"loc":{"start":{"line":22,"column":0,"index":558},"end":{"line":22,"column":15,"index":573}},"object":{"type":"Identifier","start":558,"end":565,"loc":{"start":{"line":22,"column":0,"index":558},"end":{"line":22,"column":7,"index":565},"identifierName":"exports"},"name":"exports"},"computed":false,"property":{"type":"Identifier","start":566,"end":573,"loc":{"start":{"line":22,"column":8,"index":566},"end":{"line":22,"column":15,"index":573},"identifierName":"Command"},"name":"Command"}},"right":{"type":"Identifier","start":576,"end":583,"loc":{"start":{"line":22,"column":18,"index":576},"end":{"line":22,"column":25,"index":583},"identifierName":"Command"},"name":"Command"}}},{"type":"ExpressionStatement","start":585,"end":625,"loc":{"start":{"line":23,"column":0,"index":585},"end":{"line":23,"column":40,"index":625}},"expression":{"type":"AssignmentExpression","start":585,"end":624,"loc":{"start":{"line":23,"column":0,"index":585},"end":{"line":23,"column":39,"index":624}},"operator":"=","left":{"type":"MemberExpression","start":585,"end":607,"loc":{"start":{"line":23,"column":0,"index":585},"end":{"line":23,"column":22,"index":607}},"object":{"type":"Identifier","start":585,"end":592,"loc":{"start":{"line":23,"column":0,"index":585},"end":{"line":23,"column":7,"index":592},"identifierName":"exports"},"name":"exports"},"computed":false,"property":{"type":"Identifier","start":593,"end":607,"loc":{"start":{"line":23,"column":8,"index":593},"end":{"line":23,"column":22,"index":607},"identifierName":"CommanderError"},"name":"CommanderError"}},"right":{"type":"Identifier","start":610,"end":624,"loc":{"start":{"line":23,"column":25,"index":610},"end":{"line":23,"column":39,"index":624},"identifierName":"CommanderError"},"name":"CommanderError"}}},{"type":"ExpressionStatement","start":626,"end":646,"loc":{"start":{"line":24,"column":0,"index":626},"end":{"line":24,"column":20,"index":646}},"expression":{"type":"AssignmentExpression","start":626,"end":645,"loc":{"start":{"line":24,"column":0,"index":626},"end":{"line":24,"column":19,"index":645}},"operator":"=","left":{"type":"MemberExpression","start":626,"end":638,"loc":{"start":{"line":24,"column":0,"index":626},"end":{"line":24,"column":12,"index":638}},"object":{"type":"Identifier","start":626,"end":633,"loc":{"start":{"line":24,"column":0,"index":626},"end":{"line":24,"column":7,"index":633},"identifierName":"exports"},"name":"exports"},"computed":false,"property":{"type":"Identifier","start":634,"end":638,"loc":{"start":{"line":24,"column":8,"index":634},"end":{"line":24,"column":12,"index":638},"identifierName":"Help"},"name":"Help"}},"right":{"type":"Identifier","start":641,"end":645,"loc":{"start":{"line":24,"column":15,"index":641},"end":{"line":24,"column":19,"index":645},"identifierName":"Help"},"name":"Help"}}},{"type":"ExpressionStatement","start":647,"end":699,"loc":{"start":{"line":25,"column":0,"index":647},"end":{"line":25,"column":52,"index":699}},"expression":{"type":"AssignmentExpression","start":647,"end":698,"loc":{"start":{"line":25,"column":0,"index":647},"end":{"line":25,"column":51,"index":698}},"operator":"=","left":{"type":"MemberExpression","start":647,"end":675,"loc":{"start":{"line":25,"column":0,"index":647},"end":{"line":25,"column":28,"index":675}},"object":{"type":"Identifier","start":647,"end":654,"loc":{"start":{"line":25,"column":0,"index":647},"end":{"line":25,"column":7,"index":654},"identifierName":"exports"},"name":"exports"},"computed":false,"property":{"type":"Identifier","start":655,"end":675,"loc":{"start":{"line":25,"column":8,"index":655},"end":{"line":25,"column":28,"index":675},"identifierName":"InvalidArgumentError"},"name":"InvalidArgumentError"}},"right":{"type":"Identifier","start":678,"end":698,"loc":{"start":{"line":25,"column":31,"index":678},"end":{"line":25,"column":51,"index":698},"identifierName":"InvalidArgumentError"},"name":"InvalidArgumentError"}}},{"type":"ExpressionStatement","start":700,"end":758,"loc":{"start":{"line":26,"column":0,"index":700},"end":{"line":26,"column":58,"index":758}},"expression":{"type":"AssignmentExpression","start":700,"end":757,"loc":{"start":{"line":26,"column":0,"index":700},"end":{"line":26,"column":57,"index":757}},"operator":"=","left":{"type":"MemberExpression","start":700,"end":734,"loc":{"start":{"line":26,"column":0,"index":700},"end":{"line":26,"column":34,"index":734}},"object":{"type":"Identifier","start":700,"end":707,"loc":{"start":{"line":26,"column":0,"index":700},"end":{"line":26,"column":7,"index":707},"identifierName":"exports"},"name":"exports"},"computed":false,"property":{"type":"Identifier","start":708,"end":734,"loc":{"start":{"line":26,"column":8,"index":708},"end":{"line":26,"column":34,"index":734},"identifierName":"InvalidOptionArgumentError"},"name":"InvalidOptionArgumentError"}},"right":{"type":"Identifier","start":737,"end":757,"loc":{"start":{"line":26,"column":37,"index":737},"end":{"line":26,"column":57,"index":757},"identifierName":"InvalidArgumentError"},"name":"InvalidArgumentError"}},"trailingComments":[{"type":"CommentLine","value":" Deprecated","start":759,"end":772,"loc":{"start":{"line":26,"column":59,"index":759},"end":{"line":26,"column":72,"index":772}}}]},{"type":"ExpressionStatement","start":773,"end":797,"loc":{"start":{"line":27,"column":0,"index":773},"end":{"line":27,"column":24,"index":797}},"expression":{"type":"AssignmentExpression","start":773,"end":796,"loc":{"start":{"line":27,"column":0,"index":773},"end":{"line":27,"column":23,"index":796}},"operator":"=","left":{"type":"MemberExpression","start":773,"end":787,"loc":{"start":{"line":27,"column":0,"index":773},"end":{"line":27,"column":14,"index":787}},"object":{"type":"Identifier","start":773,"end":780,"loc":{"start":{"line":27,"column":0,"index":773},"end":{"line":27,"column":7,"index":780},"identifierName":"exports"},"name":"exports"},"computed":false,"property":{"type":"Identifier","start":781,"end":787,"loc":{"start":{"line":27,"column":8,"index":781},"end":{"line":27,"column":14,"index":787},"identifierName":"Option"},"name":"Option"}},"right":{"type":"Identifier","start":790,"end":796,"loc":{"start":{"line":27,"column":17,"index":790},"end":{"line":27,"column":23,"index":796},"identifierName":"Option"},"name":"Option"}},"leadingComments":[{"type":"CommentLine","value":" Deprecated","start":759,"end":772,"loc":{"start":{"line":26,"column":59,"index":759},"end":{"line":26,"column":72,"index":772}}}]}],"directives":[]},"comments":[{"type":"CommentLine","value":" @ts-check","start":267,"end":279,"loc":{"start":{"line":7,"column":0,"index":267},"end":{"line":7,"column":12,"index":279}}},{"type":"CommentBlock","value":"*\n * Expose the root command.\n ","start":281,"end":316,"loc":{"start":{"line":9,"column":0,"index":281},"end":{"line":11,"column":3,"index":316}}},{"type":"CommentLine","value":" More explicit access to global command.","start":387,"end":429,"loc":{"start":{"line":14,"column":27,"index":387},"end":{"line":14,"column":69,"index":429}}},{"type":"CommentLine","value":" Implicit export of createArgument, createCommand, and createOption.","start":430,"end":500,"loc":{"start":{"line":15,"column":0,"index":430},"end":{"line":15,"column":70,"index":500}}},{"type":"CommentBlock","value":"*\n * Expose classes\n ","start":502,"end":527,"loc":{"start":{"line":17,"column":0,"index":502},"end":{"line":19,"column":3,"index":527}}},{"type":"CommentLine","value":" Deprecated","start":759,"end":772,"loc":{"start":{"line":26,"column":59,"index":759},"end":{"line":26,"column":72,"index":772}}}]}