{"type":"File","start":0,"end":851,"loc":{"start":{"line":1,"column":0,"index":0},"end":{"line":28,"column":0,"index":851}},"errors":[],"program":{"type":"Program","start":0,"end":851,"loc":{"start":{"line":1,"column":0,"index":0},"end":{"line":28,"column":0,"index":851}},"sourceType":"module","interpreter":{"type":"InterpreterDirective","start":0,"end":19,"loc":{"start":{"line":1,"column":0,"index":0},"end":{"line":1,"column":19,"index":19}},"value":"/usr/bin/env node","trailingComments":[{"type":"CommentLine","value":" const { Command } = require('commander'); // (normal include)","start":21,"end":85,"loc":{"start":{"line":3,"column":0,"index":21},"end":{"line":3,"column":64,"index":85}}}]},"body":[{"type":"VariableDeclaration","start":86,"end":121,"loc":{"start":{"line":4,"column":0,"index":86},"end":{"line":4,"column":35,"index":121}},"declarations":[{"type":"VariableDeclarator","start":92,"end":120,"loc":{"start":{"line":4,"column":6,"index":92},"end":{"line":4,"column":34,"index":120}},"id":{"type":"ObjectPattern","start":92,"end":103,"loc":{"start":{"line":4,"column":6,"index":92},"end":{"line":4,"column":17,"index":103}},"properties":[{"type":"ObjectProperty","start":94,"end":101,"loc":{"start":{"line":4,"column":8,"index":94},"end":{"line":4,"column":15,"index":101}},"key":{"type":"Identifier","start":94,"end":101,"loc":{"start":{"line":4,"column":8,"index":94},"end":{"line":4,"column":15,"index":101},"identifierName":"Command"},"name":"Command"},"computed":false,"method":false,"shorthand":true,"value":{"type":"Identifier","start":94,"end":101,"loc":{"start":{"line":4,"column":8,"index":94},"end":{"line":4,"column":15,"index":101},"identifierName":"Command"},"name":"Command"},"extra":{"shorthand":true}}]},"init":{"type":"CallExpression","start":106,"end":120,"loc":{"start":{"line":4,"column":20,"index":106},"end":{"line":4,"column":34,"index":120}},"callee":{"type":"Identifier","start":106,"end":113,"loc":{"start":{"line":4,"column":20,"index":106},"end":{"line":4,"column":27,"index":113},"identifierName":"require"},"name":"require"},"arguments":[{"type":"StringLiteral","start":114,"end":119,"loc":{"start":{"line":4,"column":28,"index":114},"end":{"line":4,"column":33,"index":119}},"extra":{"rawValue":"../","raw":"'../'"},"value":"../"}]}}],"kind":"const","trailingComments":[{"type":"CommentLine","value":" include commander in git clone of commander repo","start":122,"end":173,"loc":{"start":{"line":4,"column":36,"index":122},"end":{"line":4,"column":87,"index":173}}}],"leadingComments":[{"type":"CommentLine","value":" const { Command } = require('commander'); // (normal include)","start":21,"end":85,"loc":{"start":{"line":3,"column":0,"index":21},"end":{"line":3,"column":64,"index":85}}}]},{"type":"VariableDeclaration","start":174,"end":204,"loc":{"start":{"line":5,"column":0,"index":174},"end":{"line":5,"column":30,"index":204}},"declarations":[{"type":"VariableDeclarator","start":180,"end":203,"loc":{"start":{"line":5,"column":6,"index":180},"end":{"line":5,"column":29,"index":203}},"id":{"type":"Identifier","start":180,"end":187,"loc":{"start":{"line":5,"column":6,"index":180},"end":{"line":5,"column":13,"index":187},"identifierName":"program"},"name":"program"},"init":{"type":"NewExpression","start":190,"end":203,"loc":{"start":{"line":5,"column":16,"index":190},"end":{"line":5,"column":29,"index":203}},"callee":{"type":"Identifier","start":194,"end":201,"loc":{"start":{"line":5,"column":20,"index":194},"end":{"line":5,"column":27,"index":201},"identifierName":"Command"},"name":"Command"},"arguments":[]}}],"kind":"const","leadingComments":[{"type":"CommentLine","value":" include commander in git clone of commander repo","start":122,"end":173,"loc":{"start":{"line":4,"column":36,"index":122},"end":{"line":4,"column":87,"index":173}}}]},{"type":"ExpressionStatement","start":206,"end":271,"loc":{"start":{"line":7,"column":0,"index":206},"end":{"line":9,"column":28,"index":271}},"expression":{"type":"CallExpression","start":206,"end":270,"loc":{"start":{"line":7,"column":0,"index":206},"end":{"line":9,"column":27,"index":270}},"callee":{"type":"MemberExpression","start":206,"end":252,"loc":{"start":{"line":7,"column":0,"index":206},"end":{"line":9,"column":9,"index":252}},"object":{"type":"CallExpression","start":206,"end":242,"loc":{"start":{"line":7,"column":0,"index":206},"end":{"line":8,"column":28,"index":242}},"callee":{"type":"MemberExpression","start":206,"end":240,"loc":{"start":{"line":7,"column":0,"index":206},"end":{"line":8,"column":26,"index":240}},"object":{"type":"Identifier","start":206,"end":213,"loc":{"start":{"line":7,"column":0,"index":206},"end":{"line":7,"column":7,"index":213},"identifierName":"program"},"name":"program"},"computed":false,"property":{"type":"Identifier","start":217,"end":240,"loc":{"start":{"line":8,"column":3,"index":217},"end":{"line":8,"column":26,"index":240},"identifierName":"enablePositionalOptions"},"name":"enablePositionalOptions"}},"arguments":[]},"computed":false,"property":{"type":"Identifier","start":246,"end":252,"loc":{"start":{"line":9,"column":3,"index":246},"end":{"line":9,"column":9,"index":252},"identifierName":"option"},"name":"option"}},"arguments":[{"type":"StringLiteral","start":253,"end":269,"loc":{"start":{"line":9,"column":10,"index":253},"end":{"line":9,"column":26,"index":269}},"extra":{"rawValue":"-p, --progress","raw":"'-p, --progress'"},"value":"-p, --progress"}]}},{"type":"ExpressionStatement","start":273,"end":592,"loc":{"start":{"line":11,"column":0,"index":273},"end":{"line":18,"column":5,"index":592}},"expression":{"type":"CallExpression","start":273,"end":591,"loc":{"start":{"line":11,"column":0,"index":273},"end":{"line":18,"column":4,"index":591}},"callee":{"type":"MemberExpression","start":273,"end":370,"loc":{"start":{"line":11,"column":0,"index":273},"end":{"line":14,"column":9,"index":370}},"object":{"type":"CallExpression","start":273,"end":360,"loc":{"start":{"line":11,"column":0,"index":273},"end":{"line":13,"column":51,"index":360}},"callee":{"type":"MemberExpression","start":273,"end":318,"loc":{"start":{"line":11,"column":0,"index":273},"end":{"line":13,"column":9,"index":318}},"object":{"type":"CallExpression","start":273,"end":308,"loc":{"start":{"line":11,"column":0,"index":273},"end":{"line":12,"column":27,"index":308}},"callee":{"type":"MemberExpression","start":273,"end":291,"loc":{"start":{"line":11,"column":0,"index":273},"end":{"line":12,"column":10,"index":291}},"object":{"type":"Identifier","start":273,"end":280,"loc":{"start":{"line":11,"column":0,"index":273},"end":{"line":11,"column":7,"index":280},"identifierName":"program"},"name":"program"},"computed":false,"property":{"type":"Identifier","start":284,"end":291,"loc":{"start":{"line":12,"column":3,"index":284},"end":{"line":12,"column":10,"index":291},"identifierName":"command"},"name":"command"}},"arguments":[{"type":"StringLiteral","start":292,"end":307,"loc":{"start":{"line":12,"column":11,"index":292},"end":{"line":12,"column":26,"index":307}},"extra":{"rawValue":"upload <file>","raw":"'upload <file>'"},"value":"upload <file>"}]},"computed":false,"property":{"type":"Identifier","start":312,"end":318,"loc":{"start":{"line":13,"column":3,"index":312},"end":{"line":13,"column":9,"index":318},"identifierName":"option"},"name":"option"}},"arguments":[{"type":"StringLiteral","start":319,"end":340,"loc":{"start":{"line":13,"column":10,"index":319},"end":{"line":13,"column":31,"index":340}},"extra":{"rawValue":"-p, --port <number>","raw":"'-p, --port <number>'"},"value":"-p, --port <number>"},{"type":"StringLiteral","start":342,"end":355,"loc":{"start":{"line":13,"column":33,"index":342},"end":{"line":13,"column":46,"index":355}},"extra":{"rawValue":"port number","raw":"'port number'"},"value":"port number"},{"type":"NumericLiteral","start":357,"end":359,"loc":{"start":{"line":13,"column":48,"index":357},"end":{"line":13,"column":50,"index":359}},"extra":{"rawValue":80,"raw":"80"},"value":80}]},"computed":false,"property":{"type":"Identifier","start":364,"end":370,"loc":{"start":{"line":14,"column":3,"index":364},"end":{"line":14,"column":9,"index":370},"identifierName":"action"},"name":"action"}},"arguments":[{"type":"ArrowFunctionExpression","start":371,"end":590,"loc":{"start":{"line":14,"column":10,"index":371},"end":{"line":18,"column":3,"index":590}},"id":null,"generator":false,"async":false,"params":[{"type":"Identifier","start":372,"end":376,"loc":{"start":{"line":14,"column":11,"index":372},"end":{"line":14,"column":15,"index":376},"identifierName":"file"},"name":"file"},{"type":"Identifier","start":378,"end":385,"loc":{"start":{"line":14,"column":17,"index":378},"end":{"line":14,"column":24,"index":385},"identifierName":"options"},"name":"options"}],"body":{"type":"BlockStatement","start":390,"end":590,"loc":{"start":{"line":14,"column":29,"index":390},"end":{"line":18,"column":3,"index":590}},"body":[{"type":"IfStatement","start":396,"end":459,"loc":{"start":{"line":15,"column":4,"index":396},"end":{"line":15,"column":67,"index":459}},"test":{"type":"MemberExpression","start":400,"end":423,"loc":{"start":{"line":15,"column":8,"index":400},"end":{"line":15,"column":31,"index":423}},"object":{"type":"CallExpression","start":400,"end":414,"loc":{"start":{"line":15,"column":8,"index":400},"end":{"line":15,"column":22,"index":414}},"callee":{"type":"MemberExpression","start":400,"end":412,"loc":{"start":{"line":15,"column":8,"index":400},"end":{"line":15,"column":20,"index":412}},"object":{"type":"Identifier","start":400,"end":407,"loc":{"start":{"line":15,"column":8,"index":400},"end":{"line":15,"column":15,"index":407},"identifierName":"program"},"name":"program"},"computed":false,"property":{"type":"Identifier","start":408,"end":412,"loc":{"start":{"line":15,"column":16,"index":408},"end":{"line":15,"column":20,"index":412},"identifierName":"opts"},"name":"opts"}},"arguments":[]},"computed":false,"property":{"type":"Identifier","start":415,"end":423,"loc":{"start":{"line":15,"column":23,"index":415},"end":{"line":15,"column":31,"index":423},"identifierName":"progress"},"name":"progress"}},"consequent":{"type":"ExpressionStatement","start":425,"end":459,"loc":{"start":{"line":15,"column":33,"index":425},"end":{"line":15,"column":67,"index":459}},"expression":{"type":"CallExpression","start":425,"end":458,"loc":{"start":{"line":15,"column":33,"index":425},"end":{"line":15,"column":66,"index":458}},"callee":{"type":"MemberExpression","start":425,"end":436,"loc":{"start":{"line":15,"column":33,"index":425},"end":{"line":15,"column":44,"index":436}},"object":{"type":"Identifier","start":425,"end":432,"loc":{"start":{"line":15,"column":33,"index":425},"end":{"line":15,"column":40,"index":432},"identifierName":"console"},"name":"console"},"computed":false,"property":{"type":"Identifier","start":433,"end":436,"loc":{"start":{"line":15,"column":41,"index":433},"end":{"line":15,"column":44,"index":436},"identifierName":"log"},"name":"log"}},"arguments":[{"type":"StringLiteral","start":437,"end":457,"loc":{"start":{"line":15,"column":45,"index":437},"end":{"line":15,"column":65,"index":457}},"extra":{"rawValue":"Starting upload...","raw":"'Starting upload...'"},"value":"Starting upload..."}]}},"alternate":null},{"type":"ExpressionStatement","start":464,"end":521,"loc":{"start":{"line":16,"column":4,"index":464},"end":{"line":16,"column":61,"index":521}},"expression":{"type":"CallExpression","start":464,"end":520,"loc":{"start":{"line":16,"column":4,"index":464},"end":{"line":16,"column":60,"index":520}},"callee":{"type":"MemberExpression","start":464,"end":475,"loc":{"start":{"line":16,"column":4,"index":464},"end":{"line":16,"column":15,"index":475}},"object":{"type":"Identifier","start":464,"end":471,"loc":{"start":{"line":16,"column":4,"index":464},"end":{"line":16,"column":11,"index":471},"identifierName":"console"},"name":"console"},"computed":false,"property":{"type":"Identifier","start":472,"end":475,"loc":{"start":{"line":16,"column":12,"index":472},"end":{"line":16,"column":15,"index":475},"identifierName":"log"},"name":"log"}},"arguments":[{"type":"TemplateLiteral","start":476,"end":519,"loc":{"start":{"line":16,"column":16,"index":476},"end":{"line":16,"column":59,"index":519}},"expressions":[{"type":"Identifier","start":489,"end":493,"loc":{"start":{"line":16,"column":29,"index":489},"end":{"line":16,"column":33,"index":493},"identifierName":"file"},"name":"file"},{"type":"MemberExpression","start":505,"end":517,"loc":{"start":{"line":16,"column":45,"index":505},"end":{"line":16,"column":57,"index":517}},"object":{"type":"Identifier","start":505,"end":512,"loc":{"start":{"line":16,"column":45,"index":505},"end":{"line":16,"column":52,"index":512},"identifierName":"options"},"name":"options"},"computed":false,"property":{"type":"Identifier","start":513,"end":517,"loc":{"start":{"line":16,"column":53,"index":513},"end":{"line":16,"column":57,"index":517},"identifierName":"port"},"name":"port"}}],"quasis":[{"type":"TemplateElement","start":477,"end":487,"loc":{"start":{"line":16,"column":17,"index":477},"end":{"line":16,"column":27,"index":487}},"value":{"raw":"Uploading ","cooked":"Uploading "},"tail":false},{"type":"TemplateElement","start":494,"end":503,"loc":{"start":{"line":16,"column":34,"index":494},"end":{"line":16,"column":43,"index":503}},"value":{"raw":" to port ","cooked":" to port "},"tail":false},{"type":"TemplateElement","start":518,"end":518,"loc":{"start":{"line":16,"column":58,"index":518},"end":{"line":16,"column":58,"index":518}},"value":{"raw":"","cooked":""},"tail":true}]}]}},{"type":"IfStatement","start":526,"end":586,"loc":{"start":{"line":17,"column":4,"index":526},"end":{"line":17,"column":64,"index":586}},"test":{"type":"MemberExpression","start":530,"end":553,"loc":{"start":{"line":17,"column":8,"index":530},"end":{"line":17,"column":31,"index":553}},"object":{"type":"CallExpression","start":530,"end":544,"loc":{"start":{"line":17,"column":8,"index":530},"end":{"line":17,"column":22,"index":544}},"callee":{"type":"MemberExpression","start":530,"end":542,"loc":{"start":{"line":17,"column":8,"index":530},"end":{"line":17,"column":20,"index":542}},"object":{"type":"Identifier","start":530,"end":537,"loc":{"start":{"line":17,"column":8,"index":530},"end":{"line":17,"column":15,"index":537},"identifierName":"program"},"name":"program"},"computed":false,"property":{"type":"Identifier","start":538,"end":542,"loc":{"start":{"line":17,"column":16,"index":538},"end":{"line":17,"column":20,"index":542},"identifierName":"opts"},"name":"opts"}},"arguments":[]},"computed":false,"property":{"type":"Identifier","start":545,"end":553,"loc":{"start":{"line":17,"column":23,"index":545},"end":{"line":17,"column":31,"index":553},"identifierName":"progress"},"name":"progress"}},"consequent":{"type":"ExpressionStatement","start":555,"end":586,"loc":{"start":{"line":17,"column":33,"index":555},"end":{"line":17,"column":64,"index":586}},"expression":{"type":"CallExpression","start":555,"end":585,"loc":{"start":{"line":17,"column":33,"index":555},"end":{"line":17,"column":63,"index":585}},"callee":{"type":"MemberExpression","start":555,"end":566,"loc":{"start":{"line":17,"column":33,"index":555},"end":{"line":17,"column":44,"index":566}},"object":{"type":"Identifier","start":555,"end":562,"loc":{"start":{"line":17,"column":33,"index":555},"end":{"line":17,"column":40,"index":562},"identifierName":"console"},"name":"console"},"computed":false,"property":{"type":"Identifier","start":563,"end":566,"loc":{"start":{"line":17,"column":41,"index":563},"end":{"line":17,"column":44,"index":566},"identifierName":"log"},"name":"log"}},"arguments":[{"type":"StringLiteral","start":567,"end":584,"loc":{"start":{"line":17,"column":45,"index":567},"end":{"line":17,"column":62,"index":584}},"extra":{"rawValue":"Finished upload","raw":"'Finished upload'"},"value":"Finished upload"}]}},"alternate":null}],"directives":[]}}]}},{"type":"ExpressionStatement","start":594,"end":610,"loc":{"start":{"line":20,"column":0,"index":594},"end":{"line":20,"column":16,"index":610}},"expression":{"type":"CallExpression","start":594,"end":609,"loc":{"start":{"line":20,"column":0,"index":594},"end":{"line":20,"column":15,"index":609}},"callee":{"type":"MemberExpression","start":594,"end":607,"loc":{"start":{"line":20,"column":0,"index":594},"end":{"line":20,"column":13,"index":607}},"object":{"type":"Identifier","start":594,"end":601,"loc":{"start":{"line":20,"column":0,"index":594},"end":{"line":20,"column":7,"index":601},"identifierName":"program"},"name":"program"},"computed":false,"property":{"type":"Identifier","start":602,"end":607,"loc":{"start":{"line":20,"column":8,"index":602},"end":{"line":20,"column":13,"index":607},"identifierName":"parse"},"name":"parse"}},"arguments":[]},"trailingComments":[{"type":"CommentLine","value":" Try the following:","start":612,"end":633,"loc":{"start":{"line":22,"column":0,"index":612},"end":{"line":22,"column":21,"index":633}}},{"type":"CommentLine","value":"","start":634,"end":636,"loc":{"start":{"line":23,"column":0,"index":634},"end":{"line":23,"column":2,"index":636}}},{"type":"CommentLine","value":"    node positional-options.js upload test.js","start":637,"end":684,"loc":{"start":{"line":24,"column":0,"index":637},"end":{"line":24,"column":47,"index":684}}},{"type":"CommentLine","value":"    node positional-options.js -p upload test.js","start":685,"end":735,"loc":{"start":{"line":25,"column":0,"index":685},"end":{"line":25,"column":50,"index":735}}},{"type":"CommentLine","value":"    node positional-options.js upload -p 8080 test.js","start":736,"end":791,"loc":{"start":{"line":26,"column":0,"index":736},"end":{"line":26,"column":55,"index":791}}},{"type":"CommentLine","value":"    node positional-options.js -p upload -p 8080 test.js","start":792,"end":850,"loc":{"start":{"line":27,"column":0,"index":792},"end":{"line":27,"column":58,"index":850}}}]}],"directives":[]},"comments":[{"type":"CommentLine","value":" const { Command } = require('commander'); // (normal include)","start":21,"end":85,"loc":{"start":{"line":3,"column":0,"index":21},"end":{"line":3,"column":64,"index":85}}},{"type":"CommentLine","value":" include commander in git clone of commander repo","start":122,"end":173,"loc":{"start":{"line":4,"column":36,"index":122},"end":{"line":4,"column":87,"index":173}}},{"type":"CommentLine","value":" Try the following:","start":612,"end":633,"loc":{"start":{"line":22,"column":0,"index":612},"end":{"line":22,"column":21,"index":633}}},{"type":"CommentLine","value":"","start":634,"end":636,"loc":{"start":{"line":23,"column":0,"index":634},"end":{"line":23,"column":2,"index":636}}},{"type":"CommentLine","value":"    node positional-options.js upload test.js","start":637,"end":684,"loc":{"start":{"line":24,"column":0,"index":637},"end":{"line":24,"column":47,"index":684}}},{"type":"CommentLine","value":"    node positional-options.js -p upload test.js","start":685,"end":735,"loc":{"start":{"line":25,"column":0,"index":685},"end":{"line":25,"column":50,"index":735}}},{"type":"CommentLine","value":"    node positional-options.js upload -p 8080 test.js","start":736,"end":791,"loc":{"start":{"line":26,"column":0,"index":736},"end":{"line":26,"column":55,"index":791}}},{"type":"CommentLine","value":"    node positional-options.js -p upload -p 8080 test.js","start":792,"end":850,"loc":{"start":{"line":27,"column":0,"index":792},"end":{"line":27,"column":58,"index":850}}}]}