{"type":"File","start":0,"end":983,"loc":{"start":{"line":1,"column":0,"index":0},"end":{"line":39,"column":0,"index":983}},"errors":[],"program":{"type":"Program","start":0,"end":983,"loc":{"start":{"line":1,"column":0,"index":0},"end":{"line":39,"column":0,"index":983}},"sourceType":"module","interpreter":{"type":"InterpreterDirective","start":0,"end":19,"loc":{"start":{"line":1,"column":0,"index":0},"end":{"line":1,"column":19,"index":19}},"value":"/usr/bin/env node","trailingComments":[{"type":"CommentLine","value":" const commander = require('commander'); // (normal include)","start":21,"end":83,"loc":{"start":{"line":3,"column":0,"index":21},"end":{"line":3,"column":62,"index":83}}}]},"body":[{"type":"VariableDeclaration","start":84,"end":117,"loc":{"start":{"line":4,"column":0,"index":84},"end":{"line":4,"column":33,"index":117}},"declarations":[{"type":"VariableDeclarator","start":90,"end":116,"loc":{"start":{"line":4,"column":6,"index":90},"end":{"line":4,"column":32,"index":116}},"id":{"type":"Identifier","start":90,"end":99,"loc":{"start":{"line":4,"column":6,"index":90},"end":{"line":4,"column":15,"index":99},"identifierName":"commander"},"name":"commander"},"init":{"type":"CallExpression","start":102,"end":116,"loc":{"start":{"line":4,"column":18,"index":102},"end":{"line":4,"column":32,"index":116}},"callee":{"type":"Identifier","start":102,"end":109,"loc":{"start":{"line":4,"column":18,"index":102},"end":{"line":4,"column":25,"index":109},"identifierName":"require"},"name":"require"},"arguments":[{"type":"StringLiteral","start":110,"end":115,"loc":{"start":{"line":4,"column":26,"index":110},"end":{"line":4,"column":31,"index":115}},"extra":{"rawValue":"../","raw":"'../'"},"value":"../"}]}}],"kind":"const","trailingComments":[{"type":"CommentLine","value":" include commander in git clone of commander repo","start":118,"end":169,"loc":{"start":{"line":4,"column":34,"index":118},"end":{"line":4,"column":85,"index":169}}}],"leadingComments":[{"type":"CommentLine","value":" const commander = require('commander'); // (normal include)","start":21,"end":83,"loc":{"start":{"line":3,"column":0,"index":21},"end":{"line":3,"column":62,"index":83}}}]},{"type":"VariableDeclaration","start":170,"end":210,"loc":{"start":{"line":5,"column":0,"index":170},"end":{"line":5,"column":40,"index":210}},"declarations":[{"type":"VariableDeclarator","start":176,"end":209,"loc":{"start":{"line":5,"column":6,"index":176},"end":{"line":5,"column":39,"index":209}},"id":{"type":"Identifier","start":176,"end":183,"loc":{"start":{"line":5,"column":6,"index":176},"end":{"line":5,"column":13,"index":183},"identifierName":"program"},"name":"program"},"init":{"type":"NewExpression","start":186,"end":209,"loc":{"start":{"line":5,"column":16,"index":186},"end":{"line":5,"column":39,"index":209}},"callee":{"type":"MemberExpression","start":190,"end":207,"loc":{"start":{"line":5,"column":20,"index":190},"end":{"line":5,"column":37,"index":207}},"object":{"type":"Identifier","start":190,"end":199,"loc":{"start":{"line":5,"column":20,"index":190},"end":{"line":5,"column":29,"index":199},"identifierName":"commander"},"name":"commander"},"computed":false,"property":{"type":"Identifier","start":200,"end":207,"loc":{"start":{"line":5,"column":30,"index":200},"end":{"line":5,"column":37,"index":207},"identifierName":"Command"},"name":"Command"}},"arguments":[]}}],"kind":"const","trailingComments":[{"type":"CommentLine","value":" Example program using the command configuration option isDefault to specify the default command.","start":212,"end":311,"loc":{"start":{"line":7,"column":0,"index":212},"end":{"line":7,"column":99,"index":311}}},{"type":"CommentLine","value":"","start":312,"end":314,"loc":{"start":{"line":8,"column":0,"index":312},"end":{"line":8,"column":2,"index":314}}},{"type":"CommentLine","value":" $ node defaultCommand.js build","start":315,"end":348,"loc":{"start":{"line":9,"column":0,"index":315},"end":{"line":9,"column":33,"index":348}}},{"type":"CommentLine","value":" build","start":349,"end":357,"loc":{"start":{"line":10,"column":0,"index":349},"end":{"line":10,"column":8,"index":357}}},{"type":"CommentLine","value":" $ node defaultCommand.js serve -p 8080","start":358,"end":399,"loc":{"start":{"line":11,"column":0,"index":358},"end":{"line":11,"column":41,"index":399}}},{"type":"CommentLine","value":" server on port 8080","start":400,"end":422,"loc":{"start":{"line":12,"column":0,"index":400},"end":{"line":12,"column":22,"index":422}}},{"type":"CommentLine","value":" $ node defaultCommand.js -p 443","start":423,"end":457,"loc":{"start":{"line":13,"column":0,"index":423},"end":{"line":13,"column":34,"index":457}}},{"type":"CommentLine","value":" server on port 443","start":458,"end":479,"loc":{"start":{"line":14,"column":0,"index":458},"end":{"line":14,"column":21,"index":479}}}],"leadingComments":[{"type":"CommentLine","value":" include commander in git clone of commander repo","start":118,"end":169,"loc":{"start":{"line":4,"column":34,"index":118},"end":{"line":4,"column":85,"index":169}}}]},{"type":"ExpressionStatement","start":481,"end":606,"loc":{"start":{"line":16,"column":0,"index":481},"end":{"line":21,"column":5,"index":606}},"expression":{"type":"CallExpression","start":481,"end":605,"loc":{"start":{"line":16,"column":0,"index":481},"end":{"line":21,"column":4,"index":605}},"callee":{"type":"MemberExpression","start":481,"end":566,"loc":{"start":{"line":16,"column":0,"index":481},"end":{"line":19,"column":9,"index":566}},"object":{"type":"CallExpression","start":481,"end":556,"loc":{"start":{"line":16,"column":0,"index":481},"end":{"line":18,"column":47,"index":556}},"callee":{"type":"MemberExpression","start":481,"end":523,"loc":{"start":{"line":16,"column":0,"index":481},"end":{"line":18,"column":14,"index":523}},"object":{"type":"CallExpression","start":481,"end":508,"loc":{"start":{"line":16,"column":0,"index":481},"end":{"line":17,"column":19,"index":508}},"callee":{"type":"MemberExpression","start":481,"end":499,"loc":{"start":{"line":16,"column":0,"index":481},"end":{"line":17,"column":10,"index":499}},"object":{"type":"Identifier","start":481,"end":488,"loc":{"start":{"line":16,"column":0,"index":481},"end":{"line":16,"column":7,"index":488},"identifierName":"program"},"name":"program"},"computed":false,"property":{"type":"Identifier","start":492,"end":499,"loc":{"start":{"line":17,"column":3,"index":492},"end":{"line":17,"column":10,"index":499},"identifierName":"command"},"name":"command"}},"arguments":[{"type":"StringLiteral","start":500,"end":507,"loc":{"start":{"line":17,"column":11,"index":500},"end":{"line":17,"column":18,"index":507}},"extra":{"rawValue":"build","raw":"'build'"},"value":"build"}]},"computed":false,"property":{"type":"Identifier","start":512,"end":523,"loc":{"start":{"line":18,"column":3,"index":512},"end":{"line":18,"column":14,"index":523},"identifierName":"description"},"name":"description"}},"arguments":[{"type":"StringLiteral","start":524,"end":555,"loc":{"start":{"line":18,"column":15,"index":524},"end":{"line":18,"column":46,"index":555}},"extra":{"rawValue":"build web site for deployment","raw":"'build web site for deployment'"},"value":"build web site for deployment"}]},"computed":false,"property":{"type":"Identifier","start":560,"end":566,"loc":{"start":{"line":19,"column":3,"index":560},"end":{"line":19,"column":9,"index":566},"identifierName":"action"},"name":"action"}},"arguments":[{"type":"ArrowFunctionExpression","start":567,"end":604,"loc":{"start":{"line":19,"column":10,"index":567},"end":{"line":21,"column":3,"index":604}},"id":null,"generator":false,"async":false,"params":[],"body":{"type":"BlockStatement","start":573,"end":604,"loc":{"start":{"line":19,"column":16,"index":573},"end":{"line":21,"column":3,"index":604}},"body":[{"type":"ExpressionStatement","start":579,"end":600,"loc":{"start":{"line":20,"column":4,"index":579},"end":{"line":20,"column":25,"index":600}},"expression":{"type":"CallExpression","start":579,"end":599,"loc":{"start":{"line":20,"column":4,"index":579},"end":{"line":20,"column":24,"index":599}},"callee":{"type":"MemberExpression","start":579,"end":590,"loc":{"start":{"line":20,"column":4,"index":579},"end":{"line":20,"column":15,"index":590}},"object":{"type":"Identifier","start":579,"end":586,"loc":{"start":{"line":20,"column":4,"index":579},"end":{"line":20,"column":11,"index":586},"identifierName":"console"},"name":"console"},"computed":false,"property":{"type":"Identifier","start":587,"end":590,"loc":{"start":{"line":20,"column":12,"index":587},"end":{"line":20,"column":15,"index":590},"identifierName":"log"},"name":"log"}},"arguments":[{"type":"StringLiteral","start":591,"end":598,"loc":{"start":{"line":20,"column":16,"index":591},"end":{"line":20,"column":23,"index":598}},"extra":{"rawValue":"build","raw":"'build'"},"value":"build"}]}}],"directives":[]}}]},"leadingComments":[{"type":"CommentLine","value":" Example program using the command configuration option isDefault to specify the default command.","start":212,"end":311,"loc":{"start":{"line":7,"column":0,"index":212},"end":{"line":7,"column":99,"index":311}}},{"type":"CommentLine","value":"","start":312,"end":314,"loc":{"start":{"line":8,"column":0,"index":312},"end":{"line":8,"column":2,"index":314}}},{"type":"CommentLine","value":" $ node defaultCommand.js build","start":315,"end":348,"loc":{"start":{"line":9,"column":0,"index":315},"end":{"line":9,"column":33,"index":348}}},{"type":"CommentLine","value":" build","start":349,"end":357,"loc":{"start":{"line":10,"column":0,"index":349},"end":{"line":10,"column":8,"index":357}}},{"type":"CommentLine","value":" $ node defaultCommand.js serve -p 8080","start":358,"end":399,"loc":{"start":{"line":11,"column":0,"index":358},"end":{"line":11,"column":41,"index":399}}},{"type":"CommentLine","value":" server on port 8080","start":400,"end":422,"loc":{"start":{"line":12,"column":0,"index":400},"end":{"line":12,"column":22,"index":422}}},{"type":"CommentLine","value":" $ node defaultCommand.js -p 443","start":423,"end":457,"loc":{"start":{"line":13,"column":0,"index":423},"end":{"line":13,"column":34,"index":457}}},{"type":"CommentLine","value":" server on port 443","start":458,"end":479,"loc":{"start":{"line":14,"column":0,"index":458},"end":{"line":14,"column":21,"index":479}}}]},{"type":"ExpressionStatement","start":608,"end":735,"loc":{"start":{"line":23,"column":0,"index":608},"end":{"line":28,"column":5,"index":735}},"expression":{"type":"CallExpression","start":608,"end":734,"loc":{"start":{"line":23,"column":0,"index":608},"end":{"line":28,"column":4,"index":734}},"callee":{"type":"MemberExpression","start":608,"end":694,"loc":{"start":{"line":23,"column":0,"index":608},"end":{"line":26,"column":9,"index":694}},"object":{"type":"CallExpression","start":608,"end":684,"loc":{"start":{"line":23,"column":0,"index":608},"end":{"line":25,"column":47,"index":684}},"callee":{"type":"MemberExpression","start":608,"end":651,"loc":{"start":{"line":23,"column":0,"index":608},"end":{"line":25,"column":14,"index":651}},"object":{"type":"CallExpression","start":608,"end":636,"loc":{"start":{"line":23,"column":0,"index":608},"end":{"line":24,"column":20,"index":636}},"callee":{"type":"MemberExpression","start":608,"end":626,"loc":{"start":{"line":23,"column":0,"index":608},"end":{"line":24,"column":10,"index":626}},"object":{"type":"Identifier","start":608,"end":615,"loc":{"start":{"line":23,"column":0,"index":608},"end":{"line":23,"column":7,"index":615},"identifierName":"program"},"name":"program"},"computed":false,"property":{"type":"Identifier","start":619,"end":626,"loc":{"start":{"line":24,"column":3,"index":619},"end":{"line":24,"column":10,"index":626},"identifierName":"command"},"name":"command"}},"arguments":[{"type":"StringLiteral","start":627,"end":635,"loc":{"start":{"line":24,"column":11,"index":627},"end":{"line":24,"column":19,"index":635}},"extra":{"rawValue":"deploy","raw":"'deploy'"},"value":"deploy"}]},"computed":false,"property":{"type":"Identifier","start":640,"end":651,"loc":{"start":{"line":25,"column":3,"index":640},"end":{"line":25,"column":14,"index":651},"identifierName":"description"},"name":"description"}},"arguments":[{"type":"StringLiteral","start":652,"end":683,"loc":{"start":{"line":25,"column":15,"index":652},"end":{"line":25,"column":46,"index":683}},"extra":{"rawValue":"deploy web site to production","raw":"'deploy web site to production'"},"value":"deploy web site to production"}]},"computed":false,"property":{"type":"Identifier","start":688,"end":694,"loc":{"start":{"line":26,"column":3,"index":688},"end":{"line":26,"column":9,"index":694},"identifierName":"action"},"name":"action"}},"arguments":[{"type":"ArrowFunctionExpression","start":695,"end":733,"loc":{"start":{"line":26,"column":10,"index":695},"end":{"line":28,"column":3,"index":733}},"id":null,"generator":false,"async":false,"params":[],"body":{"type":"BlockStatement","start":701,"end":733,"loc":{"start":{"line":26,"column":16,"index":701},"end":{"line":28,"column":3,"index":733}},"body":[{"type":"ExpressionStatement","start":707,"end":729,"loc":{"start":{"line":27,"column":4,"index":707},"end":{"line":27,"column":26,"index":729}},"expression":{"type":"CallExpression","start":707,"end":728,"loc":{"start":{"line":27,"column":4,"index":707},"end":{"line":27,"column":25,"index":728}},"callee":{"type":"MemberExpression","start":707,"end":718,"loc":{"start":{"line":27,"column":4,"index":707},"end":{"line":27,"column":15,"index":718}},"object":{"type":"Identifier","start":707,"end":714,"loc":{"start":{"line":27,"column":4,"index":707},"end":{"line":27,"column":11,"index":714},"identifierName":"console"},"name":"console"},"computed":false,"property":{"type":"Identifier","start":715,"end":718,"loc":{"start":{"line":27,"column":12,"index":715},"end":{"line":27,"column":15,"index":718},"identifierName":"log"},"name":"log"}},"arguments":[{"type":"StringLiteral","start":719,"end":727,"loc":{"start":{"line":27,"column":16,"index":719},"end":{"line":27,"column":24,"index":727}},"extra":{"rawValue":"deploy","raw":"'deploy'"},"value":"deploy"}]}}],"directives":[]}}]}},{"type":"ExpressionStatement","start":737,"end":952,"loc":{"start":{"line":30,"column":0,"index":737},"end":{"line":36,"column":5,"index":952}},"expression":{"type":"CallExpression","start":737,"end":951,"loc":{"start":{"line":30,"column":0,"index":737},"end":{"line":36,"column":4,"index":951}},"callee":{"type":"MemberExpression","start":737,"end":880,"loc":{"start":{"line":30,"column":0,"index":737},"end":{"line":34,"column":9,"index":880}},"object":{"type":"CallExpression","start":737,"end":870,"loc":{"start":{"line":30,"column":0,"index":737},"end":{"line":33,"column":48,"index":870}},"callee":{"type":"MemberExpression","start":737,"end":831,"loc":{"start":{"line":30,"column":0,"index":737},"end":{"line":33,"column":9,"index":831}},"object":{"type":"CallExpression","start":737,"end":821,"loc":{"start":{"line":30,"column":0,"index":737},"end":{"line":32,"column":35,"index":821}},"callee":{"type":"MemberExpression","start":737,"end":800,"loc":{"start":{"line":30,"column":0,"index":737},"end":{"line":32,"column":14,"index":800}},"object":{"type":"CallExpression","start":737,"end":785,"loc":{"start":{"line":30,"column":0,"index":737},"end":{"line":31,"column":40,"index":785}},"callee":{"type":"MemberExpression","start":737,"end":755,"loc":{"start":{"line":30,"column":0,"index":737},"end":{"line":31,"column":10,"index":755}},"object":{"type":"Identifier","start":737,"end":744,"loc":{"start":{"line":30,"column":0,"index":737},"end":{"line":30,"column":7,"index":744},"identifierName":"program"},"name":"program"},"computed":false,"property":{"type":"Identifier","start":748,"end":755,"loc":{"start":{"line":31,"column":3,"index":748},"end":{"line":31,"column":10,"index":755},"identifierName":"command"},"name":"command"}},"arguments":[{"type":"StringLiteral","start":756,"end":763,"loc":{"start":{"line":31,"column":11,"index":756},"end":{"line":31,"column":18,"index":763}},"extra":{"rawValue":"serve","raw":"'serve'"},"value":"serve"},{"type":"ObjectExpression","start":765,"end":784,"loc":{"start":{"line":31,"column":20,"index":765},"end":{"line":31,"column":39,"index":784}},"properties":[{"type":"ObjectProperty","start":767,"end":782,"loc":{"start":{"line":31,"column":22,"index":767},"end":{"line":31,"column":37,"index":782}},"method":false,"key":{"type":"Identifier","start":767,"end":776,"loc":{"start":{"line":31,"column":22,"index":767},"end":{"line":31,"column":31,"index":776},"identifierName":"isDefault"},"name":"isDefault"},"computed":false,"shorthand":false,"value":{"type":"BooleanLiteral","start":778,"end":782,"loc":{"start":{"line":31,"column":33,"index":778},"end":{"line":31,"column":37,"index":782}},"value":true}}]}]},"computed":false,"property":{"type":"Identifier","start":789,"end":800,"loc":{"start":{"line":32,"column":3,"index":789},"end":{"line":32,"column":14,"index":800},"identifierName":"description"},"name":"description"}},"arguments":[{"type":"StringLiteral","start":801,"end":820,"loc":{"start":{"line":32,"column":15,"index":801},"end":{"line":32,"column":34,"index":820}},"extra":{"rawValue":"launch web server","raw":"'launch web server'"},"value":"launch web server"}]},"computed":false,"property":{"type":"Identifier","start":825,"end":831,"loc":{"start":{"line":33,"column":3,"index":825},"end":{"line":33,"column":9,"index":831},"identifierName":"option"},"name":"option"}},"arguments":[{"type":"StringLiteral","start":832,"end":857,"loc":{"start":{"line":33,"column":10,"index":832},"end":{"line":33,"column":35,"index":857}},"extra":{"rawValue":"-p,--port <port_number>","raw":"'-p,--port <port_number>'"},"value":"-p,--port <port_number>"},{"type":"StringLiteral","start":859,"end":869,"loc":{"start":{"line":33,"column":37,"index":859},"end":{"line":33,"column":47,"index":869}},"extra":{"rawValue":"web port","raw":"'web port'"},"value":"web port"}]},"computed":false,"property":{"type":"Identifier","start":874,"end":880,"loc":{"start":{"line":34,"column":3,"index":874},"end":{"line":34,"column":9,"index":880},"identifierName":"action"},"name":"action"}},"arguments":[{"type":"ArrowFunctionExpression","start":881,"end":950,"loc":{"start":{"line":34,"column":10,"index":881},"end":{"line":36,"column":3,"index":950}},"id":null,"generator":false,"async":false,"params":[{"type":"Identifier","start":882,"end":889,"loc":{"start":{"line":34,"column":11,"index":882},"end":{"line":34,"column":18,"index":889},"identifierName":"options"},"name":"options"}],"body":{"type":"BlockStatement","start":894,"end":950,"loc":{"start":{"line":34,"column":23,"index":894},"end":{"line":36,"column":3,"index":950}},"body":[{"type":"ExpressionStatement","start":900,"end":946,"loc":{"start":{"line":35,"column":4,"index":900},"end":{"line":35,"column":50,"index":946}},"expression":{"type":"CallExpression","start":900,"end":945,"loc":{"start":{"line":35,"column":4,"index":900},"end":{"line":35,"column":49,"index":945}},"callee":{"type":"MemberExpression","start":900,"end":911,"loc":{"start":{"line":35,"column":4,"index":900},"end":{"line":35,"column":15,"index":911}},"object":{"type":"Identifier","start":900,"end":907,"loc":{"start":{"line":35,"column":4,"index":900},"end":{"line":35,"column":11,"index":907},"identifierName":"console"},"name":"console"},"computed":false,"property":{"type":"Identifier","start":908,"end":911,"loc":{"start":{"line":35,"column":12,"index":908},"end":{"line":35,"column":15,"index":911},"identifierName":"log"},"name":"log"}},"arguments":[{"type":"TemplateLiteral","start":912,"end":944,"loc":{"start":{"line":35,"column":16,"index":912},"end":{"line":35,"column":48,"index":944}},"expressions":[{"type":"MemberExpression","start":930,"end":942,"loc":{"start":{"line":35,"column":34,"index":930},"end":{"line":35,"column":46,"index":942}},"object":{"type":"Identifier","start":930,"end":937,"loc":{"start":{"line":35,"column":34,"index":930},"end":{"line":35,"column":41,"index":937},"identifierName":"options"},"name":"options"},"computed":false,"property":{"type":"Identifier","start":938,"end":942,"loc":{"start":{"line":35,"column":42,"index":938},"end":{"line":35,"column":46,"index":942},"identifierName":"port"},"name":"port"}}],"quasis":[{"type":"TemplateElement","start":913,"end":928,"loc":{"start":{"line":35,"column":17,"index":913},"end":{"line":35,"column":32,"index":928}},"value":{"raw":"server on port ","cooked":"server on port "},"tail":false},{"type":"TemplateElement","start":943,"end":943,"loc":{"start":{"line":35,"column":47,"index":943},"end":{"line":35,"column":47,"index":943}},"value":{"raw":"","cooked":""},"tail":true}]}]}}],"directives":[]}}]}},{"type":"ExpressionStatement","start":954,"end":982,"loc":{"start":{"line":38,"column":0,"index":954},"end":{"line":38,"column":28,"index":982}},"expression":{"type":"CallExpression","start":954,"end":981,"loc":{"start":{"line":38,"column":0,"index":954},"end":{"line":38,"column":27,"index":981}},"callee":{"type":"MemberExpression","start":954,"end":967,"loc":{"start":{"line":38,"column":0,"index":954},"end":{"line":38,"column":13,"index":967}},"object":{"type":"Identifier","start":954,"end":961,"loc":{"start":{"line":38,"column":0,"index":954},"end":{"line":38,"column":7,"index":961},"identifierName":"program"},"name":"program"},"computed":false,"property":{"type":"Identifier","start":962,"end":967,"loc":{"start":{"line":38,"column":8,"index":962},"end":{"line":38,"column":13,"index":967},"identifierName":"parse"},"name":"parse"}},"arguments":[{"type":"MemberExpression","start":968,"end":980,"loc":{"start":{"line":38,"column":14,"index":968},"end":{"line":38,"column":26,"index":980}},"object":{"type":"Identifier","start":968,"end":975,"loc":{"start":{"line":38,"column":14,"index":968},"end":{"line":38,"column":21,"index":975},"identifierName":"process"},"name":"process"},"computed":false,"property":{"type":"Identifier","start":976,"end":980,"loc":{"start":{"line":38,"column":22,"index":976},"end":{"line":38,"column":26,"index":980},"identifierName":"argv"},"name":"argv"}}]}}],"directives":[]},"comments":[{"type":"CommentLine","value":" const commander = require('commander'); // (normal include)","start":21,"end":83,"loc":{"start":{"line":3,"column":0,"index":21},"end":{"line":3,"column":62,"index":83}}},{"type":"CommentLine","value":" include commander in git clone of commander repo","start":118,"end":169,"loc":{"start":{"line":4,"column":34,"index":118},"end":{"line":4,"column":85,"index":169}}},{"type":"CommentLine","value":" Example program using the command configuration option isDefault to specify the default command.","start":212,"end":311,"loc":{"start":{"line":7,"column":0,"index":212},"end":{"line":7,"column":99,"index":311}}},{"type":"CommentLine","value":"","start":312,"end":314,"loc":{"start":{"line":8,"column":0,"index":312},"end":{"line":8,"column":2,"index":314}}},{"type":"CommentLine","value":" $ node defaultCommand.js build","start":315,"end":348,"loc":{"start":{"line":9,"column":0,"index":315},"end":{"line":9,"column":33,"index":348}}},{"type":"CommentLine","value":" build","start":349,"end":357,"loc":{"start":{"line":10,"column":0,"index":349},"end":{"line":10,"column":8,"index":357}}},{"type":"CommentLine","value":" $ node defaultCommand.js serve -p 8080","start":358,"end":399,"loc":{"start":{"line":11,"column":0,"index":358},"end":{"line":11,"column":41,"index":399}}},{"type":"CommentLine","value":" server on port 8080","start":400,"end":422,"loc":{"start":{"line":12,"column":0,"index":400},"end":{"line":12,"column":22,"index":422}}},{"type":"CommentLine","value":" $ node defaultCommand.js -p 443","start":423,"end":457,"loc":{"start":{"line":13,"column":0,"index":423},"end":{"line":13,"column":34,"index":457}}},{"type":"CommentLine","value":" server on port 443","start":458,"end":479,"loc":{"start":{"line":14,"column":0,"index":458},"end":{"line":14,"column":21,"index":479}}}]}