{"type":"File","start":0,"end":703,"loc":{"start":{"line":1,"column":0,"index":0},"end":{"line":22,"column":0,"index":703}},"errors":[],"program":{"type":"Program","start":0,"end":703,"loc":{"start":{"line":1,"column":0,"index":0},"end":{"line":22,"column":0,"index":703}},"sourceType":"module","interpreter":{"type":"InterpreterDirective","start":0,"end":19,"loc":{"start":{"line":1,"column":0,"index":0},"end":{"line":1,"column":19,"index":19}},"value":"/usr/bin/env node","trailingComments":[{"type":"CommentLine","value":" This is used as an example in the README for variadic options.","start":21,"end":86,"loc":{"start":{"line":3,"column":0,"index":21},"end":{"line":3,"column":65,"index":86}}},{"type":"CommentLine","value":" const commander = require('commander'); // (normal include)","start":88,"end":150,"loc":{"start":{"line":5,"column":0,"index":88},"end":{"line":5,"column":62,"index":150}}}]},"body":[{"type":"VariableDeclaration","start":151,"end":184,"loc":{"start":{"line":6,"column":0,"index":151},"end":{"line":6,"column":33,"index":184}},"declarations":[{"type":"VariableDeclarator","start":157,"end":183,"loc":{"start":{"line":6,"column":6,"index":157},"end":{"line":6,"column":32,"index":183}},"id":{"type":"Identifier","start":157,"end":166,"loc":{"start":{"line":6,"column":6,"index":157},"end":{"line":6,"column":15,"index":166},"identifierName":"commander"},"name":"commander"},"init":{"type":"CallExpression","start":169,"end":183,"loc":{"start":{"line":6,"column":18,"index":169},"end":{"line":6,"column":32,"index":183}},"callee":{"type":"Identifier","start":169,"end":176,"loc":{"start":{"line":6,"column":18,"index":169},"end":{"line":6,"column":25,"index":176},"identifierName":"require"},"name":"require"},"arguments":[{"type":"StringLiteral","start":177,"end":182,"loc":{"start":{"line":6,"column":26,"index":177},"end":{"line":6,"column":31,"index":182}},"extra":{"rawValue":"../","raw":"'../'"},"value":"../"}]}}],"kind":"const","trailingComments":[{"type":"CommentLine","value":" include commander in git clone of commander repo","start":185,"end":236,"loc":{"start":{"line":6,"column":34,"index":185},"end":{"line":6,"column":85,"index":236}}}],"leadingComments":[{"type":"CommentLine","value":" This is used as an example in the README for variadic options.","start":21,"end":86,"loc":{"start":{"line":3,"column":0,"index":21},"end":{"line":3,"column":65,"index":86}}},{"type":"CommentLine","value":" const commander = require('commander'); // (normal include)","start":88,"end":150,"loc":{"start":{"line":5,"column":0,"index":88},"end":{"line":5,"column":62,"index":150}}}]},{"type":"VariableDeclaration","start":237,"end":277,"loc":{"start":{"line":7,"column":0,"index":237},"end":{"line":7,"column":40,"index":277}},"declarations":[{"type":"VariableDeclarator","start":243,"end":276,"loc":{"start":{"line":7,"column":6,"index":243},"end":{"line":7,"column":39,"index":276}},"id":{"type":"Identifier","start":243,"end":250,"loc":{"start":{"line":7,"column":6,"index":243},"end":{"line":7,"column":13,"index":250},"identifierName":"program"},"name":"program"},"init":{"type":"NewExpression","start":253,"end":276,"loc":{"start":{"line":7,"column":16,"index":253},"end":{"line":7,"column":39,"index":276}},"callee":{"type":"MemberExpression","start":257,"end":274,"loc":{"start":{"line":7,"column":20,"index":257},"end":{"line":7,"column":37,"index":274}},"object":{"type":"Identifier","start":257,"end":266,"loc":{"start":{"line":7,"column":20,"index":257},"end":{"line":7,"column":29,"index":266},"identifierName":"commander"},"name":"commander"},"computed":false,"property":{"type":"Identifier","start":267,"end":274,"loc":{"start":{"line":7,"column":30,"index":267},"end":{"line":7,"column":37,"index":274},"identifierName":"Command"},"name":"Command"}},"arguments":[]}}],"kind":"const","leadingComments":[{"type":"CommentLine","value":" include commander in git clone of commander repo","start":185,"end":236,"loc":{"start":{"line":6,"column":34,"index":185},"end":{"line":6,"column":85,"index":236}}}]},{"type":"ExpressionStatement","start":279,"end":399,"loc":{"start":{"line":9,"column":0,"index":279},"end":{"line":11,"column":56,"index":399}},"expression":{"type":"CallExpression","start":279,"end":398,"loc":{"start":{"line":9,"column":0,"index":279},"end":{"line":11,"column":55,"index":398}},"callee":{"type":"MemberExpression","start":279,"end":352,"loc":{"start":{"line":9,"column":0,"index":279},"end":{"line":11,"column":9,"index":352}},"object":{"type":"CallExpression","start":279,"end":342,"loc":{"start":{"line":9,"column":0,"index":279},"end":{"line":10,"column":55,"index":342}},"callee":{"type":"MemberExpression","start":279,"end":296,"loc":{"start":{"line":9,"column":0,"index":279},"end":{"line":10,"column":9,"index":296}},"object":{"type":"Identifier","start":279,"end":286,"loc":{"start":{"line":9,"column":0,"index":279},"end":{"line":9,"column":7,"index":286},"identifierName":"program"},"name":"program"},"computed":false,"property":{"type":"Identifier","start":290,"end":296,"loc":{"start":{"line":10,"column":3,"index":290},"end":{"line":10,"column":9,"index":296},"identifierName":"option"},"name":"option"}},"arguments":[{"type":"StringLiteral","start":297,"end":322,"loc":{"start":{"line":10,"column":10,"index":297},"end":{"line":10,"column":35,"index":322}},"extra":{"rawValue":"-n, --number <value...>","raw":"'-n, --number <value...>'"},"value":"-n, --number <value...>"},{"type":"StringLiteral","start":324,"end":341,"loc":{"start":{"line":10,"column":37,"index":324},"end":{"line":10,"column":54,"index":341}},"extra":{"rawValue":"specify numbers","raw":"'specify numbers'"},"value":"specify numbers"}]},"computed":false,"property":{"type":"Identifier","start":346,"end":352,"loc":{"start":{"line":11,"column":3,"index":346},"end":{"line":11,"column":9,"index":352},"identifierName":"option"},"name":"option"}},"arguments":[{"type":"StringLiteral","start":353,"end":378,"loc":{"start":{"line":11,"column":10,"index":353},"end":{"line":11,"column":35,"index":378}},"extra":{"rawValue":"-l, --letter [value...]","raw":"'-l, --letter [value...]'"},"value":"-l, --letter [value...]"},{"type":"StringLiteral","start":380,"end":397,"loc":{"start":{"line":11,"column":37,"index":380},"end":{"line":11,"column":54,"index":397}},"extra":{"rawValue":"specify letters","raw":"'specify letters'"},"value":"specify letters"}]}},{"type":"ExpressionStatement","start":401,"end":417,"loc":{"start":{"line":13,"column":0,"index":401},"end":{"line":13,"column":16,"index":417}},"expression":{"type":"CallExpression","start":401,"end":416,"loc":{"start":{"line":13,"column":0,"index":401},"end":{"line":13,"column":15,"index":416}},"callee":{"type":"MemberExpression","start":401,"end":414,"loc":{"start":{"line":13,"column":0,"index":401},"end":{"line":13,"column":13,"index":414}},"object":{"type":"Identifier","start":401,"end":408,"loc":{"start":{"line":13,"column":0,"index":401},"end":{"line":13,"column":7,"index":408},"identifierName":"program"},"name":"program"},"computed":false,"property":{"type":"Identifier","start":409,"end":414,"loc":{"start":{"line":13,"column":8,"index":409},"end":{"line":13,"column":13,"index":414},"identifierName":"parse"},"name":"parse"}},"arguments":[]}},{"type":"ExpressionStatement","start":419,"end":460,"loc":{"start":{"line":15,"column":0,"index":419},"end":{"line":15,"column":41,"index":460}},"expression":{"type":"CallExpression","start":419,"end":459,"loc":{"start":{"line":15,"column":0,"index":419},"end":{"line":15,"column":40,"index":459}},"callee":{"type":"MemberExpression","start":419,"end":430,"loc":{"start":{"line":15,"column":0,"index":419},"end":{"line":15,"column":11,"index":430}},"object":{"type":"Identifier","start":419,"end":426,"loc":{"start":{"line":15,"column":0,"index":419},"end":{"line":15,"column":7,"index":426},"identifierName":"console"},"name":"console"},"computed":false,"property":{"type":"Identifier","start":427,"end":430,"loc":{"start":{"line":15,"column":8,"index":427},"end":{"line":15,"column":11,"index":430},"identifierName":"log"},"name":"log"}},"arguments":[{"type":"StringLiteral","start":431,"end":442,"loc":{"start":{"line":15,"column":12,"index":431},"end":{"line":15,"column":23,"index":442}},"extra":{"rawValue":"Options: ","raw":"'Options: '"},"value":"Options: "},{"type":"CallExpression","start":444,"end":458,"loc":{"start":{"line":15,"column":25,"index":444},"end":{"line":15,"column":39,"index":458}},"callee":{"type":"MemberExpression","start":444,"end":456,"loc":{"start":{"line":15,"column":25,"index":444},"end":{"line":15,"column":37,"index":456}},"object":{"type":"Identifier","start":444,"end":451,"loc":{"start":{"line":15,"column":25,"index":444},"end":{"line":15,"column":32,"index":451},"identifierName":"program"},"name":"program"},"computed":false,"property":{"type":"Identifier","start":452,"end":456,"loc":{"start":{"line":15,"column":33,"index":452},"end":{"line":15,"column":37,"index":456},"identifierName":"opts"},"name":"opts"}},"arguments":[]}]}},{"type":"ExpressionStatement","start":461,"end":512,"loc":{"start":{"line":16,"column":0,"index":461},"end":{"line":16,"column":51,"index":512}},"expression":{"type":"CallExpression","start":461,"end":511,"loc":{"start":{"line":16,"column":0,"index":461},"end":{"line":16,"column":50,"index":511}},"callee":{"type":"MemberExpression","start":461,"end":472,"loc":{"start":{"line":16,"column":0,"index":461},"end":{"line":16,"column":11,"index":472}},"object":{"type":"Identifier","start":461,"end":468,"loc":{"start":{"line":16,"column":0,"index":461},"end":{"line":16,"column":7,"index":468},"identifierName":"console"},"name":"console"},"computed":false,"property":{"type":"Identifier","start":469,"end":472,"loc":{"start":{"line":16,"column":8,"index":469},"end":{"line":16,"column":11,"index":472},"identifierName":"log"},"name":"log"}},"arguments":[{"type":"StringLiteral","start":473,"end":496,"loc":{"start":{"line":16,"column":12,"index":473},"end":{"line":16,"column":35,"index":496}},"extra":{"rawValue":"Remaining arguments: ","raw":"'Remaining arguments: '"},"value":"Remaining arguments: "},{"type":"MemberExpression","start":498,"end":510,"loc":{"start":{"line":16,"column":37,"index":498},"end":{"line":16,"column":49,"index":510}},"object":{"type":"Identifier","start":498,"end":505,"loc":{"start":{"line":16,"column":37,"index":498},"end":{"line":16,"column":44,"index":505},"identifierName":"program"},"name":"program"},"computed":false,"property":{"type":"Identifier","start":506,"end":510,"loc":{"start":{"line":16,"column":45,"index":506},"end":{"line":16,"column":49,"index":510},"identifierName":"args"},"name":"args"}}]},"trailingComments":[{"type":"CommentLine","value":" Try the following:","start":514,"end":535,"loc":{"start":{"line":18,"column":0,"index":514},"end":{"line":18,"column":21,"index":535}}},{"type":"CommentLine","value":"  node options-variadic.js -n 1 2 3 --letter a b c","start":536,"end":588,"loc":{"start":{"line":19,"column":0,"index":536},"end":{"line":19,"column":52,"index":588}}},{"type":"CommentLine","value":"  node options-variadic.js --letter=A -n80 operand","start":589,"end":641,"loc":{"start":{"line":20,"column":0,"index":589},"end":{"line":20,"column":52,"index":641}}},{"type":"CommentLine","value":"  node options-variadic.js --letter -n 1 -n 2 3 -- operand","start":642,"end":702,"loc":{"start":{"line":21,"column":0,"index":642},"end":{"line":21,"column":60,"index":702}}}]}],"directives":[]},"comments":[{"type":"CommentLine","value":" This is used as an example in the README for variadic options.","start":21,"end":86,"loc":{"start":{"line":3,"column":0,"index":21},"end":{"line":3,"column":65,"index":86}}},{"type":"CommentLine","value":" const commander = require('commander'); // (normal include)","start":88,"end":150,"loc":{"start":{"line":5,"column":0,"index":88},"end":{"line":5,"column":62,"index":150}}},{"type":"CommentLine","value":" include commander in git clone of commander repo","start":185,"end":236,"loc":{"start":{"line":6,"column":34,"index":185},"end":{"line":6,"column":85,"index":236}}},{"type":"CommentLine","value":" Try the following:","start":514,"end":535,"loc":{"start":{"line":18,"column":0,"index":514},"end":{"line":18,"column":21,"index":535}}},{"type":"CommentLine","value":"  node options-variadic.js -n 1 2 3 --letter a b c","start":536,"end":588,"loc":{"start":{"line":19,"column":0,"index":536},"end":{"line":19,"column":52,"index":588}}},{"type":"CommentLine","value":"  node options-variadic.js --letter=A -n80 operand","start":589,"end":641,"loc":{"start":{"line":20,"column":0,"index":589},"end":{"line":20,"column":52,"index":641}}},{"type":"CommentLine","value":"  node options-variadic.js --letter -n 1 -n 2 3 -- operand","start":642,"end":702,"loc":{"start":{"line":21,"column":0,"index":642},"end":{"line":21,"column":60,"index":702}}}]}