{"type":"File","start":0,"end":24,"loc":{"start":{"line":1,"column":0,"index":0},"end":{"line":2,"column":0,"index":24}},"errors":[],"program":{"type":"Program","start":0,"end":24,"loc":{"start":{"line":1,"column":0,"index":0},"end":{"line":2,"column":0,"index":24}},"sourceType":"module","interpreter":null,"body":[{"type":"ExpressionStatement","start":0,"end":23,"loc":{"start":{"line":1,"column":0,"index":0},"end":{"line":1,"column":23,"index":23}},"expression":{"type":"CallExpression","start":0,"end":22,"loc":{"start":{"line":1,"column":0,"index":0},"end":{"line":1,"column":22,"index":22}},"callee":{"type":"MemberExpression","start":0,"end":11,"loc":{"start":{"line":1,"column":0,"index":0},"end":{"line":1,"column":11,"index":11}},"object":{"type":"Identifier","start":0,"end":7,"loc":{"start":{"line":1,"column":0,"index":0},"end":{"line":1,"column":7,"index":7},"identifierName":"console"},"name":"console"},"computed":false,"property":{"type":"Identifier","start":8,"end":11,"loc":{"start":{"line":1,"column":8,"index":8},"end":{"line":1,"column":11,"index":11},"identifierName":"log"},"name":"log"}},"arguments":[{"type":"StringLiteral","start":12,"end":21,"loc":{"start":{"line":1,"column":12,"index":12},"end":{"line":1,"column":21,"index":21}},"extra":{"rawValue":"publish","raw":"'publish'"},"value":"publish"}]}}],"directives":[]},"comments":[]}