{"type":"File","start":0,"end":31,"loc":{"start":{"line":1,"column":0,"index":0},"end":{"line":2,"column":0,"index":31}},"errors":[],"program":{"type":"Program","start":0,"end":31,"loc":{"start":{"line":1,"column":0,"index":0},"end":{"line":2,"column":0,"index":31}},"sourceType":"module","interpreter":null,"body":[{"type":"ExpressionStatement","start":0,"end":30,"loc":{"start":{"line":1,"column":0,"index":0},"end":{"line":1,"column":30,"index":30}},"expression":{"type":"CallExpression","start":0,"end":29,"loc":{"start":{"line":1,"column":0,"index":0},"end":{"line":1,"column":29,"index":29}},"callee":{"type":"MemberExpression","start":0,"end":11,"loc":{"start":{"line":1,"column":0,"index":0},"end":{"line":1,"column":11,"index":11}},"object":{"type":"Identifier","start":0,"end":7,"loc":{"start":{"line":1,"column":0,"index":0},"end":{"line":1,"column":7,"index":7},"identifierName":"console"},"name":"console"},"computed":false,"property":{"type":"Identifier","start":8,"end":11,"loc":{"start":{"line":1,"column":8,"index":8},"end":{"line":1,"column":11,"index":11},"identifierName":"log"},"name":"log"}},"arguments":[{"type":"MemberExpression","start":12,"end":28,"loc":{"start":{"line":1,"column":12,"index":12},"end":{"line":1,"column":28,"index":28}},"object":{"type":"Identifier","start":12,"end":19,"loc":{"start":{"line":1,"column":12,"index":12},"end":{"line":1,"column":19,"index":19},"identifierName":"process"},"name":"process"},"computed":false,"property":{"type":"Identifier","start":20,"end":28,"loc":{"start":{"line":1,"column":20,"index":20},"end":{"line":1,"column":28,"index":28},"identifierName":"execArgv"},"name":"execArgv"}}]}}],"directives":[]},"comments":[]}