{"type":"File","start":0,"end":747,"loc":{"start":{"line":1,"column":0,"index":0},"end":{"line":25,"column":0,"index":747}},"errors":[],"program":{"type":"Program","start":0,"end":747,"loc":{"start":{"line":1,"column":0,"index":0},"end":{"line":25,"column":0,"index":747}},"sourceType":"module","interpreter":{"type":"InterpreterDirective","start":0,"end":19,"loc":{"start":{"line":1,"column":0,"index":0},"end":{"line":1,"column":19,"index":19}},"value":"/usr/bin/env node","trailingComments":[{"type":"CommentLine","value":" const { Command } = require('commander'); // (normal include)","start":21,"end":85,"loc":{"start":{"line":3,"column":0,"index":21},"end":{"line":3,"column":64,"index":85}}}]},"body":[{"type":"VariableDeclaration","start":86,"end":121,"loc":{"start":{"line":4,"column":0,"index":86},"end":{"line":4,"column":35,"index":121}},"declarations":[{"type":"VariableDeclarator","start":92,"end":120,"loc":{"start":{"line":4,"column":6,"index":92},"end":{"line":4,"column":34,"index":120}},"id":{"type":"ObjectPattern","start":92,"end":103,"loc":{"start":{"line":4,"column":6,"index":92},"end":{"line":4,"column":17,"index":103}},"properties":[{"type":"ObjectProperty","start":94,"end":101,"loc":{"start":{"line":4,"column":8,"index":94},"end":{"line":4,"column":15,"index":101}},"key":{"type":"Identifier","start":94,"end":101,"loc":{"start":{"line":4,"column":8,"index":94},"end":{"line":4,"column":15,"index":101},"identifierName":"Command"},"name":"Command"},"computed":false,"method":false,"shorthand":true,"value":{"type":"Identifier","start":94,"end":101,"loc":{"start":{"line":4,"column":8,"index":94},"end":{"line":4,"column":15,"index":101},"identifierName":"Command"},"name":"Command"},"extra":{"shorthand":true}}]},"init":{"type":"CallExpression","start":106,"end":120,"loc":{"start":{"line":4,"column":20,"index":106},"end":{"line":4,"column":34,"index":120}},"callee":{"type":"Identifier","start":106,"end":113,"loc":{"start":{"line":4,"column":20,"index":106},"end":{"line":4,"column":27,"index":113},"identifierName":"require"},"name":"require"},"arguments":[{"type":"StringLiteral","start":114,"end":119,"loc":{"start":{"line":4,"column":28,"index":114},"end":{"line":4,"column":33,"index":119}},"extra":{"rawValue":"../","raw":"'../'"},"value":"../"}]}}],"kind":"const","trailingComments":[{"type":"CommentLine","value":" include commander in git clone of commander repo","start":122,"end":173,"loc":{"start":{"line":4,"column":36,"index":122},"end":{"line":4,"column":87,"index":173}}}],"leadingComments":[{"type":"CommentLine","value":" const { Command } = require('commander'); // (normal include)","start":21,"end":85,"loc":{"start":{"line":3,"column":0,"index":21},"end":{"line":3,"column":64,"index":85}}}]},{"type":"VariableDeclaration","start":174,"end":204,"loc":{"start":{"line":5,"column":0,"index":174},"end":{"line":5,"column":30,"index":204}},"declarations":[{"type":"VariableDeclarator","start":180,"end":203,"loc":{"start":{"line":5,"column":6,"index":180},"end":{"line":5,"column":29,"index":203}},"id":{"type":"Identifier","start":180,"end":187,"loc":{"start":{"line":5,"column":6,"index":180},"end":{"line":5,"column":13,"index":187},"identifierName":"program"},"name":"program"},"init":{"type":"NewExpression","start":190,"end":203,"loc":{"start":{"line":5,"column":16,"index":190},"end":{"line":5,"column":29,"index":203}},"callee":{"type":"Identifier","start":194,"end":201,"loc":{"start":{"line":5,"column":20,"index":194},"end":{"line":5,"column":27,"index":201},"identifierName":"Command"},"name":"Command"},"arguments":[]}}],"kind":"const","leadingComments":[{"type":"CommentLine","value":" include commander in git clone of commander repo","start":122,"end":173,"loc":{"start":{"line":4,"column":36,"index":122},"end":{"line":4,"column":87,"index":173}}}]},{"type":"ExpressionStatement","start":206,"end":481,"loc":{"start":{"line":7,"column":0,"index":206},"end":{"line":15,"column":5,"index":481}},"expression":{"type":"CallExpression","start":206,"end":480,"loc":{"start":{"line":7,"column":0,"index":206},"end":{"line":15,"column":4,"index":480}},"callee":{"type":"MemberExpression","start":206,"end":324,"loc":{"start":{"line":7,"column":0,"index":206},"end":{"line":12,"column":9,"index":324}},"object":{"type":"CallExpression","start":206,"end":314,"loc":{"start":{"line":7,"column":0,"index":206},"end":{"line":11,"column":26,"index":314}},"callee":{"type":"MemberExpression","start":206,"end":297,"loc":{"start":{"line":7,"column":0,"index":206},"end":{"line":11,"column":9,"index":297}},"object":{"type":"CallExpression","start":206,"end":287,"loc":{"start":{"line":7,"column":0,"index":206},"end":{"line":10,"column":23,"index":287}},"callee":{"type":"MemberExpression","start":206,"end":285,"loc":{"start":{"line":7,"column":0,"index":206},"end":{"line":10,"column":21,"index":285}},"object":{"type":"CallExpression","start":206,"end":263,"loc":{"start":{"line":7,"column":0,"index":206},"end":{"line":9,"column":24,"index":263}},"callee":{"type":"MemberExpression","start":206,"end":250,"loc":{"start":{"line":7,"column":0,"index":206},"end":{"line":9,"column":11,"index":250}},"object":{"type":"CallExpression","start":206,"end":238,"loc":{"start":{"line":7,"column":0,"index":206},"end":{"line":8,"column":24,"index":238}},"callee":{"type":"MemberExpression","start":206,"end":225,"loc":{"start":{"line":7,"column":0,"index":206},"end":{"line":8,"column":11,"index":225}},"object":{"type":"Identifier","start":206,"end":213,"loc":{"start":{"line":7,"column":0,"index":206},"end":{"line":7,"column":7,"index":213},"identifierName":"program"},"name":"program"},"computed":false,"property":{"type":"Identifier","start":217,"end":225,"loc":{"start":{"line":8,"column":3,"index":217},"end":{"line":8,"column":11,"index":225},"identifierName":"argument"},"name":"argument"}},"arguments":[{"type":"StringLiteral","start":226,"end":237,"loc":{"start":{"line":8,"column":12,"index":226},"end":{"line":8,"column":23,"index":237}},"extra":{"rawValue":"<utility>","raw":"'<utility>'"},"value":"<utility>"}]},"computed":false,"property":{"type":"Identifier","start":242,"end":250,"loc":{"start":{"line":9,"column":3,"index":242},"end":{"line":9,"column":11,"index":250},"identifierName":"argument"},"name":"argument"}},"arguments":[{"type":"StringLiteral","start":251,"end":262,"loc":{"start":{"line":9,"column":12,"index":251},"end":{"line":9,"column":23,"index":262}},"extra":{"rawValue":"[args...]","raw":"'[args...]'"},"value":"[args...]"}]},"computed":false,"property":{"type":"Identifier","start":267,"end":285,"loc":{"start":{"line":10,"column":3,"index":267},"end":{"line":10,"column":21,"index":285},"identifierName":"passThroughOptions"},"name":"passThroughOptions"}},"arguments":[]},"computed":false,"property":{"type":"Identifier","start":291,"end":297,"loc":{"start":{"line":11,"column":3,"index":291},"end":{"line":11,"column":9,"index":297},"identifierName":"option"},"name":"option"}},"arguments":[{"type":"StringLiteral","start":298,"end":313,"loc":{"start":{"line":11,"column":10,"index":298},"end":{"line":11,"column":25,"index":313}},"extra":{"rawValue":"-d, --dry-run","raw":"'-d, --dry-run'"},"value":"-d, --dry-run"}]},"computed":false,"property":{"type":"Identifier","start":318,"end":324,"loc":{"start":{"line":12,"column":3,"index":318},"end":{"line":12,"column":9,"index":324},"identifierName":"action"},"name":"action"}},"arguments":[{"type":"ArrowFunctionExpression","start":325,"end":479,"loc":{"start":{"line":12,"column":10,"index":325},"end":{"line":15,"column":3,"index":479}},"id":null,"generator":false,"async":false,"params":[{"type":"Identifier","start":326,"end":333,"loc":{"start":{"line":12,"column":11,"index":326},"end":{"line":12,"column":18,"index":333},"identifierName":"utility"},"name":"utility"},{"type":"Identifier","start":335,"end":339,"loc":{"start":{"line":12,"column":20,"index":335},"end":{"line":12,"column":24,"index":339},"identifierName":"args"},"name":"args"},{"type":"Identifier","start":341,"end":348,"loc":{"start":{"line":12,"column":26,"index":341},"end":{"line":12,"column":33,"index":348},"identifierName":"options"},"name":"options"}],"body":{"type":"BlockStatement","start":353,"end":479,"loc":{"start":{"line":12,"column":38,"index":353},"end":{"line":15,"column":3,"index":479}},"body":[{"type":"VariableDeclaration","start":359,"end":415,"loc":{"start":{"line":13,"column":4,"index":359},"end":{"line":13,"column":60,"index":415}},"declarations":[{"type":"VariableDeclarator","start":365,"end":414,"loc":{"start":{"line":13,"column":10,"index":365},"end":{"line":13,"column":59,"index":414}},"id":{"type":"Identifier","start":365,"end":371,"loc":{"start":{"line":13,"column":10,"index":365},"end":{"line":13,"column":16,"index":371},"identifierName":"action"},"name":"action"},"init":{"type":"ConditionalExpression","start":374,"end":414,"loc":{"start":{"line":13,"column":19,"index":374},"end":{"line":13,"column":59,"index":414}},"test":{"type":"MemberExpression","start":374,"end":388,"loc":{"start":{"line":13,"column":19,"index":374},"end":{"line":13,"column":33,"index":388}},"object":{"type":"Identifier","start":374,"end":381,"loc":{"start":{"line":13,"column":19,"index":374},"end":{"line":13,"column":26,"index":381},"identifierName":"options"},"name":"options"},"computed":false,"property":{"type":"Identifier","start":382,"end":388,"loc":{"start":{"line":13,"column":27,"index":382},"end":{"line":13,"column":33,"index":388},"identifierName":"dryRun"},"name":"dryRun"}},"consequent":{"type":"StringLiteral","start":391,"end":402,"loc":{"start":{"line":13,"column":36,"index":391},"end":{"line":13,"column":47,"index":402}},"extra":{"rawValue":"Would run","raw":"'Would run'"},"value":"Would run"},"alternate":{"type":"StringLiteral","start":405,"end":414,"loc":{"start":{"line":13,"column":50,"index":405},"end":{"line":13,"column":59,"index":414}},"extra":{"rawValue":"Running","raw":"'Running'"},"value":"Running"}}}],"kind":"const"},{"type":"ExpressionStatement","start":420,"end":475,"loc":{"start":{"line":14,"column":4,"index":420},"end":{"line":14,"column":59,"index":475}},"expression":{"type":"CallExpression","start":420,"end":474,"loc":{"start":{"line":14,"column":4,"index":420},"end":{"line":14,"column":58,"index":474}},"callee":{"type":"MemberExpression","start":420,"end":431,"loc":{"start":{"line":14,"column":4,"index":420},"end":{"line":14,"column":15,"index":431}},"object":{"type":"Identifier","start":420,"end":427,"loc":{"start":{"line":14,"column":4,"index":420},"end":{"line":14,"column":11,"index":427},"identifierName":"console"},"name":"console"},"computed":false,"property":{"type":"Identifier","start":428,"end":431,"loc":{"start":{"line":14,"column":12,"index":428},"end":{"line":14,"column":15,"index":431},"identifierName":"log"},"name":"log"}},"arguments":[{"type":"TemplateLiteral","start":432,"end":473,"loc":{"start":{"line":14,"column":16,"index":432},"end":{"line":14,"column":57,"index":473}},"expressions":[{"type":"Identifier","start":435,"end":441,"loc":{"start":{"line":14,"column":19,"index":435},"end":{"line":14,"column":25,"index":441},"identifierName":"action"},"name":"action"},{"type":"Identifier","start":446,"end":453,"loc":{"start":{"line":14,"column":30,"index":446},"end":{"line":14,"column":37,"index":453},"identifierName":"utility"},"name":"utility"},{"type":"CallExpression","start":457,"end":471,"loc":{"start":{"line":14,"column":41,"index":457},"end":{"line":14,"column":55,"index":471}},"callee":{"type":"MemberExpression","start":457,"end":466,"loc":{"start":{"line":14,"column":41,"index":457},"end":{"line":14,"column":50,"index":466}},"object":{"type":"Identifier","start":457,"end":461,"loc":{"start":{"line":14,"column":41,"index":457},"end":{"line":14,"column":45,"index":461},"identifierName":"args"},"name":"args"},"computed":false,"property":{"type":"Identifier","start":462,"end":466,"loc":{"start":{"line":14,"column":46,"index":462},"end":{"line":14,"column":50,"index":466},"identifierName":"join"},"name":"join"}},"arguments":[{"type":"StringLiteral","start":467,"end":470,"loc":{"start":{"line":14,"column":51,"index":467},"end":{"line":14,"column":54,"index":470}},"extra":{"rawValue":" ","raw":"' '"},"value":" "}]}],"quasis":[{"type":"TemplateElement","start":433,"end":433,"loc":{"start":{"line":14,"column":17,"index":433},"end":{"line":14,"column":17,"index":433}},"value":{"raw":"","cooked":""},"tail":false},{"type":"TemplateElement","start":442,"end":444,"loc":{"start":{"line":14,"column":26,"index":442},"end":{"line":14,"column":28,"index":444}},"value":{"raw":": ","cooked":": "},"tail":false},{"type":"TemplateElement","start":454,"end":455,"loc":{"start":{"line":14,"column":38,"index":454},"end":{"line":14,"column":39,"index":455}},"value":{"raw":" ","cooked":" "},"tail":false},{"type":"TemplateElement","start":472,"end":472,"loc":{"start":{"line":14,"column":56,"index":472},"end":{"line":14,"column":56,"index":472}},"value":{"raw":"","cooked":""},"tail":true}]}]}}],"directives":[]}}]}},{"type":"ExpressionStatement","start":483,"end":499,"loc":{"start":{"line":17,"column":0,"index":483},"end":{"line":17,"column":16,"index":499}},"expression":{"type":"CallExpression","start":483,"end":498,"loc":{"start":{"line":17,"column":0,"index":483},"end":{"line":17,"column":15,"index":498}},"callee":{"type":"MemberExpression","start":483,"end":496,"loc":{"start":{"line":17,"column":0,"index":483},"end":{"line":17,"column":13,"index":496}},"object":{"type":"Identifier","start":483,"end":490,"loc":{"start":{"line":17,"column":0,"index":483},"end":{"line":17,"column":7,"index":490},"identifierName":"program"},"name":"program"},"computed":false,"property":{"type":"Identifier","start":491,"end":496,"loc":{"start":{"line":17,"column":8,"index":491},"end":{"line":17,"column":13,"index":496},"identifierName":"parse"},"name":"parse"}},"arguments":[]},"trailingComments":[{"type":"CommentLine","value":" Try the following:","start":501,"end":522,"loc":{"start":{"line":19,"column":0,"index":501},"end":{"line":19,"column":21,"index":522}}},{"type":"CommentLine","value":"","start":523,"end":525,"loc":{"start":{"line":20,"column":0,"index":523},"end":{"line":20,"column":2,"index":525}}},{"type":"CommentLine","value":"    node pass-through-options.js git status","start":526,"end":571,"loc":{"start":{"line":21,"column":0,"index":526},"end":{"line":21,"column":45,"index":571}}},{"type":"CommentLine","value":"    node pass-through-options.js git --version","start":572,"end":620,"loc":{"start":{"line":22,"column":0,"index":572},"end":{"line":22,"column":48,"index":620}}},{"type":"CommentLine","value":"    node pass-through-options.js --dry-run git checkout -b new-branch","start":621,"end":692,"loc":{"start":{"line":23,"column":0,"index":621},"end":{"line":23,"column":71,"index":692}}},{"type":"CommentLine","value":"    node pass-through-options.js git push --dry-run","start":693,"end":746,"loc":{"start":{"line":24,"column":0,"index":693},"end":{"line":24,"column":53,"index":746}}}]}],"directives":[]},"comments":[{"type":"CommentLine","value":" const { Command } = require('commander'); // (normal include)","start":21,"end":85,"loc":{"start":{"line":3,"column":0,"index":21},"end":{"line":3,"column":64,"index":85}}},{"type":"CommentLine","value":" include commander in git clone of commander repo","start":122,"end":173,"loc":{"start":{"line":4,"column":36,"index":122},"end":{"line":4,"column":87,"index":173}}},{"type":"CommentLine","value":" Try the following:","start":501,"end":522,"loc":{"start":{"line":19,"column":0,"index":501},"end":{"line":19,"column":21,"index":522}}},{"type":"CommentLine","value":"","start":523,"end":525,"loc":{"start":{"line":20,"column":0,"index":523},"end":{"line":20,"column":2,"index":525}}},{"type":"CommentLine","value":"    node pass-through-options.js git status","start":526,"end":571,"loc":{"start":{"line":21,"column":0,"index":526},"end":{"line":21,"column":45,"index":571}}},{"type":"CommentLine","value":"    node pass-through-options.js git --version","start":572,"end":620,"loc":{"start":{"line":22,"column":0,"index":572},"end":{"line":22,"column":48,"index":620}}},{"type":"CommentLine","value":"    node pass-through-options.js --dry-run git checkout -b new-branch","start":621,"end":692,"loc":{"start":{"line":23,"column":0,"index":621},"end":{"line":23,"column":71,"index":692}}},{"type":"CommentLine","value":"    node pass-through-options.js git push --dry-run","start":693,"end":746,"loc":{"start":{"line":24,"column":0,"index":693},"end":{"line":24,"column":53,"index":746}}}]}