{"type":"File","start":0,"end":139,"loc":{"start":{"line":1,"column":0,"index":0},"end":{"line":8,"column":0,"index":139}},"errors":[],"program":{"type":"Program","start":0,"end":139,"loc":{"start":{"line":1,"column":0,"index":0},"end":{"line":8,"column":0,"index":139}},"sourceType":"module","interpreter":{"type":"InterpreterDirective","start":0,"end":19,"loc":{"start":{"line":1,"column":0,"index":0},"end":{"line":1,"column":19,"index":19}},"value":"/usr/bin/env node"},"body":[{"type":"VariableDeclaration","start":21,"end":55,"loc":{"start":{"line":3,"column":0,"index":21},"end":{"line":3,"column":34,"index":55}},"declarations":[{"type":"VariableDeclarator","start":27,"end":54,"loc":{"start":{"line":3,"column":6,"index":27},"end":{"line":3,"column":33,"index":54}},"id":{"type":"Identifier","start":27,"end":34,"loc":{"start":{"line":3,"column":6,"index":27},"end":{"line":3,"column":13,"index":34},"identifierName":"program"},"name":"program"},"init":{"type":"CallExpression","start":37,"end":54,"loc":{"start":{"line":3,"column":16,"index":37},"end":{"line":3,"column":33,"index":54}},"callee":{"type":"Identifier","start":37,"end":44,"loc":{"start":{"line":3,"column":16,"index":37},"end":{"line":3,"column":23,"index":44},"identifierName":"require"},"name":"require"},"arguments":[{"type":"StringLiteral","start":45,"end":53,"loc":{"start":{"line":3,"column":24,"index":45},"end":{"line":3,"column":32,"index":53}},"extra":{"rawValue":"../../","raw":"'../../'"},"value":"../../"}]}}],"kind":"const"},{"type":"ExpressionStatement","start":57,"end":138,"loc":{"start":{"line":5,"column":0,"index":57},"end":{"line":7,"column":23,"index":138}},"expression":{"type":"CallExpression","start":57,"end":137,"loc":{"start":{"line":5,"column":0,"index":57},"end":{"line":7,"column":22,"index":137}},"callee":{"type":"MemberExpression","start":57,"end":123,"loc":{"start":{"line":5,"column":0,"index":57},"end":{"line":7,"column":8,"index":123}},"object":{"type":"CallExpression","start":57,"end":114,"loc":{"start":{"line":5,"column":0,"index":57},"end":{"line":6,"column":49,"index":114}},"callee":{"type":"MemberExpression","start":57,"end":75,"loc":{"start":{"line":5,"column":0,"index":57},"end":{"line":6,"column":10,"index":75}},"object":{"type":"Identifier","start":57,"end":64,"loc":{"start":{"line":5,"column":0,"index":57},"end":{"line":5,"column":7,"index":64},"identifierName":"program"},"name":"program"},"computed":false,"property":{"type":"Identifier","start":68,"end":75,"loc":{"start":{"line":6,"column":3,"index":68},"end":{"line":6,"column":10,"index":75},"identifierName":"command"},"name":"command"}},"arguments":[{"type":"StringLiteral","start":76,"end":81,"loc":{"start":{"line":6,"column":11,"index":76},"end":{"line":6,"column":16,"index":81}},"extra":{"rawValue":"sub","raw":"'sub'"},"value":"sub"},{"type":"StringLiteral","start":83,"end":113,"loc":{"start":{"line":6,"column":18,"index":83},"end":{"line":6,"column":48,"index":113}},"extra":{"rawValue":"install one or more packages","raw":"'install one or more packages'"},"value":"install one or more packages"}]},"computed":false,"property":{"type":"Identifier","start":118,"end":123,"loc":{"start":{"line":7,"column":3,"index":118},"end":{"line":7,"column":8,"index":123},"identifierName":"parse"},"name":"parse"}},"arguments":[{"type":"MemberExpression","start":124,"end":136,"loc":{"start":{"line":7,"column":9,"index":124},"end":{"line":7,"column":21,"index":136}},"object":{"type":"Identifier","start":124,"end":131,"loc":{"start":{"line":7,"column":9,"index":124},"end":{"line":7,"column":16,"index":131},"identifierName":"process"},"name":"process"},"computed":false,"property":{"type":"Identifier","start":132,"end":136,"loc":{"start":{"line":7,"column":17,"index":132},"end":{"line":7,"column":21,"index":136},"identifierName":"argv"},"name":"argv"}}]}}],"directives":[]},"comments":[]}