{"type":"File","start":0,"end":2763,"loc":{"start":{"line":1,"column":0,"index":0},"end":{"line":101,"column":0,"index":2763}},"errors":[],"program":{"type":"Program","start":0,"end":2763,"loc":{"start":{"line":1,"column":0,"index":0},"end":{"line":101,"column":0,"index":2763}},"sourceType":"module","interpreter":null,"body":[{"type":"VariableDeclaration","start":0,"end":22,"loc":{"start":{"line":1,"column":0,"index":0},"end":{"line":1,"column":22,"index":22}},"declarations":[{"type":"VariableDeclarator","start":6,"end":21,"loc":{"start":{"line":1,"column":6,"index":6},"end":{"line":1,"column":21,"index":21}},"id":{"type":"Identifier","start":6,"end":17,"loc":{"start":{"line":1,"column":6,"index":6},"end":{"line":1,"column":17,"index":17},"identifierName":"maxDistance"},"name":"maxDistance"},"init":{"type":"NumericLiteral","start":20,"end":21,"loc":{"start":{"line":1,"column":20,"index":20},"end":{"line":1,"column":21,"index":21}},"extra":{"rawValue":3,"raw":"3"},"value":3}}],"kind":"const"},{"type":"FunctionDeclaration","start":24,"end":1233,"loc":{"start":{"line":3,"column":0,"index":24},"end":{"line":45,"column":1,"index":1233}},"id":{"type":"Identifier","start":33,"end":45,"loc":{"start":{"line":3,"column":9,"index":33},"end":{"line":3,"column":21,"index":45},"identifierName":"editDistance"},"name":"editDistance"},"generator":false,"async":false,"params":[{"type":"Identifier","start":46,"end":47,"loc":{"start":{"line":3,"column":22,"index":46},"end":{"line":3,"column":23,"index":47},"identifierName":"a"},"name":"a"},{"type":"Identifier","start":49,"end":50,"loc":{"start":{"line":3,"column":25,"index":49},"end":{"line":3,"column":26,"index":50},"identifierName":"b"},"name":"b"}],"body":{"type":"BlockStatement","start":52,"end":1233,"loc":{"start":{"line":3,"column":28,"index":52},"end":{"line":45,"column":1,"index":1233}},"body":[{"type":"IfStatement","start":284,"end":369,"loc":{"start":{"line":9,"column":2,"index":284},"end":{"line":9,"column":87,"index":369}},"test":{"type":"BinaryExpression","start":288,"end":331,"loc":{"start":{"line":9,"column":6,"index":288},"end":{"line":9,"column":49,"index":331}},"left":{"type":"CallExpression","start":288,"end":317,"loc":{"start":{"line":9,"column":6,"index":288},"end":{"line":9,"column":35,"index":317}},"callee":{"type":"MemberExpression","start":288,"end":296,"loc":{"start":{"line":9,"column":6,"index":288},"end":{"line":9,"column":14,"index":296}},"object":{"type":"Identifier","start":288,"end":292,"loc":{"start":{"line":9,"column":6,"index":288},"end":{"line":9,"column":10,"index":292},"identifierName":"Math"},"name":"Math"},"computed":false,"property":{"type":"Identifier","start":293,"end":296,"loc":{"start":{"line":9,"column":11,"index":293},"end":{"line":9,"column":14,"index":296},"identifierName":"abs"},"name":"abs"}},"arguments":[{"type":"BinaryExpression","start":297,"end":316,"loc":{"start":{"line":9,"column":15,"index":297},"end":{"line":9,"column":34,"index":316}},"left":{"type":"MemberExpression","start":297,"end":305,"loc":{"start":{"line":9,"column":15,"index":297},"end":{"line":9,"column":23,"index":305}},"object":{"type":"Identifier","start":297,"end":298,"loc":{"start":{"line":9,"column":15,"index":297},"end":{"line":9,"column":16,"index":298},"identifierName":"a"},"name":"a"},"computed":false,"property":{"type":"Identifier","start":299,"end":305,"loc":{"start":{"line":9,"column":17,"index":299},"end":{"line":9,"column":23,"index":305},"identifierName":"length"},"name":"length"}},"operator":"-","right":{"type":"MemberExpression","start":308,"end":316,"loc":{"start":{"line":9,"column":26,"index":308},"end":{"line":9,"column":34,"index":316}},"object":{"type":"Identifier","start":308,"end":309,"loc":{"start":{"line":9,"column":26,"index":308},"end":{"line":9,"column":27,"index":309},"identifierName":"b"},"name":"b"},"computed":false,"property":{"type":"Identifier","start":310,"end":316,"loc":{"start":{"line":9,"column":28,"index":310},"end":{"line":9,"column":34,"index":316},"identifierName":"length"},"name":"length"}}}]},"operator":">","right":{"type":"Identifier","start":320,"end":331,"loc":{"start":{"line":9,"column":38,"index":320},"end":{"line":9,"column":49,"index":331},"identifierName":"maxDistance"},"name":"maxDistance"}},"consequent":{"type":"ReturnStatement","start":333,"end":369,"loc":{"start":{"line":9,"column":51,"index":333},"end":{"line":9,"column":87,"index":369}},"argument":{"type":"CallExpression","start":340,"end":368,"loc":{"start":{"line":9,"column":58,"index":340},"end":{"line":9,"column":86,"index":368}},"callee":{"type":"MemberExpression","start":340,"end":348,"loc":{"start":{"line":9,"column":58,"index":340},"end":{"line":9,"column":66,"index":348}},"object":{"type":"Identifier","start":340,"end":344,"loc":{"start":{"line":9,"column":58,"index":340},"end":{"line":9,"column":62,"index":344},"identifierName":"Math"},"name":"Math"},"computed":false,"property":{"type":"Identifier","start":345,"end":348,"loc":{"start":{"line":9,"column":63,"index":345},"end":{"line":9,"column":66,"index":348},"identifierName":"max"},"name":"max"}},"arguments":[{"type":"MemberExpression","start":349,"end":357,"loc":{"start":{"line":9,"column":67,"index":349},"end":{"line":9,"column":75,"index":357}},"object":{"type":"Identifier","start":349,"end":350,"loc":{"start":{"line":9,"column":67,"index":349},"end":{"line":9,"column":68,"index":350},"identifierName":"a"},"name":"a"},"computed":false,"property":{"type":"Identifier","start":351,"end":357,"loc":{"start":{"line":9,"column":69,"index":351},"end":{"line":9,"column":75,"index":357},"identifierName":"length"},"name":"length"}},{"type":"MemberExpression","start":359,"end":367,"loc":{"start":{"line":9,"column":77,"index":359},"end":{"line":9,"column":85,"index":367}},"object":{"type":"Identifier","start":359,"end":360,"loc":{"start":{"line":9,"column":77,"index":359},"end":{"line":9,"column":78,"index":360},"identifierName":"b"},"name":"b"},"computed":false,"property":{"type":"Identifier","start":361,"end":367,"loc":{"start":{"line":9,"column":79,"index":361},"end":{"line":9,"column":85,"index":367},"identifierName":"length"},"name":"length"}}]}},"alternate":null,"trailingComments":[{"type":"CommentLine","value":" distance between prefix substrings of a and b","start":373,"end":421,"loc":{"start":{"line":11,"column":2,"index":373},"end":{"line":11,"column":50,"index":421}}}],"leadingComments":[{"type":"CommentLine","value":" https://en.wikipedia.org/wiki/Damerau–Levenshtein_distance","start":56,"end":117,"loc":{"start":{"line":4,"column":2,"index":56},"end":{"line":4,"column":63,"index":117}}},{"type":"CommentLine","value":" Calculating optimal string alignment distance, no substring is edited more than once.","start":120,"end":208,"loc":{"start":{"line":5,"column":2,"index":120},"end":{"line":5,"column":90,"index":208}}},{"type":"CommentLine","value":" (Simple implementation.)","start":211,"end":238,"loc":{"start":{"line":6,"column":2,"index":211},"end":{"line":6,"column":29,"index":238}}},{"type":"CommentLine","value":" Quick early exit, return worst case.","start":242,"end":281,"loc":{"start":{"line":8,"column":2,"index":242},"end":{"line":8,"column":41,"index":281}}}]},{"type":"VariableDeclaration","start":424,"end":437,"loc":{"start":{"line":12,"column":2,"index":424},"end":{"line":12,"column":15,"index":437}},"declarations":[{"type":"VariableDeclarator","start":430,"end":436,"loc":{"start":{"line":12,"column":8,"index":430},"end":{"line":12,"column":14,"index":436}},"id":{"type":"Identifier","start":430,"end":431,"loc":{"start":{"line":12,"column":8,"index":430},"end":{"line":12,"column":9,"index":431},"identifierName":"d"},"name":"d"},"init":{"type":"ArrayExpression","start":434,"end":436,"loc":{"start":{"line":12,"column":12,"index":434},"end":{"line":12,"column":14,"index":436}},"elements":[]}}],"kind":"const","trailingComments":[{"type":"CommentLine","value":" pure deletions turn a into empty string","start":441,"end":483,"loc":{"start":{"line":14,"column":2,"index":441},"end":{"line":14,"column":44,"index":483}}}],"leadingComments":[{"type":"CommentLine","value":" distance between prefix substrings of a and b","start":373,"end":421,"loc":{"start":{"line":11,"column":2,"index":373},"end":{"line":11,"column":50,"index":421}}}]},{"type":"ForStatement","start":486,"end":543,"loc":{"start":{"line":15,"column":2,"index":486},"end":{"line":17,"column":3,"index":543}},"init":{"type":"VariableDeclaration","start":491,"end":500,"loc":{"start":{"line":15,"column":7,"index":491},"end":{"line":15,"column":16,"index":500}},"declarations":[{"type":"VariableDeclarator","start":495,"end":500,"loc":{"start":{"line":15,"column":11,"index":495},"end":{"line":15,"column":16,"index":500}},"id":{"type":"Identifier","start":495,"end":496,"loc":{"start":{"line":15,"column":11,"index":495},"end":{"line":15,"column":12,"index":496},"identifierName":"i"},"name":"i"},"init":{"type":"NumericLiteral","start":499,"end":500,"loc":{"start":{"line":15,"column":15,"index":499},"end":{"line":15,"column":16,"index":500}},"extra":{"rawValue":0,"raw":"0"},"value":0}}],"kind":"let"},"test":{"type":"BinaryExpression","start":502,"end":515,"loc":{"start":{"line":15,"column":18,"index":502},"end":{"line":15,"column":31,"index":515}},"left":{"type":"Identifier","start":502,"end":503,"loc":{"start":{"line":15,"column":18,"index":502},"end":{"line":15,"column":19,"index":503},"identifierName":"i"},"name":"i"},"operator":"<=","right":{"type":"MemberExpression","start":507,"end":515,"loc":{"start":{"line":15,"column":23,"index":507},"end":{"line":15,"column":31,"index":515}},"object":{"type":"Identifier","start":507,"end":508,"loc":{"start":{"line":15,"column":23,"index":507},"end":{"line":15,"column":24,"index":508},"identifierName":"a"},"name":"a"},"computed":false,"property":{"type":"Identifier","start":509,"end":515,"loc":{"start":{"line":15,"column":25,"index":509},"end":{"line":15,"column":31,"index":515},"identifierName":"length"},"name":"length"}}},"update":{"type":"UpdateExpression","start":517,"end":520,"loc":{"start":{"line":15,"column":33,"index":517},"end":{"line":15,"column":36,"index":520}},"operator":"++","prefix":false,"argument":{"type":"Identifier","start":517,"end":518,"loc":{"start":{"line":15,"column":33,"index":517},"end":{"line":15,"column":34,"index":518},"identifierName":"i"},"name":"i"}},"body":{"type":"BlockStatement","start":522,"end":543,"loc":{"start":{"line":15,"column":38,"index":522},"end":{"line":17,"column":3,"index":543}},"body":[{"type":"ExpressionStatement","start":528,"end":539,"loc":{"start":{"line":16,"column":4,"index":528},"end":{"line":16,"column":15,"index":539}},"expression":{"type":"AssignmentExpression","start":528,"end":538,"loc":{"start":{"line":16,"column":4,"index":528},"end":{"line":16,"column":14,"index":538}},"operator":"=","left":{"type":"MemberExpression","start":528,"end":532,"loc":{"start":{"line":16,"column":4,"index":528},"end":{"line":16,"column":8,"index":532}},"object":{"type":"Identifier","start":528,"end":529,"loc":{"start":{"line":16,"column":4,"index":528},"end":{"line":16,"column":5,"index":529},"identifierName":"d"},"name":"d"},"computed":true,"property":{"type":"Identifier","start":530,"end":531,"loc":{"start":{"line":16,"column":6,"index":530},"end":{"line":16,"column":7,"index":531},"identifierName":"i"},"name":"i"}},"right":{"type":"ArrayExpression","start":535,"end":538,"loc":{"start":{"line":16,"column":11,"index":535},"end":{"line":16,"column":14,"index":538}},"elements":[{"type":"Identifier","start":536,"end":537,"loc":{"start":{"line":16,"column":12,"index":536},"end":{"line":16,"column":13,"index":537},"identifierName":"i"},"name":"i"}]}}}],"directives":[]},"trailingComments":[{"type":"CommentLine","value":" pure insertions turn empty string into b","start":546,"end":589,"loc":{"start":{"line":18,"column":2,"index":546},"end":{"line":18,"column":45,"index":589}}}],"leadingComments":[{"type":"CommentLine","value":" pure deletions turn a into empty string","start":441,"end":483,"loc":{"start":{"line":14,"column":2,"index":441},"end":{"line":14,"column":44,"index":483}}}]},{"type":"ForStatement","start":592,"end":650,"loc":{"start":{"line":19,"column":2,"index":592},"end":{"line":21,"column":3,"index":650}},"init":{"type":"VariableDeclaration","start":597,"end":606,"loc":{"start":{"line":19,"column":7,"index":597},"end":{"line":19,"column":16,"index":606}},"declarations":[{"type":"VariableDeclarator","start":601,"end":606,"loc":{"start":{"line":19,"column":11,"index":601},"end":{"line":19,"column":16,"index":606}},"id":{"type":"Identifier","start":601,"end":602,"loc":{"start":{"line":19,"column":11,"index":601},"end":{"line":19,"column":12,"index":602},"identifierName":"j"},"name":"j"},"init":{"type":"NumericLiteral","start":605,"end":606,"loc":{"start":{"line":19,"column":15,"index":605},"end":{"line":19,"column":16,"index":606}},"extra":{"rawValue":0,"raw":"0"},"value":0}}],"kind":"let"},"test":{"type":"BinaryExpression","start":608,"end":621,"loc":{"start":{"line":19,"column":18,"index":608},"end":{"line":19,"column":31,"index":621}},"left":{"type":"Identifier","start":608,"end":609,"loc":{"start":{"line":19,"column":18,"index":608},"end":{"line":19,"column":19,"index":609},"identifierName":"j"},"name":"j"},"operator":"<=","right":{"type":"MemberExpression","start":613,"end":621,"loc":{"start":{"line":19,"column":23,"index":613},"end":{"line":19,"column":31,"index":621}},"object":{"type":"Identifier","start":613,"end":614,"loc":{"start":{"line":19,"column":23,"index":613},"end":{"line":19,"column":24,"index":614},"identifierName":"b"},"name":"b"},"computed":false,"property":{"type":"Identifier","start":615,"end":621,"loc":{"start":{"line":19,"column":25,"index":615},"end":{"line":19,"column":31,"index":621},"identifierName":"length"},"name":"length"}}},"update":{"type":"UpdateExpression","start":623,"end":626,"loc":{"start":{"line":19,"column":33,"index":623},"end":{"line":19,"column":36,"index":626}},"operator":"++","prefix":false,"argument":{"type":"Identifier","start":623,"end":624,"loc":{"start":{"line":19,"column":33,"index":623},"end":{"line":19,"column":34,"index":624},"identifierName":"j"},"name":"j"}},"body":{"type":"BlockStatement","start":628,"end":650,"loc":{"start":{"line":19,"column":38,"index":628},"end":{"line":21,"column":3,"index":650}},"body":[{"type":"ExpressionStatement","start":634,"end":646,"loc":{"start":{"line":20,"column":4,"index":634},"end":{"line":20,"column":16,"index":646}},"expression":{"type":"AssignmentExpression","start":634,"end":645,"loc":{"start":{"line":20,"column":4,"index":634},"end":{"line":20,"column":15,"index":645}},"operator":"=","left":{"type":"MemberExpression","start":634,"end":641,"loc":{"start":{"line":20,"column":4,"index":634},"end":{"line":20,"column":11,"index":641}},"object":{"type":"MemberExpression","start":634,"end":638,"loc":{"start":{"line":20,"column":4,"index":634},"end":{"line":20,"column":8,"index":638}},"object":{"type":"Identifier","start":634,"end":635,"loc":{"start":{"line":20,"column":4,"index":634},"end":{"line":20,"column":5,"index":635},"identifierName":"d"},"name":"d"},"computed":true,"property":{"type":"NumericLiteral","start":636,"end":637,"loc":{"start":{"line":20,"column":6,"index":636},"end":{"line":20,"column":7,"index":637}},"extra":{"rawValue":0,"raw":"0"},"value":0}},"computed":true,"property":{"type":"Identifier","start":639,"end":640,"loc":{"start":{"line":20,"column":9,"index":639},"end":{"line":20,"column":10,"index":640},"identifierName":"j"},"name":"j"}},"right":{"type":"Identifier","start":644,"end":645,"loc":{"start":{"line":20,"column":14,"index":644},"end":{"line":20,"column":15,"index":645},"identifierName":"j"},"name":"j"}}}],"directives":[]},"trailingComments":[{"type":"CommentLine","value":" fill matrix","start":654,"end":668,"loc":{"start":{"line":23,"column":2,"index":654},"end":{"line":23,"column":16,"index":668}}}],"leadingComments":[{"type":"CommentLine","value":" pure insertions turn empty string into b","start":546,"end":589,"loc":{"start":{"line":18,"column":2,"index":546},"end":{"line":18,"column":45,"index":589}}}]},{"type":"ForStatement","start":671,"end":1198,"loc":{"start":{"line":24,"column":2,"index":671},"end":{"line":42,"column":3,"index":1198}},"init":{"type":"VariableDeclaration","start":676,"end":685,"loc":{"start":{"line":24,"column":7,"index":676},"end":{"line":24,"column":16,"index":685}},"declarations":[{"type":"VariableDeclarator","start":680,"end":685,"loc":{"start":{"line":24,"column":11,"index":680},"end":{"line":24,"column":16,"index":685}},"id":{"type":"Identifier","start":680,"end":681,"loc":{"start":{"line":24,"column":11,"index":680},"end":{"line":24,"column":12,"index":681},"identifierName":"j"},"name":"j"},"init":{"type":"NumericLiteral","start":684,"end":685,"loc":{"start":{"line":24,"column":15,"index":684},"end":{"line":24,"column":16,"index":685}},"extra":{"rawValue":1,"raw":"1"},"value":1}}],"kind":"let"},"test":{"type":"BinaryExpression","start":687,"end":700,"loc":{"start":{"line":24,"column":18,"index":687},"end":{"line":24,"column":31,"index":700}},"left":{"type":"Identifier","start":687,"end":688,"loc":{"start":{"line":24,"column":18,"index":687},"end":{"line":24,"column":19,"index":688},"identifierName":"j"},"name":"j"},"operator":"<=","right":{"type":"MemberExpression","start":692,"end":700,"loc":{"start":{"line":24,"column":23,"index":692},"end":{"line":24,"column":31,"index":700}},"object":{"type":"Identifier","start":692,"end":693,"loc":{"start":{"line":24,"column":23,"index":692},"end":{"line":24,"column":24,"index":693},"identifierName":"b"},"name":"b"},"computed":false,"property":{"type":"Identifier","start":694,"end":700,"loc":{"start":{"line":24,"column":25,"index":694},"end":{"line":24,"column":31,"index":700},"identifierName":"length"},"name":"length"}}},"update":{"type":"UpdateExpression","start":702,"end":705,"loc":{"start":{"line":24,"column":33,"index":702},"end":{"line":24,"column":36,"index":705}},"operator":"++","prefix":false,"argument":{"type":"Identifier","start":702,"end":703,"loc":{"start":{"line":24,"column":33,"index":702},"end":{"line":24,"column":34,"index":703},"identifierName":"j"},"name":"j"}},"body":{"type":"BlockStatement","start":707,"end":1198,"loc":{"start":{"line":24,"column":38,"index":707},"end":{"line":42,"column":3,"index":1198}},"body":[{"type":"ForStatement","start":713,"end":1194,"loc":{"start":{"line":25,"column":4,"index":713},"end":{"line":41,"column":5,"index":1194}},"init":{"type":"VariableDeclaration","start":718,"end":727,"loc":{"start":{"line":25,"column":9,"index":718},"end":{"line":25,"column":18,"index":727}},"declarations":[{"type":"VariableDeclarator","start":722,"end":727,"loc":{"start":{"line":25,"column":13,"index":722},"end":{"line":25,"column":18,"index":727}},"id":{"type":"Identifier","start":722,"end":723,"loc":{"start":{"line":25,"column":13,"index":722},"end":{"line":25,"column":14,"index":723},"identifierName":"i"},"name":"i"},"init":{"type":"NumericLiteral","start":726,"end":727,"loc":{"start":{"line":25,"column":17,"index":726},"end":{"line":25,"column":18,"index":727}},"extra":{"rawValue":1,"raw":"1"},"value":1}}],"kind":"let"},"test":{"type":"BinaryExpression","start":729,"end":742,"loc":{"start":{"line":25,"column":20,"index":729},"end":{"line":25,"column":33,"index":742}},"left":{"type":"Identifier","start":729,"end":730,"loc":{"start":{"line":25,"column":20,"index":729},"end":{"line":25,"column":21,"index":730},"identifierName":"i"},"name":"i"},"operator":"<=","right":{"type":"MemberExpression","start":734,"end":742,"loc":{"start":{"line":25,"column":25,"index":734},"end":{"line":25,"column":33,"index":742}},"object":{"type":"Identifier","start":734,"end":735,"loc":{"start":{"line":25,"column":25,"index":734},"end":{"line":25,"column":26,"index":735},"identifierName":"a"},"name":"a"},"computed":false,"property":{"type":"Identifier","start":736,"end":742,"loc":{"start":{"line":25,"column":27,"index":736},"end":{"line":25,"column":33,"index":742},"identifierName":"length"},"name":"length"}}},"update":{"type":"UpdateExpression","start":744,"end":747,"loc":{"start":{"line":25,"column":35,"index":744},"end":{"line":25,"column":38,"index":747}},"operator":"++","prefix":false,"argument":{"type":"Identifier","start":744,"end":745,"loc":{"start":{"line":25,"column":35,"index":744},"end":{"line":25,"column":36,"index":745},"identifierName":"i"},"name":"i"}},"body":{"type":"BlockStatement","start":749,"end":1194,"loc":{"start":{"line":25,"column":40,"index":749},"end":{"line":41,"column":5,"index":1194}},"body":[{"type":"VariableDeclaration","start":757,"end":770,"loc":{"start":{"line":26,"column":6,"index":757},"end":{"line":26,"column":19,"index":770}},"declarations":[{"type":"VariableDeclarator","start":761,"end":769,"loc":{"start":{"line":26,"column":10,"index":761},"end":{"line":26,"column":18,"index":769}},"id":{"type":"Identifier","start":761,"end":765,"loc":{"start":{"line":26,"column":10,"index":761},"end":{"line":26,"column":14,"index":765},"identifierName":"cost"},"name":"cost"},"init":{"type":"NumericLiteral","start":768,"end":769,"loc":{"start":{"line":26,"column":17,"index":768},"end":{"line":26,"column":18,"index":769}},"extra":{"rawValue":1,"raw":"1"},"value":1}}],"kind":"let"},{"type":"IfStatement","start":777,"end":864,"loc":{"start":{"line":27,"column":6,"index":777},"end":{"line":31,"column":7,"index":864}},"test":{"type":"BinaryExpression","start":781,"end":802,"loc":{"start":{"line":27,"column":10,"index":781},"end":{"line":27,"column":31,"index":802}},"left":{"type":"MemberExpression","start":781,"end":789,"loc":{"start":{"line":27,"column":10,"index":781},"end":{"line":27,"column":18,"index":789}},"object":{"type":"Identifier","start":781,"end":782,"loc":{"start":{"line":27,"column":10,"index":781},"end":{"line":27,"column":11,"index":782},"identifierName":"a"},"name":"a"},"computed":true,"property":{"type":"BinaryExpression","start":783,"end":788,"loc":{"start":{"line":27,"column":12,"index":783},"end":{"line":27,"column":17,"index":788}},"left":{"type":"Identifier","start":783,"end":784,"loc":{"start":{"line":27,"column":12,"index":783},"end":{"line":27,"column":13,"index":784},"identifierName":"i"},"name":"i"},"operator":"-","right":{"type":"NumericLiteral","start":787,"end":788,"loc":{"start":{"line":27,"column":16,"index":787},"end":{"line":27,"column":17,"index":788}},"extra":{"rawValue":1,"raw":"1"},"value":1}}},"operator":"===","right":{"type":"MemberExpression","start":794,"end":802,"loc":{"start":{"line":27,"column":23,"index":794},"end":{"line":27,"column":31,"index":802}},"object":{"type":"Identifier","start":794,"end":795,"loc":{"start":{"line":27,"column":23,"index":794},"end":{"line":27,"column":24,"index":795},"identifierName":"b"},"name":"b"},"computed":true,"property":{"type":"BinaryExpression","start":796,"end":801,"loc":{"start":{"line":27,"column":25,"index":796},"end":{"line":27,"column":30,"index":801}},"left":{"type":"Identifier","start":796,"end":797,"loc":{"start":{"line":27,"column":25,"index":796},"end":{"line":27,"column":26,"index":797},"identifierName":"j"},"name":"j"},"operator":"-","right":{"type":"NumericLiteral","start":800,"end":801,"loc":{"start":{"line":27,"column":29,"index":800},"end":{"line":27,"column":30,"index":801}},"extra":{"rawValue":1,"raw":"1"},"value":1}}}},"consequent":{"type":"BlockStatement","start":804,"end":831,"loc":{"start":{"line":27,"column":33,"index":804},"end":{"line":29,"column":7,"index":831}},"body":[{"type":"ExpressionStatement","start":814,"end":823,"loc":{"start":{"line":28,"column":8,"index":814},"end":{"line":28,"column":17,"index":823}},"expression":{"type":"AssignmentExpression","start":814,"end":822,"loc":{"start":{"line":28,"column":8,"index":814},"end":{"line":28,"column":16,"index":822}},"operator":"=","left":{"type":"Identifier","start":814,"end":818,"loc":{"start":{"line":28,"column":8,"index":814},"end":{"line":28,"column":12,"index":818},"identifierName":"cost"},"name":"cost"},"right":{"type":"NumericLiteral","start":821,"end":822,"loc":{"start":{"line":28,"column":15,"index":821},"end":{"line":28,"column":16,"index":822}},"extra":{"rawValue":0,"raw":"0"},"value":0}}}],"directives":[]},"alternate":{"type":"BlockStatement","start":837,"end":864,"loc":{"start":{"line":29,"column":13,"index":837},"end":{"line":31,"column":7,"index":864}},"body":[{"type":"ExpressionStatement","start":847,"end":856,"loc":{"start":{"line":30,"column":8,"index":847},"end":{"line":30,"column":17,"index":856}},"expression":{"type":"AssignmentExpression","start":847,"end":855,"loc":{"start":{"line":30,"column":8,"index":847},"end":{"line":30,"column":16,"index":855}},"operator":"=","left":{"type":"Identifier","start":847,"end":851,"loc":{"start":{"line":30,"column":8,"index":847},"end":{"line":30,"column":12,"index":851},"identifierName":"cost"},"name":"cost"},"right":{"type":"NumericLiteral","start":854,"end":855,"loc":{"start":{"line":30,"column":15,"index":854},"end":{"line":30,"column":16,"index":855}},"extra":{"rawValue":1,"raw":"1"},"value":1}}}],"directives":[]}},{"type":"ExpressionStatement","start":871,"end":1021,"loc":{"start":{"line":32,"column":6,"index":871},"end":{"line":36,"column":8,"index":1021}},"expression":{"type":"AssignmentExpression","start":871,"end":1020,"loc":{"start":{"line":32,"column":6,"index":871},"end":{"line":36,"column":7,"index":1020}},"operator":"=","left":{"type":"MemberExpression","start":871,"end":878,"loc":{"start":{"line":32,"column":6,"index":871},"end":{"line":32,"column":13,"index":878}},"object":{"type":"MemberExpression","start":871,"end":875,"loc":{"start":{"line":32,"column":6,"index":871},"end":{"line":32,"column":10,"index":875}},"object":{"type":"Identifier","start":871,"end":872,"loc":{"start":{"line":32,"column":6,"index":871},"end":{"line":32,"column":7,"index":872},"identifierName":"d"},"name":"d"},"computed":true,"property":{"type":"Identifier","start":873,"end":874,"loc":{"start":{"line":32,"column":8,"index":873},"end":{"line":32,"column":9,"index":874},"identifierName":"i"},"name":"i"}},"computed":true,"property":{"type":"Identifier","start":876,"end":877,"loc":{"start":{"line":32,"column":11,"index":876},"end":{"line":32,"column":12,"index":877},"identifierName":"j"},"name":"j"}},"right":{"type":"CallExpression","start":881,"end":1020,"loc":{"start":{"line":32,"column":16,"index":881},"end":{"line":36,"column":7,"index":1020}},"callee":{"type":"MemberExpression","start":881,"end":889,"loc":{"start":{"line":32,"column":16,"index":881},"end":{"line":32,"column":24,"index":889}},"object":{"type":"Identifier","start":881,"end":885,"loc":{"start":{"line":32,"column":16,"index":881},"end":{"line":32,"column":20,"index":885},"identifierName":"Math"},"name":"Math"},"computed":false,"property":{"type":"Identifier","start":886,"end":889,"loc":{"start":{"line":32,"column":21,"index":886},"end":{"line":32,"column":24,"index":889},"identifierName":"min"},"name":"min"}},"arguments":[{"type":"BinaryExpression","start":899,"end":914,"loc":{"start":{"line":33,"column":8,"index":899},"end":{"line":33,"column":23,"index":914}},"left":{"type":"MemberExpression","start":899,"end":910,"loc":{"start":{"line":33,"column":8,"index":899},"end":{"line":33,"column":19,"index":910}},"object":{"type":"MemberExpression","start":899,"end":907,"loc":{"start":{"line":33,"column":8,"index":899},"end":{"line":33,"column":16,"index":907}},"object":{"type":"Identifier","start":899,"end":900,"loc":{"start":{"line":33,"column":8,"index":899},"end":{"line":33,"column":9,"index":900},"identifierName":"d"},"name":"d"},"computed":true,"property":{"type":"BinaryExpression","start":901,"end":906,"loc":{"start":{"line":33,"column":10,"index":901},"end":{"line":33,"column":15,"index":906}},"left":{"type":"Identifier","start":901,"end":902,"loc":{"start":{"line":33,"column":10,"index":901},"end":{"line":33,"column":11,"index":902},"identifierName":"i"},"name":"i"},"operator":"-","right":{"type":"NumericLiteral","start":905,"end":906,"loc":{"start":{"line":33,"column":14,"index":905},"end":{"line":33,"column":15,"index":906}},"extra":{"rawValue":1,"raw":"1"},"value":1}}},"computed":true,"property":{"type":"Identifier","start":908,"end":909,"loc":{"start":{"line":33,"column":17,"index":908},"end":{"line":33,"column":18,"index":909},"identifierName":"j"},"name":"j"}},"operator":"+","right":{"type":"NumericLiteral","start":913,"end":914,"loc":{"start":{"line":33,"column":22,"index":913},"end":{"line":33,"column":23,"index":914}},"extra":{"rawValue":1,"raw":"1"},"value":1}},{"type":"BinaryExpression","start":936,"end":951,"loc":{"start":{"line":34,"column":8,"index":936},"end":{"line":34,"column":23,"index":951}},"left":{"type":"MemberExpression","start":936,"end":947,"loc":{"start":{"line":34,"column":8,"index":936},"end":{"line":34,"column":19,"index":947}},"object":{"type":"MemberExpression","start":936,"end":940,"loc":{"start":{"line":34,"column":8,"index":936},"end":{"line":34,"column":12,"index":940}},"object":{"type":"Identifier","start":936,"end":937,"loc":{"start":{"line":34,"column":8,"index":936},"end":{"line":34,"column":9,"index":937},"identifierName":"d"},"name":"d"},"computed":true,"property":{"type":"Identifier","start":938,"end":939,"loc":{"start":{"line":34,"column":10,"index":938},"end":{"line":34,"column":11,"index":939},"identifierName":"i"},"name":"i"}},"computed":true,"property":{"type":"BinaryExpression","start":941,"end":946,"loc":{"start":{"line":34,"column":13,"index":941},"end":{"line":34,"column":18,"index":946}},"left":{"type":"Identifier","start":941,"end":942,"loc":{"start":{"line":34,"column":13,"index":941},"end":{"line":34,"column":14,"index":942},"identifierName":"j"},"name":"j"},"operator":"-","right":{"type":"NumericLiteral","start":945,"end":946,"loc":{"start":{"line":34,"column":17,"index":945},"end":{"line":34,"column":18,"index":946}},"extra":{"rawValue":1,"raw":"1"},"value":1}}},"operator":"+","right":{"type":"NumericLiteral","start":950,"end":951,"loc":{"start":{"line":34,"column":22,"index":950},"end":{"line":34,"column":23,"index":951}},"extra":{"rawValue":1,"raw":"1"},"value":1},"leadingComments":[{"type":"CommentLine","value":" deletion","start":916,"end":927,"loc":{"start":{"line":33,"column":25,"index":916},"end":{"line":33,"column":36,"index":927}}}]},{"type":"BinaryExpression","start":974,"end":996,"loc":{"start":{"line":35,"column":8,"index":974},"end":{"line":35,"column":30,"index":996}},"left":{"type":"MemberExpression","start":974,"end":989,"loc":{"start":{"line":35,"column":8,"index":974},"end":{"line":35,"column":23,"index":989}},"object":{"type":"MemberExpression","start":974,"end":982,"loc":{"start":{"line":35,"column":8,"index":974},"end":{"line":35,"column":16,"index":982}},"object":{"type":"Identifier","start":974,"end":975,"loc":{"start":{"line":35,"column":8,"index":974},"end":{"line":35,"column":9,"index":975},"identifierName":"d"},"name":"d"},"computed":true,"property":{"type":"BinaryExpression","start":976,"end":981,"loc":{"start":{"line":35,"column":10,"index":976},"end":{"line":35,"column":15,"index":981}},"left":{"type":"Identifier","start":976,"end":977,"loc":{"start":{"line":35,"column":10,"index":976},"end":{"line":35,"column":11,"index":977},"identifierName":"i"},"name":"i"},"operator":"-","right":{"type":"NumericLiteral","start":980,"end":981,"loc":{"start":{"line":35,"column":14,"index":980},"end":{"line":35,"column":15,"index":981}},"extra":{"rawValue":1,"raw":"1"},"value":1}}},"computed":true,"property":{"type":"BinaryExpression","start":983,"end":988,"loc":{"start":{"line":35,"column":17,"index":983},"end":{"line":35,"column":22,"index":988}},"left":{"type":"Identifier","start":983,"end":984,"loc":{"start":{"line":35,"column":17,"index":983},"end":{"line":35,"column":18,"index":984},"identifierName":"j"},"name":"j"},"operator":"-","right":{"type":"NumericLiteral","start":987,"end":988,"loc":{"start":{"line":35,"column":21,"index":987},"end":{"line":35,"column":22,"index":988}},"extra":{"rawValue":1,"raw":"1"},"value":1}}},"operator":"+","right":{"type":"Identifier","start":992,"end":996,"loc":{"start":{"line":35,"column":26,"index":992},"end":{"line":35,"column":30,"index":996},"identifierName":"cost"},"name":"cost"},"trailingComments":[{"type":"CommentLine","value":" substitution","start":997,"end":1012,"loc":{"start":{"line":35,"column":31,"index":997},"end":{"line":35,"column":46,"index":1012}}}],"leadingComments":[{"type":"CommentLine","value":" insertion","start":953,"end":965,"loc":{"start":{"line":34,"column":25,"index":953},"end":{"line":34,"column":37,"index":965}}}]}]}},"trailingComments":[{"type":"CommentLine","value":" transposition","start":1028,"end":1044,"loc":{"start":{"line":37,"column":6,"index":1028},"end":{"line":37,"column":22,"index":1044}}}]},{"type":"IfStatement","start":1051,"end":1188,"loc":{"start":{"line":38,"column":6,"index":1051},"end":{"line":40,"column":7,"index":1188}},"test":{"type":"LogicalExpression","start":1055,"end":1119,"loc":{"start":{"line":38,"column":10,"index":1055},"end":{"line":38,"column":74,"index":1119}},"left":{"type":"LogicalExpression","start":1055,"end":1094,"loc":{"start":{"line":38,"column":10,"index":1055},"end":{"line":38,"column":49,"index":1094}},"left":{"type":"LogicalExpression","start":1055,"end":1069,"loc":{"start":{"line":38,"column":10,"index":1055},"end":{"line":38,"column":24,"index":1069}},"left":{"type":"BinaryExpression","start":1055,"end":1060,"loc":{"start":{"line":38,"column":10,"index":1055},"end":{"line":38,"column":15,"index":1060}},"left":{"type":"Identifier","start":1055,"end":1056,"loc":{"start":{"line":38,"column":10,"index":1055},"end":{"line":38,"column":11,"index":1056},"identifierName":"i"},"name":"i"},"operator":">","right":{"type":"NumericLiteral","start":1059,"end":1060,"loc":{"start":{"line":38,"column":14,"index":1059},"end":{"line":38,"column":15,"index":1060}},"extra":{"rawValue":1,"raw":"1"},"value":1}},"operator":"&&","right":{"type":"BinaryExpression","start":1064,"end":1069,"loc":{"start":{"line":38,"column":19,"index":1064},"end":{"line":38,"column":24,"index":1069}},"left":{"type":"Identifier","start":1064,"end":1065,"loc":{"start":{"line":38,"column":19,"index":1064},"end":{"line":38,"column":20,"index":1065},"identifierName":"j"},"name":"j"},"operator":">","right":{"type":"NumericLiteral","start":1068,"end":1069,"loc":{"start":{"line":38,"column":23,"index":1068},"end":{"line":38,"column":24,"index":1069}},"extra":{"rawValue":1,"raw":"1"},"value":1}}},"operator":"&&","right":{"type":"BinaryExpression","start":1073,"end":1094,"loc":{"start":{"line":38,"column":28,"index":1073},"end":{"line":38,"column":49,"index":1094}},"left":{"type":"MemberExpression","start":1073,"end":1081,"loc":{"start":{"line":38,"column":28,"index":1073},"end":{"line":38,"column":36,"index":1081}},"object":{"type":"Identifier","start":1073,"end":1074,"loc":{"start":{"line":38,"column":28,"index":1073},"end":{"line":38,"column":29,"index":1074},"identifierName":"a"},"name":"a"},"computed":true,"property":{"type":"BinaryExpression","start":1075,"end":1080,"loc":{"start":{"line":38,"column":30,"index":1075},"end":{"line":38,"column":35,"index":1080}},"left":{"type":"Identifier","start":1075,"end":1076,"loc":{"start":{"line":38,"column":30,"index":1075},"end":{"line":38,"column":31,"index":1076},"identifierName":"i"},"name":"i"},"operator":"-","right":{"type":"NumericLiteral","start":1079,"end":1080,"loc":{"start":{"line":38,"column":34,"index":1079},"end":{"line":38,"column":35,"index":1080}},"extra":{"rawValue":1,"raw":"1"},"value":1}}},"operator":"===","right":{"type":"MemberExpression","start":1086,"end":1094,"loc":{"start":{"line":38,"column":41,"index":1086},"end":{"line":38,"column":49,"index":1094}},"object":{"type":"Identifier","start":1086,"end":1087,"loc":{"start":{"line":38,"column":41,"index":1086},"end":{"line":38,"column":42,"index":1087},"identifierName":"b"},"name":"b"},"computed":true,"property":{"type":"BinaryExpression","start":1088,"end":1093,"loc":{"start":{"line":38,"column":43,"index":1088},"end":{"line":38,"column":48,"index":1093}},"left":{"type":"Identifier","start":1088,"end":1089,"loc":{"start":{"line":38,"column":43,"index":1088},"end":{"line":38,"column":44,"index":1089},"identifierName":"j"},"name":"j"},"operator":"-","right":{"type":"NumericLiteral","start":1092,"end":1093,"loc":{"start":{"line":38,"column":47,"index":1092},"end":{"line":38,"column":48,"index":1093}},"extra":{"rawValue":2,"raw":"2"},"value":2}}}}},"operator":"&&","right":{"type":"BinaryExpression","start":1098,"end":1119,"loc":{"start":{"line":38,"column":53,"index":1098},"end":{"line":38,"column":74,"index":1119}},"left":{"type":"MemberExpression","start":1098,"end":1106,"loc":{"start":{"line":38,"column":53,"index":1098},"end":{"line":38,"column":61,"index":1106}},"object":{"type":"Identifier","start":1098,"end":1099,"loc":{"start":{"line":38,"column":53,"index":1098},"end":{"line":38,"column":54,"index":1099},"identifierName":"a"},"name":"a"},"computed":true,"property":{"type":"BinaryExpression","start":1100,"end":1105,"loc":{"start":{"line":38,"column":55,"index":1100},"end":{"line":38,"column":60,"index":1105}},"left":{"type":"Identifier","start":1100,"end":1101,"loc":{"start":{"line":38,"column":55,"index":1100},"end":{"line":38,"column":56,"index":1101},"identifierName":"i"},"name":"i"},"operator":"-","right":{"type":"NumericLiteral","start":1104,"end":1105,"loc":{"start":{"line":38,"column":59,"index":1104},"end":{"line":38,"column":60,"index":1105}},"extra":{"rawValue":2,"raw":"2"},"value":2}}},"operator":"===","right":{"type":"MemberExpression","start":1111,"end":1119,"loc":{"start":{"line":38,"column":66,"index":1111},"end":{"line":38,"column":74,"index":1119}},"object":{"type":"Identifier","start":1111,"end":1112,"loc":{"start":{"line":38,"column":66,"index":1111},"end":{"line":38,"column":67,"index":1112},"identifierName":"b"},"name":"b"},"computed":true,"property":{"type":"BinaryExpression","start":1113,"end":1118,"loc":{"start":{"line":38,"column":68,"index":1113},"end":{"line":38,"column":73,"index":1118}},"left":{"type":"Identifier","start":1113,"end":1114,"loc":{"start":{"line":38,"column":68,"index":1113},"end":{"line":38,"column":69,"index":1114},"identifierName":"j"},"name":"j"},"operator":"-","right":{"type":"NumericLiteral","start":1117,"end":1118,"loc":{"start":{"line":38,"column":72,"index":1117},"end":{"line":38,"column":73,"index":1118}},"extra":{"rawValue":1,"raw":"1"},"value":1}}}}},"consequent":{"type":"BlockStatement","start":1121,"end":1188,"loc":{"start":{"line":38,"column":76,"index":1121},"end":{"line":40,"column":7,"index":1188}},"body":[{"type":"ExpressionStatement","start":1131,"end":1180,"loc":{"start":{"line":39,"column":8,"index":1131},"end":{"line":39,"column":57,"index":1180}},"expression":{"type":"AssignmentExpression","start":1131,"end":1179,"loc":{"start":{"line":39,"column":8,"index":1131},"end":{"line":39,"column":56,"index":1179}},"operator":"=","left":{"type":"MemberExpression","start":1131,"end":1138,"loc":{"start":{"line":39,"column":8,"index":1131},"end":{"line":39,"column":15,"index":1138}},"object":{"type":"MemberExpression","start":1131,"end":1135,"loc":{"start":{"line":39,"column":8,"index":1131},"end":{"line":39,"column":12,"index":1135}},"object":{"type":"Identifier","start":1131,"end":1132,"loc":{"start":{"line":39,"column":8,"index":1131},"end":{"line":39,"column":9,"index":1132},"identifierName":"d"},"name":"d"},"computed":true,"property":{"type":"Identifier","start":1133,"end":1134,"loc":{"start":{"line":39,"column":10,"index":1133},"end":{"line":39,"column":11,"index":1134},"identifierName":"i"},"name":"i"}},"computed":true,"property":{"type":"Identifier","start":1136,"end":1137,"loc":{"start":{"line":39,"column":13,"index":1136},"end":{"line":39,"column":14,"index":1137},"identifierName":"j"},"name":"j"}},"right":{"type":"CallExpression","start":1141,"end":1179,"loc":{"start":{"line":39,"column":18,"index":1141},"end":{"line":39,"column":56,"index":1179}},"callee":{"type":"MemberExpression","start":1141,"end":1149,"loc":{"start":{"line":39,"column":18,"index":1141},"end":{"line":39,"column":26,"index":1149}},"object":{"type":"Identifier","start":1141,"end":1145,"loc":{"start":{"line":39,"column":18,"index":1141},"end":{"line":39,"column":22,"index":1145},"identifierName":"Math"},"name":"Math"},"computed":false,"property":{"type":"Identifier","start":1146,"end":1149,"loc":{"start":{"line":39,"column":23,"index":1146},"end":{"line":39,"column":26,"index":1149},"identifierName":"min"},"name":"min"}},"arguments":[{"type":"MemberExpression","start":1150,"end":1157,"loc":{"start":{"line":39,"column":27,"index":1150},"end":{"line":39,"column":34,"index":1157}},"object":{"type":"MemberExpression","start":1150,"end":1154,"loc":{"start":{"line":39,"column":27,"index":1150},"end":{"line":39,"column":31,"index":1154}},"object":{"type":"Identifier","start":1150,"end":1151,"loc":{"start":{"line":39,"column":27,"index":1150},"end":{"line":39,"column":28,"index":1151},"identifierName":"d"},"name":"d"},"computed":true,"property":{"type":"Identifier","start":1152,"end":1153,"loc":{"start":{"line":39,"column":29,"index":1152},"end":{"line":39,"column":30,"index":1153},"identifierName":"i"},"name":"i"}},"computed":true,"property":{"type":"Identifier","start":1155,"end":1156,"loc":{"start":{"line":39,"column":32,"index":1155},"end":{"line":39,"column":33,"index":1156},"identifierName":"j"},"name":"j"}},{"type":"BinaryExpression","start":1159,"end":1178,"loc":{"start":{"line":39,"column":36,"index":1159},"end":{"line":39,"column":55,"index":1178}},"left":{"type":"MemberExpression","start":1159,"end":1174,"loc":{"start":{"line":39,"column":36,"index":1159},"end":{"line":39,"column":51,"index":1174}},"object":{"type":"MemberExpression","start":1159,"end":1167,"loc":{"start":{"line":39,"column":36,"index":1159},"end":{"line":39,"column":44,"index":1167}},"object":{"type":"Identifier","start":1159,"end":1160,"loc":{"start":{"line":39,"column":36,"index":1159},"end":{"line":39,"column":37,"index":1160},"identifierName":"d"},"name":"d"},"computed":true,"property":{"type":"BinaryExpression","start":1161,"end":1166,"loc":{"start":{"line":39,"column":38,"index":1161},"end":{"line":39,"column":43,"index":1166}},"left":{"type":"Identifier","start":1161,"end":1162,"loc":{"start":{"line":39,"column":38,"index":1161},"end":{"line":39,"column":39,"index":1162},"identifierName":"i"},"name":"i"},"operator":"-","right":{"type":"NumericLiteral","start":1165,"end":1166,"loc":{"start":{"line":39,"column":42,"index":1165},"end":{"line":39,"column":43,"index":1166}},"extra":{"rawValue":2,"raw":"2"},"value":2}}},"computed":true,"property":{"type":"BinaryExpression","start":1168,"end":1173,"loc":{"start":{"line":39,"column":45,"index":1168},"end":{"line":39,"column":50,"index":1173}},"left":{"type":"Identifier","start":1168,"end":1169,"loc":{"start":{"line":39,"column":45,"index":1168},"end":{"line":39,"column":46,"index":1169},"identifierName":"j"},"name":"j"},"operator":"-","right":{"type":"NumericLiteral","start":1172,"end":1173,"loc":{"start":{"line":39,"column":49,"index":1172},"end":{"line":39,"column":50,"index":1173}},"extra":{"rawValue":2,"raw":"2"},"value":2}}},"operator":"+","right":{"type":"NumericLiteral","start":1177,"end":1178,"loc":{"start":{"line":39,"column":54,"index":1177},"end":{"line":39,"column":55,"index":1178}},"extra":{"rawValue":1,"raw":"1"},"value":1}}]}}}],"directives":[]},"alternate":null,"leadingComments":[{"type":"CommentLine","value":" transposition","start":1028,"end":1044,"loc":{"start":{"line":37,"column":6,"index":1028},"end":{"line":37,"column":22,"index":1044}}}]}],"directives":[]}}],"directives":[]},"leadingComments":[{"type":"CommentLine","value":" fill matrix","start":654,"end":668,"loc":{"start":{"line":23,"column":2,"index":654},"end":{"line":23,"column":16,"index":668}}}]},{"type":"ReturnStatement","start":1202,"end":1231,"loc":{"start":{"line":44,"column":2,"index":1202},"end":{"line":44,"column":31,"index":1231}},"argument":{"type":"MemberExpression","start":1209,"end":1230,"loc":{"start":{"line":44,"column":9,"index":1209},"end":{"line":44,"column":30,"index":1230}},"object":{"type":"MemberExpression","start":1209,"end":1220,"loc":{"start":{"line":44,"column":9,"index":1209},"end":{"line":44,"column":20,"index":1220}},"object":{"type":"Identifier","start":1209,"end":1210,"loc":{"start":{"line":44,"column":9,"index":1209},"end":{"line":44,"column":10,"index":1210},"identifierName":"d"},"name":"d"},"computed":true,"property":{"type":"MemberExpression","start":1211,"end":1219,"loc":{"start":{"line":44,"column":11,"index":1211},"end":{"line":44,"column":19,"index":1219}},"object":{"type":"Identifier","start":1211,"end":1212,"loc":{"start":{"line":44,"column":11,"index":1211},"end":{"line":44,"column":12,"index":1212},"identifierName":"a"},"name":"a"},"computed":false,"property":{"type":"Identifier","start":1213,"end":1219,"loc":{"start":{"line":44,"column":13,"index":1213},"end":{"line":44,"column":19,"index":1219},"identifierName":"length"},"name":"length"}}},"computed":true,"property":{"type":"MemberExpression","start":1221,"end":1229,"loc":{"start":{"line":44,"column":21,"index":1221},"end":{"line":44,"column":29,"index":1229}},"object":{"type":"Identifier","start":1221,"end":1222,"loc":{"start":{"line":44,"column":21,"index":1221},"end":{"line":44,"column":22,"index":1222},"identifierName":"b"},"name":"b"},"computed":false,"property":{"type":"Identifier","start":1223,"end":1229,"loc":{"start":{"line":44,"column":23,"index":1223},"end":{"line":44,"column":29,"index":1229},"identifierName":"length"},"name":"length"}}}}],"directives":[]},"trailingComments":[{"type":"CommentBlock","value":"*\n * Find close matches, restricted to same number of edits.\n *\n * @param {string} word\n * @param {string[]} candidates\n * @returns {string}\n ","start":1235,"end":1381,"loc":{"start":{"line":47,"column":0,"index":1235},"end":{"line":53,"column":3,"index":1381}}}]},{"type":"FunctionDeclaration","start":1383,"end":2720,"loc":{"start":{"line":55,"column":0,"index":1383},"end":{"line":98,"column":1,"index":2720}},"id":{"type":"Identifier","start":1392,"end":1406,"loc":{"start":{"line":55,"column":9,"index":1392},"end":{"line":55,"column":23,"index":1406},"identifierName":"suggestSimilar"},"name":"suggestSimilar"},"generator":false,"async":false,"params":[{"type":"Identifier","start":1407,"end":1411,"loc":{"start":{"line":55,"column":24,"index":1407},"end":{"line":55,"column":28,"index":1411},"identifierName":"word"},"name":"word"},{"type":"Identifier","start":1413,"end":1423,"loc":{"start":{"line":55,"column":30,"index":1413},"end":{"line":55,"column":40,"index":1423},"identifierName":"candidates"},"name":"candidates"}],"body":{"type":"BlockStatement","start":1425,"end":2720,"loc":{"start":{"line":55,"column":42,"index":1425},"end":{"line":98,"column":1,"index":2720}},"body":[{"type":"IfStatement","start":1429,"end":1483,"loc":{"start":{"line":56,"column":2,"index":1429},"end":{"line":56,"column":56,"index":1483}},"test":{"type":"LogicalExpression","start":1433,"end":1471,"loc":{"start":{"line":56,"column":6,"index":1433},"end":{"line":56,"column":44,"index":1471}},"left":{"type":"UnaryExpression","start":1433,"end":1444,"loc":{"start":{"line":56,"column":6,"index":1433},"end":{"line":56,"column":17,"index":1444}},"operator":"!","prefix":true,"argument":{"type":"Identifier","start":1434,"end":1444,"loc":{"start":{"line":56,"column":7,"index":1434},"end":{"line":56,"column":17,"index":1444},"identifierName":"candidates"},"name":"candidates"}},"operator":"||","right":{"type":"BinaryExpression","start":1448,"end":1471,"loc":{"start":{"line":56,"column":21,"index":1448},"end":{"line":56,"column":44,"index":1471}},"left":{"type":"MemberExpression","start":1448,"end":1465,"loc":{"start":{"line":56,"column":21,"index":1448},"end":{"line":56,"column":38,"index":1465}},"object":{"type":"Identifier","start":1448,"end":1458,"loc":{"start":{"line":56,"column":21,"index":1448},"end":{"line":56,"column":31,"index":1458},"identifierName":"candidates"},"name":"candidates"},"computed":false,"property":{"type":"Identifier","start":1459,"end":1465,"loc":{"start":{"line":56,"column":32,"index":1459},"end":{"line":56,"column":38,"index":1465},"identifierName":"length"},"name":"length"}},"operator":"===","right":{"type":"NumericLiteral","start":1470,"end":1471,"loc":{"start":{"line":56,"column":43,"index":1470},"end":{"line":56,"column":44,"index":1471}},"extra":{"rawValue":0,"raw":"0"},"value":0}}},"consequent":{"type":"ReturnStatement","start":1473,"end":1483,"loc":{"start":{"line":56,"column":46,"index":1473},"end":{"line":56,"column":56,"index":1483}},"argument":{"type":"StringLiteral","start":1480,"end":1482,"loc":{"start":{"line":56,"column":53,"index":1480},"end":{"line":56,"column":55,"index":1482}},"extra":{"rawValue":"","raw":"''"},"value":""}},"alternate":null,"trailingComments":[{"type":"CommentLine","value":" remove possible duplicates","start":1486,"end":1515,"loc":{"start":{"line":57,"column":2,"index":1486},"end":{"line":57,"column":31,"index":1515}}}]},{"type":"ExpressionStatement","start":1518,"end":1563,"loc":{"start":{"line":58,"column":2,"index":1518},"end":{"line":58,"column":47,"index":1563}},"expression":{"type":"AssignmentExpression","start":1518,"end":1562,"loc":{"start":{"line":58,"column":2,"index":1518},"end":{"line":58,"column":46,"index":1562}},"operator":"=","left":{"type":"Identifier","start":1518,"end":1528,"loc":{"start":{"line":58,"column":2,"index":1518},"end":{"line":58,"column":12,"index":1528},"identifierName":"candidates"},"name":"candidates"},"right":{"type":"CallExpression","start":1531,"end":1562,"loc":{"start":{"line":58,"column":15,"index":1531},"end":{"line":58,"column":46,"index":1562}},"callee":{"type":"MemberExpression","start":1531,"end":1541,"loc":{"start":{"line":58,"column":15,"index":1531},"end":{"line":58,"column":25,"index":1541}},"object":{"type":"Identifier","start":1531,"end":1536,"loc":{"start":{"line":58,"column":15,"index":1531},"end":{"line":58,"column":20,"index":1536},"identifierName":"Array"},"name":"Array"},"computed":false,"property":{"type":"Identifier","start":1537,"end":1541,"loc":{"start":{"line":58,"column":21,"index":1537},"end":{"line":58,"column":25,"index":1541},"identifierName":"from"},"name":"from"}},"arguments":[{"type":"NewExpression","start":1542,"end":1561,"loc":{"start":{"line":58,"column":26,"index":1542},"end":{"line":58,"column":45,"index":1561}},"callee":{"type":"Identifier","start":1546,"end":1549,"loc":{"start":{"line":58,"column":30,"index":1546},"end":{"line":58,"column":33,"index":1549},"identifierName":"Set"},"name":"Set"},"arguments":[{"type":"Identifier","start":1550,"end":1560,"loc":{"start":{"line":58,"column":34,"index":1550},"end":{"line":58,"column":44,"index":1560},"identifierName":"candidates"},"name":"candidates"}]}]}},"leadingComments":[{"type":"CommentLine","value":" remove possible duplicates","start":1486,"end":1515,"loc":{"start":{"line":57,"column":2,"index":1486},"end":{"line":57,"column":31,"index":1515}}}]},{"type":"VariableDeclaration","start":1567,"end":1614,"loc":{"start":{"line":60,"column":2,"index":1567},"end":{"line":60,"column":49,"index":1614}},"declarations":[{"type":"VariableDeclarator","start":1573,"end":1613,"loc":{"start":{"line":60,"column":8,"index":1573},"end":{"line":60,"column":48,"index":1613}},"id":{"type":"Identifier","start":1573,"end":1589,"loc":{"start":{"line":60,"column":8,"index":1573},"end":{"line":60,"column":24,"index":1589},"identifierName":"searchingOptions"},"name":"searchingOptions"},"init":{"type":"CallExpression","start":1592,"end":1613,"loc":{"start":{"line":60,"column":27,"index":1592},"end":{"line":60,"column":48,"index":1613}},"callee":{"type":"MemberExpression","start":1592,"end":1607,"loc":{"start":{"line":60,"column":27,"index":1592},"end":{"line":60,"column":42,"index":1607}},"object":{"type":"Identifier","start":1592,"end":1596,"loc":{"start":{"line":60,"column":27,"index":1592},"end":{"line":60,"column":31,"index":1596},"identifierName":"word"},"name":"word"},"computed":false,"property":{"type":"Identifier","start":1597,"end":1607,"loc":{"start":{"line":60,"column":32,"index":1597},"end":{"line":60,"column":42,"index":1607},"identifierName":"startsWith"},"name":"startsWith"}},"arguments":[{"type":"StringLiteral","start":1608,"end":1612,"loc":{"start":{"line":60,"column":43,"index":1608},"end":{"line":60,"column":47,"index":1612}},"extra":{"rawValue":"--","raw":"'--'"},"value":"--"}]}}],"kind":"const"},{"type":"IfStatement","start":1617,"end":1736,"loc":{"start":{"line":61,"column":2,"index":1617},"end":{"line":64,"column":3,"index":1736}},"test":{"type":"Identifier","start":1621,"end":1637,"loc":{"start":{"line":61,"column":6,"index":1621},"end":{"line":61,"column":22,"index":1637},"identifierName":"searchingOptions"},"name":"searchingOptions"},"consequent":{"type":"BlockStatement","start":1639,"end":1736,"loc":{"start":{"line":61,"column":24,"index":1639},"end":{"line":64,"column":3,"index":1736}},"body":[{"type":"ExpressionStatement","start":1645,"end":1666,"loc":{"start":{"line":62,"column":4,"index":1645},"end":{"line":62,"column":25,"index":1666}},"expression":{"type":"AssignmentExpression","start":1645,"end":1665,"loc":{"start":{"line":62,"column":4,"index":1645},"end":{"line":62,"column":24,"index":1665}},"operator":"=","left":{"type":"Identifier","start":1645,"end":1649,"loc":{"start":{"line":62,"column":4,"index":1645},"end":{"line":62,"column":8,"index":1649},"identifierName":"word"},"name":"word"},"right":{"type":"CallExpression","start":1652,"end":1665,"loc":{"start":{"line":62,"column":11,"index":1652},"end":{"line":62,"column":24,"index":1665}},"callee":{"type":"MemberExpression","start":1652,"end":1662,"loc":{"start":{"line":62,"column":11,"index":1652},"end":{"line":62,"column":21,"index":1662}},"object":{"type":"Identifier","start":1652,"end":1656,"loc":{"start":{"line":62,"column":11,"index":1652},"end":{"line":62,"column":15,"index":1656},"identifierName":"word"},"name":"word"},"computed":false,"property":{"type":"Identifier","start":1657,"end":1662,"loc":{"start":{"line":62,"column":16,"index":1657},"end":{"line":62,"column":21,"index":1662},"identifierName":"slice"},"name":"slice"}},"arguments":[{"type":"NumericLiteral","start":1663,"end":1664,"loc":{"start":{"line":62,"column":22,"index":1663},"end":{"line":62,"column":23,"index":1664}},"extra":{"rawValue":2,"raw":"2"},"value":2}]}}},{"type":"ExpressionStatement","start":1671,"end":1732,"loc":{"start":{"line":63,"column":4,"index":1671},"end":{"line":63,"column":65,"index":1732}},"expression":{"type":"AssignmentExpression","start":1671,"end":1731,"loc":{"start":{"line":63,"column":4,"index":1671},"end":{"line":63,"column":64,"index":1731}},"operator":"=","left":{"type":"Identifier","start":1671,"end":1681,"loc":{"start":{"line":63,"column":4,"index":1671},"end":{"line":63,"column":14,"index":1681},"identifierName":"candidates"},"name":"candidates"},"right":{"type":"CallExpression","start":1684,"end":1731,"loc":{"start":{"line":63,"column":17,"index":1684},"end":{"line":63,"column":64,"index":1731}},"callee":{"type":"MemberExpression","start":1684,"end":1698,"loc":{"start":{"line":63,"column":17,"index":1684},"end":{"line":63,"column":31,"index":1698}},"object":{"type":"Identifier","start":1684,"end":1694,"loc":{"start":{"line":63,"column":17,"index":1684},"end":{"line":63,"column":27,"index":1694},"identifierName":"candidates"},"name":"candidates"},"computed":false,"property":{"type":"Identifier","start":1695,"end":1698,"loc":{"start":{"line":63,"column":28,"index":1695},"end":{"line":63,"column":31,"index":1698},"identifierName":"map"},"name":"map"}},"arguments":[{"type":"ArrowFunctionExpression","start":1699,"end":1730,"loc":{"start":{"line":63,"column":32,"index":1699},"end":{"line":63,"column":63,"index":1730}},"id":null,"generator":false,"async":false,"params":[{"type":"Identifier","start":1699,"end":1708,"loc":{"start":{"line":63,"column":32,"index":1699},"end":{"line":63,"column":41,"index":1708},"identifierName":"candidate"},"name":"candidate"}],"body":{"type":"CallExpression","start":1712,"end":1730,"loc":{"start":{"line":63,"column":45,"index":1712},"end":{"line":63,"column":63,"index":1730}},"callee":{"type":"MemberExpression","start":1712,"end":1727,"loc":{"start":{"line":63,"column":45,"index":1712},"end":{"line":63,"column":60,"index":1727}},"object":{"type":"Identifier","start":1712,"end":1721,"loc":{"start":{"line":63,"column":45,"index":1712},"end":{"line":63,"column":54,"index":1721},"identifierName":"candidate"},"name":"candidate"},"computed":false,"property":{"type":"Identifier","start":1722,"end":1727,"loc":{"start":{"line":63,"column":55,"index":1722},"end":{"line":63,"column":60,"index":1727},"identifierName":"slice"},"name":"slice"}},"arguments":[{"type":"NumericLiteral","start":1728,"end":1729,"loc":{"start":{"line":63,"column":61,"index":1728},"end":{"line":63,"column":62,"index":1729}},"extra":{"rawValue":2,"raw":"2"},"value":2}]}}]}}}],"directives":[]},"alternate":null},{"type":"VariableDeclaration","start":1740,"end":1757,"loc":{"start":{"line":66,"column":2,"index":1740},"end":{"line":66,"column":19,"index":1757}},"declarations":[{"type":"VariableDeclarator","start":1744,"end":1756,"loc":{"start":{"line":66,"column":6,"index":1744},"end":{"line":66,"column":18,"index":1756}},"id":{"type":"Identifier","start":1744,"end":1751,"loc":{"start":{"line":66,"column":6,"index":1744},"end":{"line":66,"column":13,"index":1751},"identifierName":"similar"},"name":"similar"},"init":{"type":"ArrayExpression","start":1754,"end":1756,"loc":{"start":{"line":66,"column":16,"index":1754},"end":{"line":66,"column":18,"index":1756}},"elements":[]}}],"kind":"let"},{"type":"VariableDeclaration","start":1760,"end":1791,"loc":{"start":{"line":67,"column":2,"index":1760},"end":{"line":67,"column":33,"index":1791}},"declarations":[{"type":"VariableDeclarator","start":1764,"end":1790,"loc":{"start":{"line":67,"column":6,"index":1764},"end":{"line":67,"column":32,"index":1790}},"id":{"type":"Identifier","start":1764,"end":1776,"loc":{"start":{"line":67,"column":6,"index":1764},"end":{"line":67,"column":18,"index":1776},"identifierName":"bestDistance"},"name":"bestDistance"},"init":{"type":"Identifier","start":1779,"end":1790,"loc":{"start":{"line":67,"column":21,"index":1779},"end":{"line":67,"column":32,"index":1790},"identifierName":"maxDistance"},"name":"maxDistance"}}],"kind":"let"},{"type":"VariableDeclaration","start":1794,"end":1820,"loc":{"start":{"line":68,"column":2,"index":1794},"end":{"line":68,"column":28,"index":1820}},"declarations":[{"type":"VariableDeclarator","start":1800,"end":1819,"loc":{"start":{"line":68,"column":8,"index":1800},"end":{"line":68,"column":27,"index":1819}},"id":{"type":"Identifier","start":1800,"end":1813,"loc":{"start":{"line":68,"column":8,"index":1800},"end":{"line":68,"column":21,"index":1813},"identifierName":"minSimilarity"},"name":"minSimilarity"},"init":{"type":"NumericLiteral","start":1816,"end":1819,"loc":{"start":{"line":68,"column":24,"index":1816},"end":{"line":68,"column":27,"index":1819}},"extra":{"rawValue":0.4,"raw":"0.4"},"value":0.4}}],"kind":"const"},{"type":"ExpressionStatement","start":1823,"end":2396,"loc":{"start":{"line":69,"column":2,"index":1823},"end":{"line":84,"column":5,"index":2396}},"expression":{"type":"CallExpression","start":1823,"end":2395,"loc":{"start":{"line":69,"column":2,"index":1823},"end":{"line":84,"column":4,"index":2395}},"callee":{"type":"MemberExpression","start":1823,"end":1841,"loc":{"start":{"line":69,"column":2,"index":1823},"end":{"line":69,"column":20,"index":1841}},"object":{"type":"Identifier","start":1823,"end":1833,"loc":{"start":{"line":69,"column":2,"index":1823},"end":{"line":69,"column":12,"index":1833},"identifierName":"candidates"},"name":"candidates"},"computed":false,"property":{"type":"Identifier","start":1834,"end":1841,"loc":{"start":{"line":69,"column":13,"index":1834},"end":{"line":69,"column":20,"index":1841},"identifierName":"forEach"},"name":"forEach"}},"arguments":[{"type":"ArrowFunctionExpression","start":1842,"end":2394,"loc":{"start":{"line":69,"column":21,"index":1842},"end":{"line":84,"column":3,"index":2394}},"id":null,"generator":false,"async":false,"params":[{"type":"Identifier","start":1843,"end":1852,"loc":{"start":{"line":69,"column":22,"index":1843},"end":{"line":69,"column":31,"index":1852},"identifierName":"candidate"},"name":"candidate"}],"body":{"type":"BlockStatement","start":1857,"end":2394,"loc":{"start":{"line":69,"column":36,"index":1857},"end":{"line":84,"column":3,"index":2394}},"body":[{"type":"IfStatement","start":1863,"end":1897,"loc":{"start":{"line":70,"column":4,"index":1863},"end":{"line":70,"column":38,"index":1897}},"test":{"type":"BinaryExpression","start":1867,"end":1888,"loc":{"start":{"line":70,"column":8,"index":1867},"end":{"line":70,"column":29,"index":1888}},"left":{"type":"MemberExpression","start":1867,"end":1883,"loc":{"start":{"line":70,"column":8,"index":1867},"end":{"line":70,"column":24,"index":1883}},"object":{"type":"Identifier","start":1867,"end":1876,"loc":{"start":{"line":70,"column":8,"index":1867},"end":{"line":70,"column":17,"index":1876},"identifierName":"candidate"},"name":"candidate"},"computed":false,"property":{"type":"Identifier","start":1877,"end":1883,"loc":{"start":{"line":70,"column":18,"index":1877},"end":{"line":70,"column":24,"index":1883},"identifierName":"length"},"name":"length"}},"operator":"<=","right":{"type":"NumericLiteral","start":1887,"end":1888,"loc":{"start":{"line":70,"column":28,"index":1887},"end":{"line":70,"column":29,"index":1888}},"extra":{"rawValue":1,"raw":"1"},"value":1}},"consequent":{"type":"ReturnStatement","start":1890,"end":1897,"loc":{"start":{"line":70,"column":31,"index":1890},"end":{"line":70,"column":38,"index":1897}},"argument":null},"alternate":null,"trailingComments":[{"type":"CommentLine","value":" no one character guesses","start":1898,"end":1925,"loc":{"start":{"line":70,"column":39,"index":1898},"end":{"line":70,"column":66,"index":1925}}}]},{"type":"VariableDeclaration","start":1931,"end":1978,"loc":{"start":{"line":72,"column":4,"index":1931},"end":{"line":72,"column":51,"index":1978}},"declarations":[{"type":"VariableDeclarator","start":1937,"end":1977,"loc":{"start":{"line":72,"column":10,"index":1937},"end":{"line":72,"column":50,"index":1977}},"id":{"type":"Identifier","start":1937,"end":1945,"loc":{"start":{"line":72,"column":10,"index":1937},"end":{"line":72,"column":18,"index":1945},"identifierName":"distance"},"name":"distance"},"init":{"type":"CallExpression","start":1948,"end":1977,"loc":{"start":{"line":72,"column":21,"index":1948},"end":{"line":72,"column":50,"index":1977}},"callee":{"type":"Identifier","start":1948,"end":1960,"loc":{"start":{"line":72,"column":21,"index":1948},"end":{"line":72,"column":33,"index":1960},"identifierName":"editDistance"},"name":"editDistance"},"arguments":[{"type":"Identifier","start":1961,"end":1965,"loc":{"start":{"line":72,"column":34,"index":1961},"end":{"line":72,"column":38,"index":1965},"identifierName":"word"},"name":"word"},{"type":"Identifier","start":1967,"end":1976,"loc":{"start":{"line":72,"column":40,"index":1967},"end":{"line":72,"column":49,"index":1976},"identifierName":"candidate"},"name":"candidate"}]}}],"kind":"const","leadingComments":[{"type":"CommentLine","value":" no one character guesses","start":1898,"end":1925,"loc":{"start":{"line":70,"column":39,"index":1898},"end":{"line":70,"column":66,"index":1925}}}]},{"type":"VariableDeclaration","start":1983,"end":2038,"loc":{"start":{"line":73,"column":4,"index":1983},"end":{"line":73,"column":59,"index":2038}},"declarations":[{"type":"VariableDeclarator","start":1989,"end":2037,"loc":{"start":{"line":73,"column":10,"index":1989},"end":{"line":73,"column":58,"index":2037}},"id":{"type":"Identifier","start":1989,"end":1995,"loc":{"start":{"line":73,"column":10,"index":1989},"end":{"line":73,"column":16,"index":1995},"identifierName":"length"},"name":"length"},"init":{"type":"CallExpression","start":1998,"end":2037,"loc":{"start":{"line":73,"column":19,"index":1998},"end":{"line":73,"column":58,"index":2037}},"callee":{"type":"MemberExpression","start":1998,"end":2006,"loc":{"start":{"line":73,"column":19,"index":1998},"end":{"line":73,"column":27,"index":2006}},"object":{"type":"Identifier","start":1998,"end":2002,"loc":{"start":{"line":73,"column":19,"index":1998},"end":{"line":73,"column":23,"index":2002},"identifierName":"Math"},"name":"Math"},"computed":false,"property":{"type":"Identifier","start":2003,"end":2006,"loc":{"start":{"line":73,"column":24,"index":2003},"end":{"line":73,"column":27,"index":2006},"identifierName":"max"},"name":"max"}},"arguments":[{"type":"MemberExpression","start":2007,"end":2018,"loc":{"start":{"line":73,"column":28,"index":2007},"end":{"line":73,"column":39,"index":2018}},"object":{"type":"Identifier","start":2007,"end":2011,"loc":{"start":{"line":73,"column":28,"index":2007},"end":{"line":73,"column":32,"index":2011},"identifierName":"word"},"name":"word"},"computed":false,"property":{"type":"Identifier","start":2012,"end":2018,"loc":{"start":{"line":73,"column":33,"index":2012},"end":{"line":73,"column":39,"index":2018},"identifierName":"length"},"name":"length"}},{"type":"MemberExpression","start":2020,"end":2036,"loc":{"start":{"line":73,"column":41,"index":2020},"end":{"line":73,"column":57,"index":2036}},"object":{"type":"Identifier","start":2020,"end":2029,"loc":{"start":{"line":73,"column":41,"index":2020},"end":{"line":73,"column":50,"index":2029},"identifierName":"candidate"},"name":"candidate"},"computed":false,"property":{"type":"Identifier","start":2030,"end":2036,"loc":{"start":{"line":73,"column":51,"index":2030},"end":{"line":73,"column":57,"index":2036},"identifierName":"length"},"name":"length"}}]}}],"kind":"const"},{"type":"VariableDeclaration","start":2043,"end":2091,"loc":{"start":{"line":74,"column":4,"index":2043},"end":{"line":74,"column":52,"index":2091}},"declarations":[{"type":"VariableDeclarator","start":2049,"end":2090,"loc":{"start":{"line":74,"column":10,"index":2049},"end":{"line":74,"column":51,"index":2090}},"id":{"type":"Identifier","start":2049,"end":2059,"loc":{"start":{"line":74,"column":10,"index":2049},"end":{"line":74,"column":20,"index":2059},"identifierName":"similarity"},"name":"similarity"},"init":{"type":"BinaryExpression","start":2062,"end":2090,"loc":{"start":{"line":74,"column":23,"index":2062},"end":{"line":74,"column":51,"index":2090}},"left":{"type":"BinaryExpression","start":2063,"end":2080,"loc":{"start":{"line":74,"column":24,"index":2063},"end":{"line":74,"column":41,"index":2080}},"left":{"type":"Identifier","start":2063,"end":2069,"loc":{"start":{"line":74,"column":24,"index":2063},"end":{"line":74,"column":30,"index":2069},"identifierName":"length"},"name":"length"},"operator":"-","right":{"type":"Identifier","start":2072,"end":2080,"loc":{"start":{"line":74,"column":33,"index":2072},"end":{"line":74,"column":41,"index":2080},"identifierName":"distance"},"name":"distance"},"extra":{"parenthesized":true,"parenStart":2062}},"operator":"/","right":{"type":"Identifier","start":2084,"end":2090,"loc":{"start":{"line":74,"column":45,"index":2084},"end":{"line":74,"column":51,"index":2090},"identifierName":"length"},"name":"length"}}}],"kind":"const"},{"type":"IfStatement","start":2096,"end":2390,"loc":{"start":{"line":75,"column":4,"index":2096},"end":{"line":83,"column":5,"index":2390}},"test":{"type":"BinaryExpression","start":2100,"end":2126,"loc":{"start":{"line":75,"column":8,"index":2100},"end":{"line":75,"column":34,"index":2126}},"left":{"type":"Identifier","start":2100,"end":2110,"loc":{"start":{"line":75,"column":8,"index":2100},"end":{"line":75,"column":18,"index":2110},"identifierName":"similarity"},"name":"similarity"},"operator":">","right":{"type":"Identifier","start":2113,"end":2126,"loc":{"start":{"line":75,"column":21,"index":2113},"end":{"line":75,"column":34,"index":2126},"identifierName":"minSimilarity"},"name":"minSimilarity"}},"consequent":{"type":"BlockStatement","start":2128,"end":2390,"loc":{"start":{"line":75,"column":36,"index":2128},"end":{"line":83,"column":5,"index":2390}},"body":[{"type":"IfStatement","start":2136,"end":2384,"loc":{"start":{"line":76,"column":6,"index":2136},"end":{"line":82,"column":7,"index":2384}},"test":{"type":"BinaryExpression","start":2140,"end":2163,"loc":{"start":{"line":76,"column":10,"index":2140},"end":{"line":76,"column":33,"index":2163}},"left":{"type":"Identifier","start":2140,"end":2148,"loc":{"start":{"line":76,"column":10,"index":2140},"end":{"line":76,"column":18,"index":2148},"identifierName":"distance"},"name":"distance"},"operator":"<","right":{"type":"Identifier","start":2151,"end":2163,"loc":{"start":{"line":76,"column":21,"index":2151},"end":{"line":76,"column":33,"index":2163},"identifierName":"bestDistance"},"name":"bestDistance"}},"consequent":{"type":"BlockStatement","start":2165,"end":2305,"loc":{"start":{"line":76,"column":35,"index":2165},"end":{"line":80,"column":7,"index":2305}},"body":[{"type":"ExpressionStatement","start":2242,"end":2266,"loc":{"start":{"line":78,"column":8,"index":2242},"end":{"line":78,"column":32,"index":2266}},"expression":{"type":"AssignmentExpression","start":2242,"end":2265,"loc":{"start":{"line":78,"column":8,"index":2242},"end":{"line":78,"column":31,"index":2265}},"operator":"=","left":{"type":"Identifier","start":2242,"end":2254,"loc":{"start":{"line":78,"column":8,"index":2242},"end":{"line":78,"column":20,"index":2254},"identifierName":"bestDistance"},"name":"bestDistance"},"right":{"type":"Identifier","start":2257,"end":2265,"loc":{"start":{"line":78,"column":23,"index":2257},"end":{"line":78,"column":31,"index":2265},"identifierName":"distance"},"name":"distance"}},"leadingComments":[{"type":"CommentLine","value":" better edit distance, throw away previous worse matches","start":2175,"end":2233,"loc":{"start":{"line":77,"column":8,"index":2175},"end":{"line":77,"column":66,"index":2233}}}]},{"type":"ExpressionStatement","start":2275,"end":2297,"loc":{"start":{"line":79,"column":8,"index":2275},"end":{"line":79,"column":30,"index":2297}},"expression":{"type":"AssignmentExpression","start":2275,"end":2296,"loc":{"start":{"line":79,"column":8,"index":2275},"end":{"line":79,"column":29,"index":2296}},"operator":"=","left":{"type":"Identifier","start":2275,"end":2282,"loc":{"start":{"line":79,"column":8,"index":2275},"end":{"line":79,"column":15,"index":2282},"identifierName":"similar"},"name":"similar"},"right":{"type":"ArrayExpression","start":2285,"end":2296,"loc":{"start":{"line":79,"column":18,"index":2285},"end":{"line":79,"column":29,"index":2296}},"elements":[{"type":"Identifier","start":2286,"end":2295,"loc":{"start":{"line":79,"column":19,"index":2286},"end":{"line":79,"column":28,"index":2295},"identifierName":"candidate"},"name":"candidate"}]}}}],"directives":[]},"alternate":{"type":"IfStatement","start":2311,"end":2384,"loc":{"start":{"line":80,"column":13,"index":2311},"end":{"line":82,"column":7,"index":2384}},"test":{"type":"BinaryExpression","start":2315,"end":2340,"loc":{"start":{"line":80,"column":17,"index":2315},"end":{"line":80,"column":42,"index":2340}},"left":{"type":"Identifier","start":2315,"end":2323,"loc":{"start":{"line":80,"column":17,"index":2315},"end":{"line":80,"column":25,"index":2323},"identifierName":"distance"},"name":"distance"},"operator":"===","right":{"type":"Identifier","start":2328,"end":2340,"loc":{"start":{"line":80,"column":30,"index":2328},"end":{"line":80,"column":42,"index":2340},"identifierName":"bestDistance"},"name":"bestDistance"}},"consequent":{"type":"BlockStatement","start":2342,"end":2384,"loc":{"start":{"line":80,"column":44,"index":2342},"end":{"line":82,"column":7,"index":2384}},"body":[{"type":"ExpressionStatement","start":2352,"end":2376,"loc":{"start":{"line":81,"column":8,"index":2352},"end":{"line":81,"column":32,"index":2376}},"expression":{"type":"CallExpression","start":2352,"end":2375,"loc":{"start":{"line":81,"column":8,"index":2352},"end":{"line":81,"column":31,"index":2375}},"callee":{"type":"MemberExpression","start":2352,"end":2364,"loc":{"start":{"line":81,"column":8,"index":2352},"end":{"line":81,"column":20,"index":2364}},"object":{"type":"Identifier","start":2352,"end":2359,"loc":{"start":{"line":81,"column":8,"index":2352},"end":{"line":81,"column":15,"index":2359},"identifierName":"similar"},"name":"similar"},"computed":false,"property":{"type":"Identifier","start":2360,"end":2364,"loc":{"start":{"line":81,"column":16,"index":2360},"end":{"line":81,"column":20,"index":2364},"identifierName":"push"},"name":"push"}},"arguments":[{"type":"Identifier","start":2365,"end":2374,"loc":{"start":{"line":81,"column":21,"index":2365},"end":{"line":81,"column":30,"index":2374},"identifierName":"candidate"},"name":"candidate"}]}}],"directives":[]},"alternate":null}}],"directives":[]},"alternate":null}],"directives":[]}}]}},{"type":"ExpressionStatement","start":2400,"end":2443,"loc":{"start":{"line":86,"column":2,"index":2400},"end":{"line":86,"column":45,"index":2443}},"expression":{"type":"CallExpression","start":2400,"end":2442,"loc":{"start":{"line":86,"column":2,"index":2400},"end":{"line":86,"column":44,"index":2442}},"callee":{"type":"MemberExpression","start":2400,"end":2412,"loc":{"start":{"line":86,"column":2,"index":2400},"end":{"line":86,"column":14,"index":2412}},"object":{"type":"Identifier","start":2400,"end":2407,"loc":{"start":{"line":86,"column":2,"index":2400},"end":{"line":86,"column":9,"index":2407},"identifierName":"similar"},"name":"similar"},"computed":false,"property":{"type":"Identifier","start":2408,"end":2412,"loc":{"start":{"line":86,"column":10,"index":2408},"end":{"line":86,"column":14,"index":2412},"identifierName":"sort"},"name":"sort"}},"arguments":[{"type":"ArrowFunctionExpression","start":2413,"end":2441,"loc":{"start":{"line":86,"column":15,"index":2413},"end":{"line":86,"column":43,"index":2441}},"id":null,"generator":false,"async":false,"params":[{"type":"Identifier","start":2414,"end":2415,"loc":{"start":{"line":86,"column":16,"index":2414},"end":{"line":86,"column":17,"index":2415},"identifierName":"a"},"name":"a"},{"type":"Identifier","start":2417,"end":2418,"loc":{"start":{"line":86,"column":19,"index":2417},"end":{"line":86,"column":20,"index":2418},"identifierName":"b"},"name":"b"}],"body":{"type":"CallExpression","start":2423,"end":2441,"loc":{"start":{"line":86,"column":25,"index":2423},"end":{"line":86,"column":43,"index":2441}},"callee":{"type":"MemberExpression","start":2423,"end":2438,"loc":{"start":{"line":86,"column":25,"index":2423},"end":{"line":86,"column":40,"index":2438}},"object":{"type":"Identifier","start":2423,"end":2424,"loc":{"start":{"line":86,"column":25,"index":2423},"end":{"line":86,"column":26,"index":2424},"identifierName":"a"},"name":"a"},"computed":false,"property":{"type":"Identifier","start":2425,"end":2438,"loc":{"start":{"line":86,"column":27,"index":2425},"end":{"line":86,"column":40,"index":2438},"identifierName":"localeCompare"},"name":"localeCompare"}},"arguments":[{"type":"Identifier","start":2439,"end":2440,"loc":{"start":{"line":86,"column":41,"index":2439},"end":{"line":86,"column":42,"index":2440},"identifierName":"b"},"name":"b"}]}}]}},{"type":"IfStatement","start":2446,"end":2531,"loc":{"start":{"line":87,"column":2,"index":2446},"end":{"line":89,"column":3,"index":2531}},"test":{"type":"Identifier","start":2450,"end":2466,"loc":{"start":{"line":87,"column":6,"index":2450},"end":{"line":87,"column":22,"index":2466},"identifierName":"searchingOptions"},"name":"searchingOptions"},"consequent":{"type":"BlockStatement","start":2468,"end":2531,"loc":{"start":{"line":87,"column":24,"index":2468},"end":{"line":89,"column":3,"index":2531}},"body":[{"type":"ExpressionStatement","start":2474,"end":2527,"loc":{"start":{"line":88,"column":4,"index":2474},"end":{"line":88,"column":57,"index":2527}},"expression":{"type":"AssignmentExpression","start":2474,"end":2526,"loc":{"start":{"line":88,"column":4,"index":2474},"end":{"line":88,"column":56,"index":2526}},"operator":"=","left":{"type":"Identifier","start":2474,"end":2481,"loc":{"start":{"line":88,"column":4,"index":2474},"end":{"line":88,"column":11,"index":2481},"identifierName":"similar"},"name":"similar"},"right":{"type":"CallExpression","start":2484,"end":2526,"loc":{"start":{"line":88,"column":14,"index":2484},"end":{"line":88,"column":56,"index":2526}},"callee":{"type":"MemberExpression","start":2484,"end":2495,"loc":{"start":{"line":88,"column":14,"index":2484},"end":{"line":88,"column":25,"index":2495}},"object":{"type":"Identifier","start":2484,"end":2491,"loc":{"start":{"line":88,"column":14,"index":2484},"end":{"line":88,"column":21,"index":2491},"identifierName":"similar"},"name":"similar"},"computed":false,"property":{"type":"Identifier","start":2492,"end":2495,"loc":{"start":{"line":88,"column":22,"index":2492},"end":{"line":88,"column":25,"index":2495},"identifierName":"map"},"name":"map"}},"arguments":[{"type":"ArrowFunctionExpression","start":2496,"end":2525,"loc":{"start":{"line":88,"column":26,"index":2496},"end":{"line":88,"column":55,"index":2525}},"id":null,"generator":false,"async":false,"params":[{"type":"Identifier","start":2496,"end":2505,"loc":{"start":{"line":88,"column":26,"index":2496},"end":{"line":88,"column":35,"index":2505},"identifierName":"candidate"},"name":"candidate"}],"body":{"type":"TemplateLiteral","start":2509,"end":2525,"loc":{"start":{"line":88,"column":39,"index":2509},"end":{"line":88,"column":55,"index":2525}},"expressions":[{"type":"Identifier","start":2514,"end":2523,"loc":{"start":{"line":88,"column":44,"index":2514},"end":{"line":88,"column":53,"index":2523},"identifierName":"candidate"},"name":"candidate"}],"quasis":[{"type":"TemplateElement","start":2510,"end":2512,"loc":{"start":{"line":88,"column":40,"index":2510},"end":{"line":88,"column":42,"index":2512}},"value":{"raw":"--","cooked":"--"},"tail":false},{"type":"TemplateElement","start":2524,"end":2524,"loc":{"start":{"line":88,"column":54,"index":2524},"end":{"line":88,"column":54,"index":2524}},"value":{"raw":"","cooked":""},"tail":true}]}}]}}}],"directives":[]},"alternate":null},{"type":"IfStatement","start":2535,"end":2625,"loc":{"start":{"line":91,"column":2,"index":2535},"end":{"line":93,"column":3,"index":2625}},"test":{"type":"BinaryExpression","start":2539,"end":2557,"loc":{"start":{"line":91,"column":6,"index":2539},"end":{"line":91,"column":24,"index":2557}},"left":{"type":"MemberExpression","start":2539,"end":2553,"loc":{"start":{"line":91,"column":6,"index":2539},"end":{"line":91,"column":20,"index":2553}},"object":{"type":"Identifier","start":2539,"end":2546,"loc":{"start":{"line":91,"column":6,"index":2539},"end":{"line":91,"column":13,"index":2546},"identifierName":"similar"},"name":"similar"},"computed":false,"property":{"type":"Identifier","start":2547,"end":2553,"loc":{"start":{"line":91,"column":14,"index":2547},"end":{"line":91,"column":20,"index":2553},"identifierName":"length"},"name":"length"}},"operator":">","right":{"type":"NumericLiteral","start":2556,"end":2557,"loc":{"start":{"line":91,"column":23,"index":2556},"end":{"line":91,"column":24,"index":2557}},"extra":{"rawValue":1,"raw":"1"},"value":1}},"consequent":{"type":"BlockStatement","start":2559,"end":2625,"loc":{"start":{"line":91,"column":26,"index":2559},"end":{"line":93,"column":3,"index":2625}},"body":[{"type":"ReturnStatement","start":2565,"end":2621,"loc":{"start":{"line":92,"column":4,"index":2565},"end":{"line":92,"column":60,"index":2621}},"argument":{"type":"TemplateLiteral","start":2572,"end":2620,"loc":{"start":{"line":92,"column":11,"index":2572},"end":{"line":92,"column":59,"index":2620}},"expressions":[{"type":"CallExpression","start":2598,"end":2616,"loc":{"start":{"line":92,"column":37,"index":2598},"end":{"line":92,"column":55,"index":2616}},"callee":{"type":"MemberExpression","start":2598,"end":2610,"loc":{"start":{"line":92,"column":37,"index":2598},"end":{"line":92,"column":49,"index":2610}},"object":{"type":"Identifier","start":2598,"end":2605,"loc":{"start":{"line":92,"column":37,"index":2598},"end":{"line":92,"column":44,"index":2605},"identifierName":"similar"},"name":"similar"},"computed":false,"property":{"type":"Identifier","start":2606,"end":2610,"loc":{"start":{"line":92,"column":45,"index":2606},"end":{"line":92,"column":49,"index":2610},"identifierName":"join"},"name":"join"}},"arguments":[{"type":"StringLiteral","start":2611,"end":2615,"loc":{"start":{"line":92,"column":50,"index":2611},"end":{"line":92,"column":54,"index":2615}},"extra":{"rawValue":", ","raw":"', '"},"value":", "}]}],"quasis":[{"type":"TemplateElement","start":2573,"end":2596,"loc":{"start":{"line":92,"column":12,"index":2573},"end":{"line":92,"column":35,"index":2596}},"value":{"raw":"\\n(Did you mean one of ","cooked":"\n(Did you mean one of "},"tail":false},{"type":"TemplateElement","start":2617,"end":2619,"loc":{"start":{"line":92,"column":56,"index":2617},"end":{"line":92,"column":58,"index":2619}},"value":{"raw":"?)","cooked":"?)"},"tail":true}]}}],"directives":[]},"alternate":null},{"type":"IfStatement","start":2628,"end":2705,"loc":{"start":{"line":94,"column":2,"index":2628},"end":{"line":96,"column":3,"index":2705}},"test":{"type":"BinaryExpression","start":2632,"end":2652,"loc":{"start":{"line":94,"column":6,"index":2632},"end":{"line":94,"column":26,"index":2652}},"left":{"type":"MemberExpression","start":2632,"end":2646,"loc":{"start":{"line":94,"column":6,"index":2632},"end":{"line":94,"column":20,"index":2646}},"object":{"type":"Identifier","start":2632,"end":2639,"loc":{"start":{"line":94,"column":6,"index":2632},"end":{"line":94,"column":13,"index":2639},"identifierName":"similar"},"name":"similar"},"computed":false,"property":{"type":"Identifier","start":2640,"end":2646,"loc":{"start":{"line":94,"column":14,"index":2640},"end":{"line":94,"column":20,"index":2646},"identifierName":"length"},"name":"length"}},"operator":"===","right":{"type":"NumericLiteral","start":2651,"end":2652,"loc":{"start":{"line":94,"column":25,"index":2651},"end":{"line":94,"column":26,"index":2652}},"extra":{"rawValue":1,"raw":"1"},"value":1}},"consequent":{"type":"BlockStatement","start":2654,"end":2705,"loc":{"start":{"line":94,"column":28,"index":2654},"end":{"line":96,"column":3,"index":2705}},"body":[{"type":"ReturnStatement","start":2660,"end":2701,"loc":{"start":{"line":95,"column":4,"index":2660},"end":{"line":95,"column":45,"index":2701}},"argument":{"type":"TemplateLiteral","start":2667,"end":2700,"loc":{"start":{"line":95,"column":11,"index":2667},"end":{"line":95,"column":44,"index":2700}},"expressions":[{"type":"MemberExpression","start":2686,"end":2696,"loc":{"start":{"line":95,"column":30,"index":2686},"end":{"line":95,"column":40,"index":2696}},"object":{"type":"Identifier","start":2686,"end":2693,"loc":{"start":{"line":95,"column":30,"index":2686},"end":{"line":95,"column":37,"index":2693},"identifierName":"similar"},"name":"similar"},"computed":true,"property":{"type":"NumericLiteral","start":2694,"end":2695,"loc":{"start":{"line":95,"column":38,"index":2694},"end":{"line":95,"column":39,"index":2695}},"extra":{"rawValue":0,"raw":"0"},"value":0}}],"quasis":[{"type":"TemplateElement","start":2668,"end":2684,"loc":{"start":{"line":95,"column":12,"index":2668},"end":{"line":95,"column":28,"index":2684}},"value":{"raw":"\\n(Did you mean ","cooked":"\n(Did you mean "},"tail":false},{"type":"TemplateElement","start":2697,"end":2699,"loc":{"start":{"line":95,"column":41,"index":2697},"end":{"line":95,"column":43,"index":2699}},"value":{"raw":"?)","cooked":"?)"},"tail":true}]}}],"directives":[]},"alternate":null},{"type":"ReturnStatement","start":2708,"end":2718,"loc":{"start":{"line":97,"column":2,"index":2708},"end":{"line":97,"column":12,"index":2718}},"argument":{"type":"StringLiteral","start":2715,"end":2717,"loc":{"start":{"line":97,"column":9,"index":2715},"end":{"line":97,"column":11,"index":2717}},"extra":{"rawValue":"","raw":"''"},"value":""}}],"directives":[]},"leadingComments":[{"type":"CommentBlock","value":"*\n * Find close matches, restricted to same number of edits.\n *\n * @param {string} word\n * @param {string[]} candidates\n * @returns {string}\n ","start":1235,"end":1381,"loc":{"start":{"line":47,"column":0,"index":1235},"end":{"line":53,"column":3,"index":1381}}}]},{"type":"ExpressionStatement","start":2722,"end":2762,"loc":{"start":{"line":100,"column":0,"index":2722},"end":{"line":100,"column":40,"index":2762}},"expression":{"type":"AssignmentExpression","start":2722,"end":2761,"loc":{"start":{"line":100,"column":0,"index":2722},"end":{"line":100,"column":39,"index":2761}},"operator":"=","left":{"type":"MemberExpression","start":2722,"end":2744,"loc":{"start":{"line":100,"column":0,"index":2722},"end":{"line":100,"column":22,"index":2744}},"object":{"type":"Identifier","start":2722,"end":2729,"loc":{"start":{"line":100,"column":0,"index":2722},"end":{"line":100,"column":7,"index":2729},"identifierName":"exports"},"name":"exports"},"computed":false,"property":{"type":"Identifier","start":2730,"end":2744,"loc":{"start":{"line":100,"column":8,"index":2730},"end":{"line":100,"column":22,"index":2744},"identifierName":"suggestSimilar"},"name":"suggestSimilar"}},"right":{"type":"Identifier","start":2747,"end":2761,"loc":{"start":{"line":100,"column":25,"index":2747},"end":{"line":100,"column":39,"index":2761},"identifierName":"suggestSimilar"},"name":"suggestSimilar"}}}],"directives":[]},"comments":[{"type":"CommentLine","value":" https://en.wikipedia.org/wiki/Damerau–Levenshtein_distance","start":56,"end":117,"loc":{"start":{"line":4,"column":2,"index":56},"end":{"line":4,"column":63,"index":117}}},{"type":"CommentLine","value":" Calculating optimal string alignment distance, no substring is edited more than once.","start":120,"end":208,"loc":{"start":{"line":5,"column":2,"index":120},"end":{"line":5,"column":90,"index":208}}},{"type":"CommentLine","value":" (Simple implementation.)","start":211,"end":238,"loc":{"start":{"line":6,"column":2,"index":211},"end":{"line":6,"column":29,"index":238}}},{"type":"CommentLine","value":" Quick early exit, return worst case.","start":242,"end":281,"loc":{"start":{"line":8,"column":2,"index":242},"end":{"line":8,"column":41,"index":281}}},{"type":"CommentLine","value":" distance between prefix substrings of a and b","start":373,"end":421,"loc":{"start":{"line":11,"column":2,"index":373},"end":{"line":11,"column":50,"index":421}}},{"type":"CommentLine","value":" pure deletions turn a into empty string","start":441,"end":483,"loc":{"start":{"line":14,"column":2,"index":441},"end":{"line":14,"column":44,"index":483}}},{"type":"CommentLine","value":" pure insertions turn empty string into b","start":546,"end":589,"loc":{"start":{"line":18,"column":2,"index":546},"end":{"line":18,"column":45,"index":589}}},{"type":"CommentLine","value":" fill matrix","start":654,"end":668,"loc":{"start":{"line":23,"column":2,"index":654},"end":{"line":23,"column":16,"index":668}}},{"type":"CommentLine","value":" deletion","start":916,"end":927,"loc":{"start":{"line":33,"column":25,"index":916},"end":{"line":33,"column":36,"index":927}}},{"type":"CommentLine","value":" insertion","start":953,"end":965,"loc":{"start":{"line":34,"column":25,"index":953},"end":{"line":34,"column":37,"index":965}}},{"type":"CommentLine","value":" substitution","start":997,"end":1012,"loc":{"start":{"line":35,"column":31,"index":997},"end":{"line":35,"column":46,"index":1012}}},{"type":"CommentLine","value":" transposition","start":1028,"end":1044,"loc":{"start":{"line":37,"column":6,"index":1028},"end":{"line":37,"column":22,"index":1044}}},{"type":"CommentBlock","value":"*\n * Find close matches, restricted to same number of edits.\n *\n * @param {string} word\n * @param {string[]} candidates\n * @returns {string}\n ","start":1235,"end":1381,"loc":{"start":{"line":47,"column":0,"index":1235},"end":{"line":53,"column":3,"index":1381}}},{"type":"CommentLine","value":" remove possible duplicates","start":1486,"end":1515,"loc":{"start":{"line":57,"column":2,"index":1486},"end":{"line":57,"column":31,"index":1515}}},{"type":"CommentLine","value":" no one character guesses","start":1898,"end":1925,"loc":{"start":{"line":70,"column":39,"index":1898},"end":{"line":70,"column":66,"index":1925}}},{"type":"CommentLine","value":" better edit distance, throw away previous worse matches","start":2175,"end":2233,"loc":{"start":{"line":77,"column":8,"index":2175},"end":{"line":77,"column":66,"index":2233}}}]}