{"path":"/Users/dimitrist/Documents/git/syntest/syntest-javascript-benchmark/benchmark/commanderjs/lib/suggestSimilar.js","name":"suggestSimilar.js","subTargets":[{"id":"/Users/dimitrist/Documents/git/syntest/syntest-javascript-benchmark/benchmark/commanderjs/lib/suggestSimilar.js:3:0:::45:1:::24:1233","name":"editDistance","type":"function","exported":false,"default":false,"module":false,"isAsync":false},{"id":"/Users/dimitrist/Documents/git/syntest/syntest-javascript-benchmark/benchmark/commanderjs/lib/suggestSimilar.js:55:0:::98:1:::1383:2720","name":"suggestSimilar","type":"function","exported":true,"default":false,"module":true,"isAsync":false},{"id":"/Users/dimitrist/Documents/git/syntest/syntest-javascript-benchmark/benchmark/commanderjs/lib/suggestSimilar.js:88:26:::88:55:::2496:2525","name":"anonymous","type":"function","exported":false,"default":false,"module":false,"isAsync":false}]}