{"type":"File","start":0,"end":924,"loc":{"start":{"line":1,"column":0,"index":0},"end":{"line":27,"column":0,"index":924}},"errors":[],"program":{"type":"Program","start":0,"end":924,"loc":{"start":{"line":1,"column":0,"index":0},"end":{"line":27,"column":0,"index":924}},"sourceType":"module","interpreter":{"type":"InterpreterDirective","start":0,"end":19,"loc":{"start":{"line":1,"column":0,"index":0},"end":{"line":1,"column":19,"index":19}},"value":"/usr/bin/env node","trailingComments":[{"type":"CommentLine","value":" This is used as an example in the README for:","start":21,"end":69,"loc":{"start":{"line":3,"column":0,"index":21},"end":{"line":3,"column":48,"index":69}}},{"type":"CommentLine","value":"    Common option types, boolean and value","start":70,"end":114,"loc":{"start":{"line":4,"column":0,"index":70},"end":{"line":4,"column":44,"index":114}}},{"type":"CommentLine","value":" const commander = require('commander'); // (normal include)","start":116,"end":178,"loc":{"start":{"line":6,"column":0,"index":116},"end":{"line":6,"column":62,"index":178}}}]},"body":[{"type":"VariableDeclaration","start":179,"end":212,"loc":{"start":{"line":7,"column":0,"index":179},"end":{"line":7,"column":33,"index":212}},"declarations":[{"type":"VariableDeclarator","start":185,"end":211,"loc":{"start":{"line":7,"column":6,"index":185},"end":{"line":7,"column":32,"index":211}},"id":{"type":"Identifier","start":185,"end":194,"loc":{"start":{"line":7,"column":6,"index":185},"end":{"line":7,"column":15,"index":194},"identifierName":"commander"},"name":"commander"},"init":{"type":"CallExpression","start":197,"end":211,"loc":{"start":{"line":7,"column":18,"index":197},"end":{"line":7,"column":32,"index":211}},"callee":{"type":"Identifier","start":197,"end":204,"loc":{"start":{"line":7,"column":18,"index":197},"end":{"line":7,"column":25,"index":204},"identifierName":"require"},"name":"require"},"arguments":[{"type":"StringLiteral","start":205,"end":210,"loc":{"start":{"line":7,"column":26,"index":205},"end":{"line":7,"column":31,"index":210}},"extra":{"rawValue":"../","raw":"'../'"},"value":"../"}]}}],"kind":"const","trailingComments":[{"type":"CommentLine","value":" include commander in git clone of commander repo","start":213,"end":264,"loc":{"start":{"line":7,"column":34,"index":213},"end":{"line":7,"column":85,"index":264}}}],"leadingComments":[{"type":"CommentLine","value":" This is used as an example in the README for:","start":21,"end":69,"loc":{"start":{"line":3,"column":0,"index":21},"end":{"line":3,"column":48,"index":69}}},{"type":"CommentLine","value":"    Common option types, boolean and value","start":70,"end":114,"loc":{"start":{"line":4,"column":0,"index":70},"end":{"line":4,"column":44,"index":114}}},{"type":"CommentLine","value":" const commander = require('commander'); // (normal include)","start":116,"end":178,"loc":{"start":{"line":6,"column":0,"index":116},"end":{"line":6,"column":62,"index":178}}}]},{"type":"VariableDeclaration","start":265,"end":305,"loc":{"start":{"line":8,"column":0,"index":265},"end":{"line":8,"column":40,"index":305}},"declarations":[{"type":"VariableDeclarator","start":271,"end":304,"loc":{"start":{"line":8,"column":6,"index":271},"end":{"line":8,"column":39,"index":304}},"id":{"type":"Identifier","start":271,"end":278,"loc":{"start":{"line":8,"column":6,"index":271},"end":{"line":8,"column":13,"index":278},"identifierName":"program"},"name":"program"},"init":{"type":"NewExpression","start":281,"end":304,"loc":{"start":{"line":8,"column":16,"index":281},"end":{"line":8,"column":39,"index":304}},"callee":{"type":"MemberExpression","start":285,"end":302,"loc":{"start":{"line":8,"column":20,"index":285},"end":{"line":8,"column":37,"index":302}},"object":{"type":"Identifier","start":285,"end":294,"loc":{"start":{"line":8,"column":20,"index":285},"end":{"line":8,"column":29,"index":294},"identifierName":"commander"},"name":"commander"},"computed":false,"property":{"type":"Identifier","start":295,"end":302,"loc":{"start":{"line":8,"column":30,"index":295},"end":{"line":8,"column":37,"index":302},"identifierName":"Command"},"name":"Command"}},"arguments":[]}}],"kind":"const","leadingComments":[{"type":"CommentLine","value":" include commander in git clone of commander repo","start":213,"end":264,"loc":{"start":{"line":7,"column":34,"index":213},"end":{"line":7,"column":85,"index":264}}}]},{"type":"ExpressionStatement","start":307,"end":502,"loc":{"start":{"line":10,"column":0,"index":307},"end":{"line":13,"column":91,"index":502}},"expression":{"type":"CallExpression","start":307,"end":501,"loc":{"start":{"line":10,"column":0,"index":307},"end":{"line":13,"column":90,"index":501}},"callee":{"type":"MemberExpression","start":307,"end":420,"loc":{"start":{"line":10,"column":0,"index":307},"end":{"line":13,"column":9,"index":420}},"object":{"type":"CallExpression","start":307,"end":410,"loc":{"start":{"line":10,"column":0,"index":307},"end":{"line":12,"column":44,"index":410}},"callee":{"type":"MemberExpression","start":307,"end":375,"loc":{"start":{"line":10,"column":0,"index":307},"end":{"line":12,"column":9,"index":375}},"object":{"type":"CallExpression","start":307,"end":365,"loc":{"start":{"line":10,"column":0,"index":307},"end":{"line":11,"column":50,"index":365}},"callee":{"type":"MemberExpression","start":307,"end":324,"loc":{"start":{"line":10,"column":0,"index":307},"end":{"line":11,"column":9,"index":324}},"object":{"type":"Identifier","start":307,"end":314,"loc":{"start":{"line":10,"column":0,"index":307},"end":{"line":10,"column":7,"index":314},"identifierName":"program"},"name":"program"},"computed":false,"property":{"type":"Identifier","start":318,"end":324,"loc":{"start":{"line":11,"column":3,"index":318},"end":{"line":11,"column":9,"index":324},"identifierName":"option"},"name":"option"}},"arguments":[{"type":"StringLiteral","start":325,"end":338,"loc":{"start":{"line":11,"column":10,"index":325},"end":{"line":11,"column":23,"index":338}},"extra":{"rawValue":"-d, --debug","raw":"'-d, --debug'"},"value":"-d, --debug"},{"type":"StringLiteral","start":340,"end":364,"loc":{"start":{"line":11,"column":25,"index":340},"end":{"line":11,"column":49,"index":364}},"extra":{"rawValue":"output extra debugging","raw":"'output extra debugging'"},"value":"output extra debugging"}]},"computed":false,"property":{"type":"Identifier","start":369,"end":375,"loc":{"start":{"line":12,"column":3,"index":369},"end":{"line":12,"column":9,"index":375},"identifierName":"option"},"name":"option"}},"arguments":[{"type":"StringLiteral","start":376,"end":389,"loc":{"start":{"line":12,"column":10,"index":376},"end":{"line":12,"column":23,"index":389}},"extra":{"rawValue":"-s, --small","raw":"'-s, --small'"},"value":"-s, --small"},{"type":"StringLiteral","start":391,"end":409,"loc":{"start":{"line":12,"column":25,"index":391},"end":{"line":12,"column":43,"index":409}},"extra":{"rawValue":"small pizza size","raw":"'small pizza size'"},"value":"small pizza size"}]},"computed":false,"property":{"type":"Identifier","start":414,"end":420,"loc":{"start":{"line":13,"column":3,"index":414},"end":{"line":13,"column":9,"index":420},"identifierName":"option"},"name":"option"}},"arguments":[{"type":"StringLiteral","start":421,"end":480,"loc":{"start":{"line":13,"column":10,"index":421},"end":{"line":13,"column":69,"index":480}},"extra":{"rawValue":"-p, --pizza-identifierDescription <identifierDescription>","raw":"'-p, --pizza-identifierDescription <identifierDescription>'"},"value":"-p, --pizza-identifierDescription <identifierDescription>"},{"type":"StringLiteral","start":482,"end":500,"loc":{"start":{"line":13,"column":71,"index":482},"end":{"line":13,"column":89,"index":500}},"extra":{"rawValue":"flavour of pizza","raw":"'flavour of pizza'"},"value":"flavour of pizza"}]}},{"type":"ExpressionStatement","start":504,"end":532,"loc":{"start":{"line":15,"column":0,"index":504},"end":{"line":15,"column":28,"index":532}},"expression":{"type":"CallExpression","start":504,"end":531,"loc":{"start":{"line":15,"column":0,"index":504},"end":{"line":15,"column":27,"index":531}},"callee":{"type":"MemberExpression","start":504,"end":517,"loc":{"start":{"line":15,"column":0,"index":504},"end":{"line":15,"column":13,"index":517}},"object":{"type":"Identifier","start":504,"end":511,"loc":{"start":{"line":15,"column":0,"index":504},"end":{"line":15,"column":7,"index":511},"identifierName":"program"},"name":"program"},"computed":false,"property":{"type":"Identifier","start":512,"end":517,"loc":{"start":{"line":15,"column":8,"index":512},"end":{"line":15,"column":13,"index":517},"identifierName":"parse"},"name":"parse"}},"arguments":[{"type":"MemberExpression","start":518,"end":530,"loc":{"start":{"line":15,"column":14,"index":518},"end":{"line":15,"column":26,"index":530}},"object":{"type":"Identifier","start":518,"end":525,"loc":{"start":{"line":15,"column":14,"index":518},"end":{"line":15,"column":21,"index":525},"identifierName":"process"},"name":"process"},"computed":false,"property":{"type":"Identifier","start":526,"end":530,"loc":{"start":{"line":15,"column":22,"index":526},"end":{"line":15,"column":26,"index":530},"identifierName":"argv"},"name":"argv"}}]}},{"type":"VariableDeclaration","start":534,"end":565,"loc":{"start":{"line":17,"column":0,"index":534},"end":{"line":17,"column":31,"index":565}},"declarations":[{"type":"VariableDeclarator","start":540,"end":564,"loc":{"start":{"line":17,"column":6,"index":540},"end":{"line":17,"column":30,"index":564}},"id":{"type":"Identifier","start":540,"end":547,"loc":{"start":{"line":17,"column":6,"index":540},"end":{"line":17,"column":13,"index":547},"identifierName":"options"},"name":"options"},"init":{"type":"CallExpression","start":550,"end":564,"loc":{"start":{"line":17,"column":16,"index":550},"end":{"line":17,"column":30,"index":564}},"callee":{"type":"MemberExpression","start":550,"end":562,"loc":{"start":{"line":17,"column":16,"index":550},"end":{"line":17,"column":28,"index":562}},"object":{"type":"Identifier","start":550,"end":557,"loc":{"start":{"line":17,"column":16,"index":550},"end":{"line":17,"column":23,"index":557},"identifierName":"program"},"name":"program"},"computed":false,"property":{"type":"Identifier","start":558,"end":562,"loc":{"start":{"line":17,"column":24,"index":558},"end":{"line":17,"column":28,"index":562},"identifierName":"opts"},"name":"opts"}},"arguments":[]}}],"kind":"const"},{"type":"IfStatement","start":566,"end":606,"loc":{"start":{"line":18,"column":0,"index":566},"end":{"line":18,"column":40,"index":606}},"test":{"type":"MemberExpression","start":570,"end":583,"loc":{"start":{"line":18,"column":4,"index":570},"end":{"line":18,"column":17,"index":583}},"object":{"type":"Identifier","start":570,"end":577,"loc":{"start":{"line":18,"column":4,"index":570},"end":{"line":18,"column":11,"index":577},"identifierName":"options"},"name":"options"},"computed":false,"property":{"type":"Identifier","start":578,"end":583,"loc":{"start":{"line":18,"column":12,"index":578},"end":{"line":18,"column":17,"index":583},"identifierName":"debug"},"name":"debug"}},"consequent":{"type":"ExpressionStatement","start":585,"end":606,"loc":{"start":{"line":18,"column":19,"index":585},"end":{"line":18,"column":40,"index":606}},"expression":{"type":"CallExpression","start":585,"end":605,"loc":{"start":{"line":18,"column":19,"index":585},"end":{"line":18,"column":39,"index":605}},"callee":{"type":"MemberExpression","start":585,"end":596,"loc":{"start":{"line":18,"column":19,"index":585},"end":{"line":18,"column":30,"index":596}},"object":{"type":"Identifier","start":585,"end":592,"loc":{"start":{"line":18,"column":19,"index":585},"end":{"line":18,"column":26,"index":592},"identifierName":"console"},"name":"console"},"computed":false,"property":{"type":"Identifier","start":593,"end":596,"loc":{"start":{"line":18,"column":27,"index":593},"end":{"line":18,"column":30,"index":596},"identifierName":"log"},"name":"log"}},"arguments":[{"type":"Identifier","start":597,"end":604,"loc":{"start":{"line":18,"column":31,"index":597},"end":{"line":18,"column":38,"index":604},"identifierName":"options"},"name":"options"}]}},"alternate":null},{"type":"ExpressionStatement","start":607,"end":637,"loc":{"start":{"line":19,"column":0,"index":607},"end":{"line":19,"column":30,"index":637}},"expression":{"type":"CallExpression","start":607,"end":636,"loc":{"start":{"line":19,"column":0,"index":607},"end":{"line":19,"column":29,"index":636}},"callee":{"type":"MemberExpression","start":607,"end":618,"loc":{"start":{"line":19,"column":0,"index":607},"end":{"line":19,"column":11,"index":618}},"object":{"type":"Identifier","start":607,"end":614,"loc":{"start":{"line":19,"column":0,"index":607},"end":{"line":19,"column":7,"index":614},"identifierName":"console"},"name":"console"},"computed":false,"property":{"type":"Identifier","start":615,"end":618,"loc":{"start":{"line":19,"column":8,"index":615},"end":{"line":19,"column":11,"index":618},"identifierName":"log"},"name":"log"}},"arguments":[{"type":"StringLiteral","start":619,"end":635,"loc":{"start":{"line":19,"column":12,"index":619},"end":{"line":19,"column":28,"index":635}},"extra":{"rawValue":"pizza details:","raw":"'pizza details:'"},"value":"pizza details:"}]}},{"type":"IfStatement","start":638,"end":691,"loc":{"start":{"line":20,"column":0,"index":638},"end":{"line":20,"column":53,"index":691}},"test":{"type":"MemberExpression","start":642,"end":655,"loc":{"start":{"line":20,"column":4,"index":642},"end":{"line":20,"column":17,"index":655}},"object":{"type":"Identifier","start":642,"end":649,"loc":{"start":{"line":20,"column":4,"index":642},"end":{"line":20,"column":11,"index":649},"identifierName":"options"},"name":"options"},"computed":false,"property":{"type":"Identifier","start":650,"end":655,"loc":{"start":{"line":20,"column":12,"index":650},"end":{"line":20,"column":17,"index":655},"identifierName":"small"},"name":"small"}},"consequent":{"type":"ExpressionStatement","start":657,"end":691,"loc":{"start":{"line":20,"column":19,"index":657},"end":{"line":20,"column":53,"index":691}},"expression":{"type":"CallExpression","start":657,"end":690,"loc":{"start":{"line":20,"column":19,"index":657},"end":{"line":20,"column":52,"index":690}},"callee":{"type":"MemberExpression","start":657,"end":668,"loc":{"start":{"line":20,"column":19,"index":657},"end":{"line":20,"column":30,"index":668}},"object":{"type":"Identifier","start":657,"end":664,"loc":{"start":{"line":20,"column":19,"index":657},"end":{"line":20,"column":26,"index":664},"identifierName":"console"},"name":"console"},"computed":false,"property":{"type":"Identifier","start":665,"end":668,"loc":{"start":{"line":20,"column":27,"index":665},"end":{"line":20,"column":30,"index":668},"identifierName":"log"},"name":"log"}},"arguments":[{"type":"StringLiteral","start":669,"end":689,"loc":{"start":{"line":20,"column":31,"index":669},"end":{"line":20,"column":51,"index":689}},"extra":{"rawValue":"- small pizza size","raw":"'- small pizza size'"},"value":"- small pizza size"}]}},"alternate":null},{"type":"IfStatement","start":692,"end":753,"loc":{"start":{"line":21,"column":0,"index":692},"end":{"line":21,"column":61,"index":753}},"test":{"type":"MemberExpression","start":696,"end":713,"loc":{"start":{"line":21,"column":4,"index":696},"end":{"line":21,"column":21,"index":713}},"object":{"type":"Identifier","start":696,"end":703,"loc":{"start":{"line":21,"column":4,"index":696},"end":{"line":21,"column":11,"index":703},"identifierName":"options"},"name":"options"},"computed":false,"property":{"type":"Identifier","start":704,"end":713,"loc":{"start":{"line":21,"column":12,"index":704},"end":{"line":21,"column":21,"index":713},"identifierName":"pizzaType"},"name":"pizzaType"}},"consequent":{"type":"ExpressionStatement","start":715,"end":753,"loc":{"start":{"line":21,"column":23,"index":715},"end":{"line":21,"column":61,"index":753}},"expression":{"type":"CallExpression","start":715,"end":752,"loc":{"start":{"line":21,"column":23,"index":715},"end":{"line":21,"column":60,"index":752}},"callee":{"type":"MemberExpression","start":715,"end":726,"loc":{"start":{"line":21,"column":23,"index":715},"end":{"line":21,"column":34,"index":726}},"object":{"type":"Identifier","start":715,"end":722,"loc":{"start":{"line":21,"column":23,"index":715},"end":{"line":21,"column":30,"index":722},"identifierName":"console"},"name":"console"},"computed":false,"property":{"type":"Identifier","start":723,"end":726,"loc":{"start":{"line":21,"column":31,"index":723},"end":{"line":21,"column":34,"index":726},"identifierName":"log"},"name":"log"}},"arguments":[{"type":"TemplateLiteral","start":727,"end":751,"loc":{"start":{"line":21,"column":35,"index":727},"end":{"line":21,"column":59,"index":751}},"expressions":[{"type":"MemberExpression","start":732,"end":749,"loc":{"start":{"line":21,"column":40,"index":732},"end":{"line":21,"column":57,"index":749}},"object":{"type":"Identifier","start":732,"end":739,"loc":{"start":{"line":21,"column":40,"index":732},"end":{"line":21,"column":47,"index":739},"identifierName":"options"},"name":"options"},"computed":false,"property":{"type":"Identifier","start":740,"end":749,"loc":{"start":{"line":21,"column":48,"index":740},"end":{"line":21,"column":57,"index":749},"identifierName":"pizzaType"},"name":"pizzaType"}}],"quasis":[{"type":"TemplateElement","start":728,"end":730,"loc":{"start":{"line":21,"column":36,"index":728},"end":{"line":21,"column":38,"index":730}},"value":{"raw":"- ","cooked":"- "},"tail":false},{"type":"TemplateElement","start":750,"end":750,"loc":{"start":{"line":21,"column":58,"index":750},"end":{"line":21,"column":58,"index":750}},"value":{"raw":"","cooked":""},"tail":true}]}]}},"alternate":null,"trailingComments":[{"type":"CommentLine","value":" Try the following:","start":755,"end":776,"loc":{"start":{"line":23,"column":0,"index":755},"end":{"line":23,"column":21,"index":776}}},{"type":"CommentLine","value":"    node options-common.js -p","start":777,"end":808,"loc":{"start":{"line":24,"column":0,"index":777},"end":{"line":24,"column":31,"index":808}}},{"type":"CommentLine","value":"    node options-common.js -d -s -p vegetarian","start":809,"end":857,"loc":{"start":{"line":25,"column":0,"index":809},"end":{"line":25,"column":48,"index":857}}},{"type":"CommentLine","value":"    node options-common.js --pizza-identifierDescription=cheese","start":858,"end":923,"loc":{"start":{"line":26,"column":0,"index":858},"end":{"line":26,"column":65,"index":923}}}]}],"directives":[]},"comments":[{"type":"CommentLine","value":" This is used as an example in the README for:","start":21,"end":69,"loc":{"start":{"line":3,"column":0,"index":21},"end":{"line":3,"column":48,"index":69}}},{"type":"CommentLine","value":"    Common option types, boolean and value","start":70,"end":114,"loc":{"start":{"line":4,"column":0,"index":70},"end":{"line":4,"column":44,"index":114}}},{"type":"CommentLine","value":" const commander = require('commander'); // (normal include)","start":116,"end":178,"loc":{"start":{"line":6,"column":0,"index":116},"end":{"line":6,"column":62,"index":178}}},{"type":"CommentLine","value":" include commander in git clone of commander repo","start":213,"end":264,"loc":{"start":{"line":7,"column":34,"index":213},"end":{"line":7,"column":85,"index":264}}},{"type":"CommentLine","value":" Try the following:","start":755,"end":776,"loc":{"start":{"line":23,"column":0,"index":755},"end":{"line":23,"column":21,"index":776}}},{"type":"CommentLine","value":"    node options-common.js -p","start":777,"end":808,"loc":{"start":{"line":24,"column":0,"index":777},"end":{"line":24,"column":31,"index":808}}},{"type":"CommentLine","value":"    node options-common.js -d -s -p vegetarian","start":809,"end":857,"loc":{"start":{"line":25,"column":0,"index":809},"end":{"line":25,"column":48,"index":857}}},{"type":"CommentLine","value":"    node options-common.js --pizza-identifierDescription=cheese","start":858,"end":923,"loc":{"start":{"line":26,"column":0,"index":858},"end":{"line":26,"column":65,"index":923}}}]}