{"type":"File","start":0,"end":244,"loc":{"start":{"line":1,"column":0,"index":0},"end":{"line":10,"column":0,"index":244}},"errors":[],"program":{"type":"Program","start":0,"end":244,"loc":{"start":{"line":1,"column":0,"index":0},"end":{"line":10,"column":0,"index":244}},"sourceType":"module","interpreter":{"type":"InterpreterDirective","start":0,"end":19,"loc":{"start":{"line":1,"column":0,"index":0},"end":{"line":1,"column":19,"index":19}},"value":"/usr/bin/env node"},"body":[{"type":"VariableDeclaration","start":21,"end":55,"loc":{"start":{"line":3,"column":0,"index":21},"end":{"line":3,"column":34,"index":55}},"declarations":[{"type":"VariableDeclarator","start":27,"end":54,"loc":{"start":{"line":3,"column":6,"index":27},"end":{"line":3,"column":33,"index":54}},"id":{"type":"Identifier","start":27,"end":34,"loc":{"start":{"line":3,"column":6,"index":27},"end":{"line":3,"column":13,"index":34},"identifierName":"program"},"name":"program"},"init":{"type":"CallExpression","start":37,"end":54,"loc":{"start":{"line":3,"column":16,"index":37},"end":{"line":3,"column":33,"index":54}},"callee":{"type":"Identifier","start":37,"end":44,"loc":{"start":{"line":3,"column":16,"index":37},"end":{"line":3,"column":23,"index":44},"identifierName":"require"},"name":"require"},"arguments":[{"type":"StringLiteral","start":45,"end":53,"loc":{"start":{"line":3,"column":24,"index":45},"end":{"line":3,"column":32,"index":53}},"extra":{"rawValue":"../../","raw":"'../../'"},"value":"../../"}]}}],"kind":"const"},{"type":"ExpressionStatement","start":57,"end":243,"loc":{"start":{"line":5,"column":0,"index":57},"end":{"line":9,"column":23,"index":243}},"expression":{"type":"CallExpression","start":57,"end":242,"loc":{"start":{"line":5,"column":0,"index":57},"end":{"line":9,"column":22,"index":242}},"callee":{"type":"MemberExpression","start":57,"end":228,"loc":{"start":{"line":5,"column":0,"index":57},"end":{"line":9,"column":8,"index":228}},"object":{"type":"CallExpression","start":57,"end":219,"loc":{"start":{"line":5,"column":0,"index":57},"end":{"line":8,"column":51,"index":219}},"callee":{"type":"MemberExpression","start":57,"end":178,"loc":{"start":{"line":5,"column":0,"index":57},"end":{"line":8,"column":10,"index":178}},"object":{"type":"CallExpression","start":57,"end":167,"loc":{"start":{"line":5,"column":0,"index":57},"end":{"line":7,"column":51,"index":167}},"callee":{"type":"MemberExpression","start":57,"end":126,"loc":{"start":{"line":5,"column":0,"index":57},"end":{"line":7,"column":10,"index":126}},"object":{"type":"CallExpression","start":57,"end":115,"loc":{"start":{"line":5,"column":0,"index":57},"end":{"line":6,"column":50,"index":115}},"callee":{"type":"MemberExpression","start":57,"end":75,"loc":{"start":{"line":5,"column":0,"index":57},"end":{"line":6,"column":10,"index":75}},"object":{"type":"Identifier","start":57,"end":64,"loc":{"start":{"line":5,"column":0,"index":57},"end":{"line":5,"column":7,"index":64},"identifierName":"program"},"name":"program"},"computed":false,"property":{"type":"Identifier","start":68,"end":75,"loc":{"start":{"line":6,"column":3,"index":68},"end":{"line":6,"column":10,"index":75},"identifierName":"command"},"name":"command"}},"arguments":[{"type":"StringLiteral","start":76,"end":84,"loc":{"start":{"line":6,"column":11,"index":76},"end":{"line":6,"column":19,"index":84}},"extra":{"rawValue":"try-ts","raw":"'try-ts'"},"value":"try-ts"},{"type":"StringLiteral","start":86,"end":114,"loc":{"start":{"line":6,"column":21,"index":86},"end":{"line":6,"column":49,"index":114}},"extra":{"rawValue":"test file extension lookup","raw":"'test file extension lookup'"},"value":"test file extension lookup"}]},"computed":false,"property":{"type":"Identifier","start":119,"end":126,"loc":{"start":{"line":7,"column":3,"index":119},"end":{"line":7,"column":10,"index":126},"identifierName":"command"},"name":"command"}},"arguments":[{"type":"StringLiteral","start":127,"end":136,"loc":{"start":{"line":7,"column":11,"index":127},"end":{"line":7,"column":20,"index":136}},"extra":{"rawValue":"try-cjs","raw":"'try-cjs'"},"value":"try-cjs"},{"type":"StringLiteral","start":138,"end":166,"loc":{"start":{"line":7,"column":22,"index":138},"end":{"line":7,"column":50,"index":166}},"extra":{"rawValue":"test file extension lookup","raw":"'test file extension lookup'"},"value":"test file extension lookup"}]},"computed":false,"property":{"type":"Identifier","start":171,"end":178,"loc":{"start":{"line":8,"column":3,"index":171},"end":{"line":8,"column":10,"index":178},"identifierName":"command"},"name":"command"}},"arguments":[{"type":"StringLiteral","start":179,"end":188,"loc":{"start":{"line":8,"column":11,"index":179},"end":{"line":8,"column":20,"index":188}},"extra":{"rawValue":"try-mjs","raw":"'try-mjs'"},"value":"try-mjs"},{"type":"StringLiteral","start":190,"end":218,"loc":{"start":{"line":8,"column":22,"index":190},"end":{"line":8,"column":50,"index":218}},"extra":{"rawValue":"test file extension lookup","raw":"'test file extension lookup'"},"value":"test file extension lookup"}]},"computed":false,"property":{"type":"Identifier","start":223,"end":228,"loc":{"start":{"line":9,"column":3,"index":223},"end":{"line":9,"column":8,"index":228},"identifierName":"parse"},"name":"parse"}},"arguments":[{"type":"MemberExpression","start":229,"end":241,"loc":{"start":{"line":9,"column":9,"index":229},"end":{"line":9,"column":21,"index":241}},"object":{"type":"Identifier","start":229,"end":236,"loc":{"start":{"line":9,"column":9,"index":229},"end":{"line":9,"column":16,"index":236},"identifierName":"process"},"name":"process"},"computed":false,"property":{"type":"Identifier","start":237,"end":241,"loc":{"start":{"line":9,"column":17,"index":237},"end":{"line":9,"column":21,"index":241},"identifierName":"argv"},"name":"argv"}}]}}],"directives":[]},"comments":[]}