{"type":"File","start":0,"end":28,"loc":{"start":{"line":1,"column":0,"index":0},"end":{"line":2,"column":0,"index":28}},"errors":[],"program":{"type":"Program","start":0,"end":28,"loc":{"start":{"line":1,"column":0,"index":0},"end":{"line":2,"column":0,"index":28}},"sourceType":"module","interpreter":null,"body":[{"type":"ExpressionStatement","start":0,"end":27,"loc":{"start":{"line":1,"column":0,"index":0},"end":{"line":1,"column":27,"index":27}},"expression":{"type":"CallExpression","start":0,"end":26,"loc":{"start":{"line":1,"column":0,"index":0},"end":{"line":1,"column":26,"index":26}},"callee":{"type":"MemberExpression","start":0,"end":11,"loc":{"start":{"line":1,"column":0,"index":0},"end":{"line":1,"column":11,"index":11}},"object":{"type":"Identifier","start":0,"end":7,"loc":{"start":{"line":1,"column":0,"index":0},"end":{"line":1,"column":7,"index":7},"identifierName":"console"},"name":"console"},"computed":false,"property":{"type":"Identifier","start":8,"end":11,"loc":{"start":{"line":1,"column":8,"index":8},"end":{"line":1,"column":11,"index":11},"identifierName":"log"},"name":"log"}},"arguments":[{"type":"StringLiteral","start":12,"end":25,"loc":{"start":{"line":1,"column":12,"index":12},"end":{"line":1,"column":25,"index":25}},"extra":{"rawValue":"cache-clear","raw":"'cache-clear'"},"value":"cache-clear"}]}}],"directives":[]},"comments":[]}