{"type":"File","start":0,"end":1148,"loc":{"start":{"line":1,"column":0,"index":0},"end":{"line":39,"column":0,"index":1148}},"errors":[],"program":{"type":"Program","start":0,"end":1148,"loc":{"start":{"line":1,"column":0,"index":0},"end":{"line":39,"column":0,"index":1148}},"sourceType":"module","interpreter":{"type":"InterpreterDirective","start":0,"end":19,"loc":{"start":{"line":1,"column":0,"index":0},"end":{"line":1,"column":19,"index":19}},"value":"/usr/bin/env node","trailingComments":[{"type":"CommentLine","value":" const { Command, Option } = require('commander'); // (normal include)","start":20,"end":92,"loc":{"start":{"line":2,"column":0,"index":20},"end":{"line":2,"column":72,"index":92}}}]},"body":[{"type":"VariableDeclaration","start":93,"end":136,"loc":{"start":{"line":3,"column":0,"index":93},"end":{"line":3,"column":43,"index":136}},"declarations":[{"type":"VariableDeclarator","start":99,"end":135,"loc":{"start":{"line":3,"column":6,"index":99},"end":{"line":3,"column":42,"index":135}},"id":{"type":"ObjectPattern","start":99,"end":118,"loc":{"start":{"line":3,"column":6,"index":99},"end":{"line":3,"column":25,"index":118}},"properties":[{"type":"ObjectProperty","start":101,"end":108,"loc":{"start":{"line":3,"column":8,"index":101},"end":{"line":3,"column":15,"index":108}},"key":{"type":"Identifier","start":101,"end":108,"loc":{"start":{"line":3,"column":8,"index":101},"end":{"line":3,"column":15,"index":108},"identifierName":"Command"},"name":"Command"},"computed":false,"method":false,"shorthand":true,"value":{"type":"Identifier","start":101,"end":108,"loc":{"start":{"line":3,"column":8,"index":101},"end":{"line":3,"column":15,"index":108},"identifierName":"Command"},"name":"Command"},"extra":{"shorthand":true}},{"type":"ObjectProperty","start":110,"end":116,"loc":{"start":{"line":3,"column":17,"index":110},"end":{"line":3,"column":23,"index":116}},"key":{"type":"Identifier","start":110,"end":116,"loc":{"start":{"line":3,"column":17,"index":110},"end":{"line":3,"column":23,"index":116},"identifierName":"Option"},"name":"Option"},"computed":false,"method":false,"shorthand":true,"value":{"type":"Identifier","start":110,"end":116,"loc":{"start":{"line":3,"column":17,"index":110},"end":{"line":3,"column":23,"index":116},"identifierName":"Option"},"name":"Option"},"extra":{"shorthand":true}}]},"init":{"type":"CallExpression","start":121,"end":135,"loc":{"start":{"line":3,"column":28,"index":121},"end":{"line":3,"column":42,"index":135}},"callee":{"type":"Identifier","start":121,"end":128,"loc":{"start":{"line":3,"column":28,"index":121},"end":{"line":3,"column":35,"index":128},"identifierName":"require"},"name":"require"},"arguments":[{"type":"StringLiteral","start":129,"end":134,"loc":{"start":{"line":3,"column":36,"index":129},"end":{"line":3,"column":41,"index":134}},"extra":{"rawValue":"../","raw":"'../'"},"value":"../"}]}}],"kind":"const","trailingComments":[{"type":"CommentLine","value":" include commander in git clone of commander repo","start":137,"end":188,"loc":{"start":{"line":3,"column":44,"index":137},"end":{"line":3,"column":95,"index":188}}}],"leadingComments":[{"type":"CommentLine","value":" const { Command, Option } = require('commander'); // (normal include)","start":20,"end":92,"loc":{"start":{"line":2,"column":0,"index":20},"end":{"line":2,"column":72,"index":92}}}]},{"type":"VariableDeclaration","start":189,"end":219,"loc":{"start":{"line":4,"column":0,"index":189},"end":{"line":4,"column":30,"index":219}},"declarations":[{"type":"VariableDeclarator","start":195,"end":218,"loc":{"start":{"line":4,"column":6,"index":195},"end":{"line":4,"column":29,"index":218}},"id":{"type":"Identifier","start":195,"end":202,"loc":{"start":{"line":4,"column":6,"index":195},"end":{"line":4,"column":13,"index":202},"identifierName":"program"},"name":"program"},"init":{"type":"NewExpression","start":205,"end":218,"loc":{"start":{"line":4,"column":16,"index":205},"end":{"line":4,"column":29,"index":218}},"callee":{"type":"Identifier","start":209,"end":216,"loc":{"start":{"line":4,"column":20,"index":209},"end":{"line":4,"column":27,"index":216},"identifierName":"Command"},"name":"Command"},"arguments":[]}}],"kind":"const","leadingComments":[{"type":"CommentLine","value":" include commander in git clone of commander repo","start":137,"end":188,"loc":{"start":{"line":3,"column":44,"index":137},"end":{"line":3,"column":95,"index":188}}}]},{"type":"ExpressionStatement","start":221,"end":328,"loc":{"start":{"line":6,"column":0,"index":221},"end":{"line":9,"column":2,"index":328}},"expression":{"type":"CallExpression","start":221,"end":327,"loc":{"start":{"line":6,"column":0,"index":221},"end":{"line":9,"column":1,"index":327}},"callee":{"type":"MemberExpression","start":221,"end":238,"loc":{"start":{"line":6,"column":0,"index":221},"end":{"line":6,"column":17,"index":238}},"object":{"type":"Identifier","start":221,"end":228,"loc":{"start":{"line":6,"column":0,"index":221},"end":{"line":6,"column":7,"index":228},"identifierName":"program"},"name":"program"},"computed":false,"property":{"type":"Identifier","start":229,"end":238,"loc":{"start":{"line":6,"column":8,"index":229},"end":{"line":6,"column":17,"index":238},"identifierName":"addOption"},"name":"addOption"}},"arguments":[{"type":"CallExpression","start":239,"end":325,"loc":{"start":{"line":6,"column":18,"index":239},"end":{"line":8,"column":14,"index":325}},"callee":{"type":"MemberExpression","start":239,"end":317,"loc":{"start":{"line":6,"column":18,"index":239},"end":{"line":8,"column":6,"index":317}},"object":{"type":"CallExpression","start":239,"end":310,"loc":{"start":{"line":6,"column":18,"index":239},"end":{"line":7,"column":14,"index":310}},"callee":{"type":"MemberExpression","start":239,"end":306,"loc":{"start":{"line":6,"column":18,"index":239},"end":{"line":7,"column":10,"index":306}},"object":{"type":"NewExpression","start":239,"end":295,"loc":{"start":{"line":6,"column":18,"index":239},"end":{"line":6,"column":74,"index":295}},"callee":{"type":"Identifier","start":243,"end":249,"loc":{"start":{"line":6,"column":22,"index":243},"end":{"line":6,"column":28,"index":249},"identifierName":"Option"},"name":"Option"},"arguments":[{"type":"StringLiteral","start":250,"end":271,"loc":{"start":{"line":6,"column":29,"index":250},"end":{"line":6,"column":50,"index":271}},"extra":{"rawValue":"-p, --port <number>","raw":"'-p, --port <number>'"},"value":"-p, --port <number>"},{"type":"StringLiteral","start":273,"end":294,"loc":{"start":{"line":6,"column":52,"index":273},"end":{"line":6,"column":73,"index":294}},"extra":{"rawValue":"specify port number","raw":"'specify port number'"},"value":"specify port number"}]},"computed":false,"property":{"type":"Identifier","start":299,"end":306,"loc":{"start":{"line":7,"column":3,"index":299},"end":{"line":7,"column":10,"index":306},"identifierName":"default"},"name":"default"}},"arguments":[{"type":"NumericLiteral","start":307,"end":309,"loc":{"start":{"line":7,"column":11,"index":307},"end":{"line":7,"column":13,"index":309}},"extra":{"rawValue":80,"raw":"80"},"value":80}]},"computed":false,"property":{"type":"Identifier","start":314,"end":317,"loc":{"start":{"line":8,"column":3,"index":314},"end":{"line":8,"column":6,"index":317},"identifierName":"env"},"name":"env"}},"arguments":[{"type":"StringLiteral","start":318,"end":324,"loc":{"start":{"line":8,"column":7,"index":318},"end":{"line":8,"column":13,"index":324}},"extra":{"rawValue":"PORT","raw":"'PORT'"},"value":"PORT"}]}]}},{"type":"ExpressionStatement","start":329,"end":418,"loc":{"start":{"line":10,"column":0,"index":329},"end":{"line":12,"column":2,"index":418}},"expression":{"type":"CallExpression","start":329,"end":417,"loc":{"start":{"line":10,"column":0,"index":329},"end":{"line":12,"column":1,"index":417}},"callee":{"type":"MemberExpression","start":329,"end":346,"loc":{"start":{"line":10,"column":0,"index":329},"end":{"line":10,"column":17,"index":346}},"object":{"type":"Identifier","start":329,"end":336,"loc":{"start":{"line":10,"column":0,"index":329},"end":{"line":10,"column":7,"index":336},"identifierName":"program"},"name":"program"},"computed":false,"property":{"type":"Identifier","start":337,"end":346,"loc":{"start":{"line":10,"column":8,"index":337},"end":{"line":10,"column":17,"index":346},"identifierName":"addOption"},"name":"addOption"}},"arguments":[{"type":"CallExpression","start":347,"end":415,"loc":{"start":{"line":10,"column":18,"index":347},"end":{"line":11,"column":16,"index":415}},"callee":{"type":"MemberExpression","start":347,"end":405,"loc":{"start":{"line":10,"column":18,"index":347},"end":{"line":11,"column":6,"index":405}},"object":{"type":"NewExpression","start":347,"end":398,"loc":{"start":{"line":10,"column":18,"index":347},"end":{"line":10,"column":69,"index":398}},"callee":{"type":"Identifier","start":351,"end":357,"loc":{"start":{"line":10,"column":22,"index":351},"end":{"line":10,"column":28,"index":357},"identifierName":"Option"},"name":"Option"},"arguments":[{"type":"StringLiteral","start":358,"end":372,"loc":{"start":{"line":10,"column":29,"index":358},"end":{"line":10,"column":43,"index":372}},"extra":{"rawValue":"-c, --colour","raw":"'-c, --colour'"},"value":"-c, --colour"},{"type":"StringLiteral","start":374,"end":397,"loc":{"start":{"line":10,"column":45,"index":374},"end":{"line":10,"column":68,"index":397}},"extra":{"rawValue":"turn on colour output","raw":"'turn on colour output'"},"value":"turn on colour output"}]},"computed":false,"property":{"type":"Identifier","start":402,"end":405,"loc":{"start":{"line":11,"column":3,"index":402},"end":{"line":11,"column":6,"index":405},"identifierName":"env"},"name":"env"}},"arguments":[{"type":"StringLiteral","start":406,"end":414,"loc":{"start":{"line":11,"column":7,"index":406},"end":{"line":11,"column":15,"index":414}},"extra":{"rawValue":"COLOUR","raw":"'COLOUR'"},"value":"COLOUR"}]}]}},{"type":"ExpressionStatement","start":419,"end":515,"loc":{"start":{"line":13,"column":0,"index":419},"end":{"line":15,"column":2,"index":515}},"expression":{"type":"CallExpression","start":419,"end":514,"loc":{"start":{"line":13,"column":0,"index":419},"end":{"line":15,"column":1,"index":514}},"callee":{"type":"MemberExpression","start":419,"end":436,"loc":{"start":{"line":13,"column":0,"index":419},"end":{"line":13,"column":17,"index":436}},"object":{"type":"Identifier","start":419,"end":426,"loc":{"start":{"line":13,"column":0,"index":419},"end":{"line":13,"column":7,"index":426},"identifierName":"program"},"name":"program"},"computed":false,"property":{"type":"Identifier","start":427,"end":436,"loc":{"start":{"line":13,"column":8,"index":427},"end":{"line":13,"column":17,"index":436},"identifierName":"addOption"},"name":"addOption"}},"arguments":[{"type":"CallExpression","start":437,"end":512,"loc":{"start":{"line":13,"column":18,"index":437},"end":{"line":14,"column":19,"index":512}},"callee":{"type":"MemberExpression","start":437,"end":499,"loc":{"start":{"line":13,"column":18,"index":437},"end":{"line":14,"column":6,"index":499}},"object":{"type":"NewExpression","start":437,"end":492,"loc":{"start":{"line":13,"column":18,"index":437},"end":{"line":13,"column":73,"index":492}},"callee":{"type":"Identifier","start":441,"end":447,"loc":{"start":{"line":13,"column":22,"index":441},"end":{"line":13,"column":28,"index":447},"identifierName":"Option"},"name":"Option"},"arguments":[{"type":"StringLiteral","start":448,"end":465,"loc":{"start":{"line":13,"column":29,"index":448},"end":{"line":13,"column":46,"index":465}},"extra":{"rawValue":"-C, --no-colour","raw":"'-C, --no-colour'"},"value":"-C, --no-colour"},{"type":"StringLiteral","start":467,"end":491,"loc":{"start":{"line":13,"column":48,"index":467},"end":{"line":13,"column":72,"index":491}},"extra":{"rawValue":"turn off colour output","raw":"'turn off colour output'"},"value":"turn off colour output"}]},"computed":false,"property":{"type":"Identifier","start":496,"end":499,"loc":{"start":{"line":14,"column":3,"index":496},"end":{"line":14,"column":6,"index":499},"identifierName":"env"},"name":"env"}},"arguments":[{"type":"StringLiteral","start":500,"end":511,"loc":{"start":{"line":14,"column":7,"index":500},"end":{"line":14,"column":18,"index":511}},"extra":{"rawValue":"NO_COLOUR","raw":"'NO_COLOUR'"},"value":"NO_COLOUR"}]}]}},{"type":"ExpressionStatement","start":516,"end":666,"loc":{"start":{"line":16,"column":0,"index":516},"end":{"line":19,"column":2,"index":666}},"expression":{"type":"CallExpression","start":516,"end":665,"loc":{"start":{"line":16,"column":0,"index":516},"end":{"line":19,"column":1,"index":665}},"callee":{"type":"MemberExpression","start":516,"end":533,"loc":{"start":{"line":16,"column":0,"index":516},"end":{"line":16,"column":17,"index":533}},"object":{"type":"Identifier","start":516,"end":523,"loc":{"start":{"line":16,"column":0,"index":516},"end":{"line":16,"column":7,"index":523},"identifierName":"program"},"name":"program"},"computed":false,"property":{"type":"Identifier","start":524,"end":533,"loc":{"start":{"line":16,"column":8,"index":524},"end":{"line":16,"column":17,"index":533},"identifierName":"addOption"},"name":"addOption"}},"arguments":[{"type":"CallExpression","start":534,"end":663,"loc":{"start":{"line":16,"column":18,"index":534},"end":{"line":18,"column":14,"index":663}},"callee":{"type":"MemberExpression","start":534,"end":655,"loc":{"start":{"line":16,"column":18,"index":534},"end":{"line":18,"column":6,"index":655}},"object":{"type":"CallExpression","start":534,"end":648,"loc":{"start":{"line":16,"column":18,"index":534},"end":{"line":17,"column":40,"index":648}},"callee":{"type":"MemberExpression","start":534,"end":618,"loc":{"start":{"line":16,"column":18,"index":534},"end":{"line":17,"column":10,"index":618}},"object":{"type":"NewExpression","start":534,"end":607,"loc":{"start":{"line":16,"column":18,"index":534},"end":{"line":16,"column":91,"index":607}},"callee":{"type":"Identifier","start":538,"end":544,"loc":{"start":{"line":16,"column":22,"index":538},"end":{"line":16,"column":28,"index":544},"identifierName":"Option"},"name":"Option"},"arguments":[{"type":"StringLiteral","start":545,"end":581,"loc":{"start":{"line":16,"column":29,"index":545},"end":{"line":16,"column":65,"index":581}},"extra":{"rawValue":"-s, --size <identifierDescription>","raw":"'-s, --size <identifierDescription>'"},"value":"-s, --size <identifierDescription>"},{"type":"StringLiteral","start":583,"end":606,"loc":{"start":{"line":16,"column":67,"index":583},"end":{"line":16,"column":90,"index":606}},"extra":{"rawValue":"specify size of drink","raw":"'specify size of drink'"},"value":"specify size of drink"}]},"computed":false,"property":{"type":"Identifier","start":611,"end":618,"loc":{"start":{"line":17,"column":3,"index":611},"end":{"line":17,"column":10,"index":618},"identifierName":"choices"},"name":"choices"}},"arguments":[{"type":"ArrayExpression","start":619,"end":647,"loc":{"start":{"line":17,"column":11,"index":619},"end":{"line":17,"column":39,"index":647}},"elements":[{"type":"StringLiteral","start":620,"end":627,"loc":{"start":{"line":17,"column":12,"index":620},"end":{"line":17,"column":19,"index":627}},"extra":{"rawValue":"small","raw":"'small'"},"value":"small"},{"type":"StringLiteral","start":629,"end":637,"loc":{"start":{"line":17,"column":21,"index":629},"end":{"line":17,"column":29,"index":637}},"extra":{"rawValue":"medium","raw":"'medium'"},"value":"medium"},{"type":"StringLiteral","start":639,"end":646,"loc":{"start":{"line":17,"column":31,"index":639},"end":{"line":17,"column":38,"index":646}},"extra":{"rawValue":"large","raw":"'large'"},"value":"large"}]}]},"computed":false,"property":{"type":"Identifier","start":652,"end":655,"loc":{"start":{"line":18,"column":3,"index":652},"end":{"line":18,"column":6,"index":655},"identifierName":"env"},"name":"env"}},"arguments":[{"type":"StringLiteral","start":656,"end":662,"loc":{"start":{"line":18,"column":7,"index":656},"end":{"line":18,"column":13,"index":662}},"extra":{"rawValue":"SIZE","raw":"'SIZE'"},"value":"SIZE"}]}]}},{"type":"ExpressionStatement","start":668,"end":684,"loc":{"start":{"line":21,"column":0,"index":668},"end":{"line":21,"column":16,"index":684}},"expression":{"type":"CallExpression","start":668,"end":683,"loc":{"start":{"line":21,"column":0,"index":668},"end":{"line":21,"column":15,"index":683}},"callee":{"type":"MemberExpression","start":668,"end":681,"loc":{"start":{"line":21,"column":0,"index":668},"end":{"line":21,"column":13,"index":681}},"object":{"type":"Identifier","start":668,"end":675,"loc":{"start":{"line":21,"column":0,"index":668},"end":{"line":21,"column":7,"index":675},"identifierName":"program"},"name":"program"},"computed":false,"property":{"type":"Identifier","start":676,"end":681,"loc":{"start":{"line":21,"column":8,"index":676},"end":{"line":21,"column":13,"index":681},"identifierName":"parse"},"name":"parse"}},"arguments":[]}},{"type":"ExpressionStatement","start":685,"end":713,"loc":{"start":{"line":22,"column":0,"index":685},"end":{"line":22,"column":28,"index":713}},"expression":{"type":"CallExpression","start":685,"end":712,"loc":{"start":{"line":22,"column":0,"index":685},"end":{"line":22,"column":27,"index":712}},"callee":{"type":"MemberExpression","start":685,"end":696,"loc":{"start":{"line":22,"column":0,"index":685},"end":{"line":22,"column":11,"index":696}},"object":{"type":"Identifier","start":685,"end":692,"loc":{"start":{"line":22,"column":0,"index":685},"end":{"line":22,"column":7,"index":692},"identifierName":"console"},"name":"console"},"computed":false,"property":{"type":"Identifier","start":693,"end":696,"loc":{"start":{"line":22,"column":8,"index":693},"end":{"line":22,"column":11,"index":696},"identifierName":"log"},"name":"log"}},"arguments":[{"type":"CallExpression","start":697,"end":711,"loc":{"start":{"line":22,"column":12,"index":697},"end":{"line":22,"column":26,"index":711}},"callee":{"type":"MemberExpression","start":697,"end":709,"loc":{"start":{"line":22,"column":12,"index":697},"end":{"line":22,"column":24,"index":709}},"object":{"type":"Identifier","start":697,"end":704,"loc":{"start":{"line":22,"column":12,"index":697},"end":{"line":22,"column":19,"index":704},"identifierName":"program"},"name":"program"},"computed":false,"property":{"type":"Identifier","start":705,"end":709,"loc":{"start":{"line":22,"column":20,"index":705},"end":{"line":22,"column":24,"index":709},"identifierName":"opts"},"name":"opts"}},"arguments":[]}]},"trailingComments":[{"type":"CommentLine","value":" Try the following:","start":715,"end":736,"loc":{"start":{"line":24,"column":0,"index":715},"end":{"line":24,"column":21,"index":736}}},{"type":"CommentLine","value":" node options-env.js --help","start":737,"end":766,"loc":{"start":{"line":25,"column":0,"index":737},"end":{"line":25,"column":29,"index":766}}},{"type":"CommentLine","value":"","start":767,"end":769,"loc":{"start":{"line":26,"column":0,"index":767},"end":{"line":26,"column":2,"index":769}}},{"type":"CommentLine","value":" node options-env.js","start":770,"end":792,"loc":{"start":{"line":27,"column":0,"index":770},"end":{"line":27,"column":22,"index":792}}},{"type":"CommentLine","value":" PORT=9001 node options-env.js","start":793,"end":825,"loc":{"start":{"line":28,"column":0,"index":793},"end":{"line":28,"column":32,"index":825}}},{"type":"CommentLine","value":" PORT=9001 node options-env.js --port 123","start":826,"end":869,"loc":{"start":{"line":29,"column":0,"index":826},"end":{"line":29,"column":43,"index":869}}},{"type":"CommentLine","value":"","start":870,"end":872,"loc":{"start":{"line":30,"column":0,"index":870},"end":{"line":30,"column":2,"index":872}}},{"type":"CommentLine","value":" COLOUR= node options-env.js","start":873,"end":903,"loc":{"start":{"line":31,"column":0,"index":873},"end":{"line":31,"column":30,"index":903}}},{"type":"CommentLine","value":" COLOUR= node options-env.js --no-colour","start":904,"end":946,"loc":{"start":{"line":32,"column":0,"index":904},"end":{"line":32,"column":42,"index":946}}},{"type":"CommentLine","value":" NO_COLOUR= node options-env.js","start":947,"end":980,"loc":{"start":{"line":33,"column":0,"index":947},"end":{"line":33,"column":33,"index":980}}},{"type":"CommentLine","value":" NO_COLOUR= node options-env.js --colour","start":981,"end":1023,"loc":{"start":{"line":34,"column":0,"index":981},"end":{"line":34,"column":42,"index":1023}}},{"type":"CommentLine","value":"","start":1024,"end":1026,"loc":{"start":{"line":35,"column":0,"index":1024},"end":{"line":35,"column":2,"index":1026}}},{"type":"CommentLine","value":" SIZE=small node options-env.js","start":1027,"end":1060,"loc":{"start":{"line":36,"column":0,"index":1027},"end":{"line":36,"column":33,"index":1060}}},{"type":"CommentLine","value":" SIZE=enormous node options-env.js","start":1061,"end":1097,"loc":{"start":{"line":37,"column":0,"index":1061},"end":{"line":37,"column":36,"index":1097}}},{"type":"CommentLine","value":" SIZE=enormous node options-env.js --size=large","start":1098,"end":1147,"loc":{"start":{"line":38,"column":0,"index":1098},"end":{"line":38,"column":49,"index":1147}}}]}],"directives":[]},"comments":[{"type":"CommentLine","value":" const { Command, Option } = require('commander'); // (normal include)","start":20,"end":92,"loc":{"start":{"line":2,"column":0,"index":20},"end":{"line":2,"column":72,"index":92}}},{"type":"CommentLine","value":" include commander in git clone of commander repo","start":137,"end":188,"loc":{"start":{"line":3,"column":44,"index":137},"end":{"line":3,"column":95,"index":188}}},{"type":"CommentLine","value":" Try the following:","start":715,"end":736,"loc":{"start":{"line":24,"column":0,"index":715},"end":{"line":24,"column":21,"index":736}}},{"type":"CommentLine","value":" node options-env.js --help","start":737,"end":766,"loc":{"start":{"line":25,"column":0,"index":737},"end":{"line":25,"column":29,"index":766}}},{"type":"CommentLine","value":"","start":767,"end":769,"loc":{"start":{"line":26,"column":0,"index":767},"end":{"line":26,"column":2,"index":769}}},{"type":"CommentLine","value":" node options-env.js","start":770,"end":792,"loc":{"start":{"line":27,"column":0,"index":770},"end":{"line":27,"column":22,"index":792}}},{"type":"CommentLine","value":" PORT=9001 node options-env.js","start":793,"end":825,"loc":{"start":{"line":28,"column":0,"index":793},"end":{"line":28,"column":32,"index":825}}},{"type":"CommentLine","value":" PORT=9001 node options-env.js --port 123","start":826,"end":869,"loc":{"start":{"line":29,"column":0,"index":826},"end":{"line":29,"column":43,"index":869}}},{"type":"CommentLine","value":"","start":870,"end":872,"loc":{"start":{"line":30,"column":0,"index":870},"end":{"line":30,"column":2,"index":872}}},{"type":"CommentLine","value":" COLOUR= node options-env.js","start":873,"end":903,"loc":{"start":{"line":31,"column":0,"index":873},"end":{"line":31,"column":30,"index":903}}},{"type":"CommentLine","value":" COLOUR= node options-env.js --no-colour","start":904,"end":946,"loc":{"start":{"line":32,"column":0,"index":904},"end":{"line":32,"column":42,"index":946}}},{"type":"CommentLine","value":" NO_COLOUR= node options-env.js","start":947,"end":980,"loc":{"start":{"line":33,"column":0,"index":947},"end":{"line":33,"column":33,"index":980}}},{"type":"CommentLine","value":" NO_COLOUR= node options-env.js --colour","start":981,"end":1023,"loc":{"start":{"line":34,"column":0,"index":981},"end":{"line":34,"column":42,"index":1023}}},{"type":"CommentLine","value":"","start":1024,"end":1026,"loc":{"start":{"line":35,"column":0,"index":1024},"end":{"line":35,"column":2,"index":1026}}},{"type":"CommentLine","value":" SIZE=small node options-env.js","start":1027,"end":1060,"loc":{"start":{"line":36,"column":0,"index":1027},"end":{"line":36,"column":33,"index":1060}}},{"type":"CommentLine","value":" SIZE=enormous node options-env.js","start":1061,"end":1097,"loc":{"start":{"line":37,"column":0,"index":1061},"end":{"line":37,"column":36,"index":1097}}},{"type":"CommentLine","value":" SIZE=enormous node options-env.js --size=large","start":1098,"end":1147,"loc":{"start":{"line":38,"column":0,"index":1098},"end":{"line":38,"column":49,"index":1147}}}]}