{"type":"File","start":0,"end":579,"loc":{"start":{"line":1,"column":0,"index":0},"end":{"line":20,"column":0,"index":579}},"errors":[],"program":{"type":"Program","start":0,"end":579,"loc":{"start":{"line":1,"column":0,"index":0},"end":{"line":20,"column":0,"index":579}},"sourceType":"module","interpreter":{"type":"InterpreterDirective","start":0,"end":19,"loc":{"start":{"line":1,"column":0,"index":0},"end":{"line":1,"column":19,"index":19}},"value":"/usr/bin/env node","trailingComments":[{"type":"CommentLine","value":" This is used as an example in the README for:","start":21,"end":69,"loc":{"start":{"line":3,"column":0,"index":21},"end":{"line":3,"column":48,"index":69}}},{"type":"CommentLine","value":"    Default option value","start":70,"end":96,"loc":{"start":{"line":4,"column":0,"index":70},"end":{"line":4,"column":26,"index":96}}},{"type":"CommentLine","value":" const commander = require('commander'); // (normal include)","start":98,"end":160,"loc":{"start":{"line":6,"column":0,"index":98},"end":{"line":6,"column":62,"index":160}}}]},"body":[{"type":"VariableDeclaration","start":161,"end":194,"loc":{"start":{"line":7,"column":0,"index":161},"end":{"line":7,"column":33,"index":194}},"declarations":[{"type":"VariableDeclarator","start":167,"end":193,"loc":{"start":{"line":7,"column":6,"index":167},"end":{"line":7,"column":32,"index":193}},"id":{"type":"Identifier","start":167,"end":176,"loc":{"start":{"line":7,"column":6,"index":167},"end":{"line":7,"column":15,"index":176},"identifierName":"commander"},"name":"commander"},"init":{"type":"CallExpression","start":179,"end":193,"loc":{"start":{"line":7,"column":18,"index":179},"end":{"line":7,"column":32,"index":193}},"callee":{"type":"Identifier","start":179,"end":186,"loc":{"start":{"line":7,"column":18,"index":179},"end":{"line":7,"column":25,"index":186},"identifierName":"require"},"name":"require"},"arguments":[{"type":"StringLiteral","start":187,"end":192,"loc":{"start":{"line":7,"column":26,"index":187},"end":{"line":7,"column":31,"index":192}},"extra":{"rawValue":"../","raw":"'../'"},"value":"../"}]}}],"kind":"const","trailingComments":[{"type":"CommentLine","value":" include commander in git clone of commander repo","start":195,"end":246,"loc":{"start":{"line":7,"column":34,"index":195},"end":{"line":7,"column":85,"index":246}}}],"leadingComments":[{"type":"CommentLine","value":" This is used as an example in the README for:","start":21,"end":69,"loc":{"start":{"line":3,"column":0,"index":21},"end":{"line":3,"column":48,"index":69}}},{"type":"CommentLine","value":"    Default option value","start":70,"end":96,"loc":{"start":{"line":4,"column":0,"index":70},"end":{"line":4,"column":26,"index":96}}},{"type":"CommentLine","value":" const commander = require('commander'); // (normal include)","start":98,"end":160,"loc":{"start":{"line":6,"column":0,"index":98},"end":{"line":6,"column":62,"index":160}}}]},{"type":"VariableDeclaration","start":247,"end":287,"loc":{"start":{"line":8,"column":0,"index":247},"end":{"line":8,"column":40,"index":287}},"declarations":[{"type":"VariableDeclarator","start":253,"end":286,"loc":{"start":{"line":8,"column":6,"index":253},"end":{"line":8,"column":39,"index":286}},"id":{"type":"Identifier","start":253,"end":260,"loc":{"start":{"line":8,"column":6,"index":253},"end":{"line":8,"column":13,"index":260},"identifierName":"program"},"name":"program"},"init":{"type":"NewExpression","start":263,"end":286,"loc":{"start":{"line":8,"column":16,"index":263},"end":{"line":8,"column":39,"index":286}},"callee":{"type":"MemberExpression","start":267,"end":284,"loc":{"start":{"line":8,"column":20,"index":267},"end":{"line":8,"column":37,"index":284}},"object":{"type":"Identifier","start":267,"end":276,"loc":{"start":{"line":8,"column":20,"index":267},"end":{"line":8,"column":29,"index":276},"identifierName":"commander"},"name":"commander"},"computed":false,"property":{"type":"Identifier","start":277,"end":284,"loc":{"start":{"line":8,"column":30,"index":277},"end":{"line":8,"column":37,"index":284},"identifierName":"Command"},"name":"Command"}},"arguments":[]}}],"kind":"const","leadingComments":[{"type":"CommentLine","value":" include commander in git clone of commander repo","start":195,"end":246,"loc":{"start":{"line":7,"column":34,"index":195},"end":{"line":7,"column":85,"index":246}}}]},{"type":"ExpressionStatement","start":289,"end":408,"loc":{"start":{"line":10,"column":0,"index":289},"end":{"line":11,"column":111,"index":408}},"expression":{"type":"CallExpression","start":289,"end":407,"loc":{"start":{"line":10,"column":0,"index":289},"end":{"line":11,"column":110,"index":407}},"callee":{"type":"MemberExpression","start":289,"end":306,"loc":{"start":{"line":10,"column":0,"index":289},"end":{"line":11,"column":9,"index":306}},"object":{"type":"Identifier","start":289,"end":296,"loc":{"start":{"line":10,"column":0,"index":289},"end":{"line":10,"column":7,"index":296},"identifierName":"program"},"name":"program"},"computed":false,"property":{"type":"Identifier","start":300,"end":306,"loc":{"start":{"line":11,"column":3,"index":300},"end":{"line":11,"column":9,"index":306},"identifierName":"option"},"name":"option"}},"arguments":[{"type":"StringLiteral","start":307,"end":345,"loc":{"start":{"line":11,"column":10,"index":307},"end":{"line":11,"column":48,"index":345}},"extra":{"rawValue":"-c, --cheese <identifierDescription>","raw":"'-c, --cheese <identifierDescription>'"},"value":"-c, --cheese <identifierDescription>"},{"type":"StringLiteral","start":347,"end":398,"loc":{"start":{"line":11,"column":50,"index":347},"end":{"line":11,"column":101,"index":398}},"extra":{"rawValue":"Add the specified identifierDescription of cheese","raw":"'Add the specified identifierDescription of cheese'"},"value":"Add the specified identifierDescription of cheese"},{"type":"StringLiteral","start":400,"end":406,"loc":{"start":{"line":11,"column":103,"index":400},"end":{"line":11,"column":109,"index":406}},"extra":{"rawValue":"blue","raw":"'blue'"},"value":"blue"}]}},{"type":"ExpressionStatement","start":410,"end":426,"loc":{"start":{"line":13,"column":0,"index":410},"end":{"line":13,"column":16,"index":426}},"expression":{"type":"CallExpression","start":410,"end":425,"loc":{"start":{"line":13,"column":0,"index":410},"end":{"line":13,"column":15,"index":425}},"callee":{"type":"MemberExpression","start":410,"end":423,"loc":{"start":{"line":13,"column":0,"index":410},"end":{"line":13,"column":13,"index":423}},"object":{"type":"Identifier","start":410,"end":417,"loc":{"start":{"line":13,"column":0,"index":410},"end":{"line":13,"column":7,"index":417},"identifierName":"program"},"name":"program"},"computed":false,"property":{"type":"Identifier","start":418,"end":423,"loc":{"start":{"line":13,"column":8,"index":418},"end":{"line":13,"column":13,"index":423},"identifierName":"parse"},"name":"parse"}},"arguments":[]}},{"type":"ExpressionStatement","start":428,"end":476,"loc":{"start":{"line":15,"column":0,"index":428},"end":{"line":15,"column":48,"index":476}},"expression":{"type":"CallExpression","start":428,"end":475,"loc":{"start":{"line":15,"column":0,"index":428},"end":{"line":15,"column":47,"index":475}},"callee":{"type":"MemberExpression","start":428,"end":439,"loc":{"start":{"line":15,"column":0,"index":428},"end":{"line":15,"column":11,"index":439}},"object":{"type":"Identifier","start":428,"end":435,"loc":{"start":{"line":15,"column":0,"index":428},"end":{"line":15,"column":7,"index":435},"identifierName":"console"},"name":"console"},"computed":false,"property":{"type":"Identifier","start":436,"end":439,"loc":{"start":{"line":15,"column":8,"index":436},"end":{"line":15,"column":11,"index":439},"identifierName":"log"},"name":"log"}},"arguments":[{"type":"TemplateLiteral","start":440,"end":474,"loc":{"start":{"line":15,"column":12,"index":440},"end":{"line":15,"column":46,"index":474}},"expressions":[{"type":"MemberExpression","start":451,"end":472,"loc":{"start":{"line":15,"column":23,"index":451},"end":{"line":15,"column":44,"index":472}},"object":{"type":"CallExpression","start":451,"end":465,"loc":{"start":{"line":15,"column":23,"index":451},"end":{"line":15,"column":37,"index":465}},"callee":{"type":"MemberExpression","start":451,"end":463,"loc":{"start":{"line":15,"column":23,"index":451},"end":{"line":15,"column":35,"index":463}},"object":{"type":"Identifier","start":451,"end":458,"loc":{"start":{"line":15,"column":23,"index":451},"end":{"line":15,"column":30,"index":458},"identifierName":"program"},"name":"program"},"computed":false,"property":{"type":"Identifier","start":459,"end":463,"loc":{"start":{"line":15,"column":31,"index":459},"end":{"line":15,"column":35,"index":463},"identifierName":"opts"},"name":"opts"}},"arguments":[]},"computed":false,"property":{"type":"Identifier","start":466,"end":472,"loc":{"start":{"line":15,"column":38,"index":466},"end":{"line":15,"column":44,"index":472},"identifierName":"cheese"},"name":"cheese"}}],"quasis":[{"type":"TemplateElement","start":441,"end":449,"loc":{"start":{"line":15,"column":13,"index":441},"end":{"line":15,"column":21,"index":449}},"value":{"raw":"cheese: ","cooked":"cheese: "},"tail":false},{"type":"TemplateElement","start":473,"end":473,"loc":{"start":{"line":15,"column":45,"index":473},"end":{"line":15,"column":45,"index":473}},"value":{"raw":"","cooked":""},"tail":true}]}]},"trailingComments":[{"type":"CommentLine","value":" Try the following:","start":478,"end":499,"loc":{"start":{"line":17,"column":0,"index":478},"end":{"line":17,"column":21,"index":499}}},{"type":"CommentLine","value":"    node options-defaults.js","start":500,"end":530,"loc":{"start":{"line":18,"column":0,"index":500},"end":{"line":18,"column":30,"index":530}}},{"type":"CommentLine","value":"    node options-defaults.js --cheese stilton","start":531,"end":578,"loc":{"start":{"line":19,"column":0,"index":531},"end":{"line":19,"column":47,"index":578}}}]}],"directives":[]},"comments":[{"type":"CommentLine","value":" This is used as an example in the README for:","start":21,"end":69,"loc":{"start":{"line":3,"column":0,"index":21},"end":{"line":3,"column":48,"index":69}}},{"type":"CommentLine","value":"    Default option value","start":70,"end":96,"loc":{"start":{"line":4,"column":0,"index":70},"end":{"line":4,"column":26,"index":96}}},{"type":"CommentLine","value":" const commander = require('commander'); // (normal include)","start":98,"end":160,"loc":{"start":{"line":6,"column":0,"index":98},"end":{"line":6,"column":62,"index":160}}},{"type":"CommentLine","value":" include commander in git clone of commander repo","start":195,"end":246,"loc":{"start":{"line":7,"column":34,"index":195},"end":{"line":7,"column":85,"index":246}}},{"type":"CommentLine","value":" Try the following:","start":478,"end":499,"loc":{"start":{"line":17,"column":0,"index":478},"end":{"line":17,"column":21,"index":499}}},{"type":"CommentLine","value":"    node options-defaults.js","start":500,"end":530,"loc":{"start":{"line":18,"column":0,"index":500},"end":{"line":18,"column":30,"index":530}}},{"type":"CommentLine","value":"    node options-defaults.js --cheese stilton","start":531,"end":578,"loc":{"start":{"line":19,"column":0,"index":531},"end":{"line":19,"column":47,"index":578}}}]}